time,gtx,gty,gt_motion_readings,synthetic_motion_readings
1498674078,6.0785348,7.964114,"[0, 0, 0, 0, 0, 0, 0, 0, 0, 0, 0, 0, 0, 0]",
1498674081,6.0785348,7.964114,"[0, 0, 0, 0, 0, 0, 0, 0, 0, 0, 0, 0, 0, 0]",
1498674084,6.0785348,7.964114,"[0, 0, 0, 0, 0, 0, 0, 0, 0, 0, 0, 0, 0, 0]",
1498674087,6.0785348,7.964114,"[0, 0, 0, 0, 0, 0, 0, 0, 0, 0, 0, 0, 0, 0]",
1498674090,6.0785348,7.964114,"[0, 0, 0, 0, 0, 0, 0, 0, 0, 0, 0, 0, 0, 0]",
1498674093,6.0785348,7.964114,"[0, 0, 0, 0, 0, 0, 0, 0, 0, 0, 0, 0, 0, 0]",
1498674096,6.0785348,7.964114,"[0, 0, 0, 0, 0, 0, 0, 0, 0, 0, 0, 0, 0, 0]",
1498674099,6.0785348,7.964114,"[0, 0, 0, 0, 0, 0, 0, 0, 0, 0, 0, 0, 0, 0]",
1498674102,6.0785348,7.964114,"[0, 0, 0, 0, 0, 0, 0, 0, 0, 0, 0, 0, 0, 0]",
1498674105,6.0785348,7.964114,"[0, 0, 0, 0, 0, 0, 0, 0, 0, 0, 0, 0, 0, 0]",
1498674108,6.0785348,7.964114,"[0, 0, 0, 0, 0, 1, 0, 0, 0, 0, 0, 0, 0, 0]",
1498674111,6.0785348,7.964114,"[0, 0, 0, 0, 0, 0, 0, 0, 0, 0, 0, 0, 0, 0]",
1498674114,6.0785348,7.964114,"[0, 0, 0, 0, 0, 0, 0, 0, 0, 0, 0, 0, 0, 0]",
1498674117,6.0785348,7.964114,"[0, 0, 0, 0, 0, 1, 0, 0, 0, 0, 0, 0, 0, 0]",
1498674120,6.0785348,7.964114,"[0, 0, 0, 0, 0, 1, 0, 0, 0, 0, 0, 0, 0, 0]",
1498674123,6.0785348,7.964114,"[0, 0, 0, 0, 0, 1, 0, 0, 0, 0, 0, 0, 0, 0]",
1498674126,6.0785348,7.964114,"[0, 0, 0, 0, 0, 1, 0, 0, 0, 0, 0, 0, 0, 0]",
1498674129,6.0785348,7.964114,"[0, 0, 0, 0, 0, 1, 0, 0, 0, 0, 0, 0, 0, 0]",
1498674132,6.0785348,7.964114,"[0, 0, 0, 0, 0, 1, 0, 0, 0, 0, 0, 0, 0, 0]",
1498674135,6.0785348,7.964114,"[0, 0, 0, 0, 0, 1, 0, 0, 0, 0, 0, 0, 0, 0]",
1498674138,6.0785348,7.964114,"[0, 0, 0, 0, 0, 1, 0, 0, 0, 0, 0, 0, 0, 0]",
1498674141,6.0785348,7.964114,"[0, 0, 0, 0, 0, 1, 0, 0, 0, 0, 0, 0, 0, 0]",
1498674144,6.0785348,7.964114,"[0, 0, 0, 0, 0, 1, 0, 0, 0, 0, 0, 0, 0, 0]",
1498674147,6.0785348,7.964114,"[0, 0, 0, 0, 0, 1, 0, 0, 0, 0, 0, 0, 0, 0]",
1498674150,6.0785348,7.964114,"[0, 0, 0, 0, 0, 1, 0, 0, 0, 0, 0, 0, 0, 0]",
1498674153,6.0785348,7.964114,"[0, 0, 0, 0, 0, 1, 0, 0, 0, 0, 0, 0, 0, 0]",
1498674156,6.0785348,7.964114,"[0, 0, 0, 0, 0, 1, 0, 0, 0, 0, 0, 0, 0, 0]",
1498674159,6.0785348,7.964114,"[0, 0, 0, 0, 0, 1, 0, 0, 0, 0, 0, 0, 0, 0]",
1498674162,6.0785348,7.964114,"[0, 0, 0, 0, 0, 1, 0, 0, 0, 0, 0, 0, 0, 0]",
1498674165,6.0785348,7.964114,"[0, 0, 0, 0, 0, 1, 0, 0, 0, 0, 0, 0, 0, 0]",
1498674168,6.0785348,7.964114,"[0, 0, 0, 0, 0, 1, 0, 0, 0, 0, 0, 0, 0, 0]",
1498674171,6.0785348,7.964114,"[0, 0, 0, 0, 0, 1, 0, 0, 0, 0, 0, 0, 0, 0]",
1498674174,6.0785348,7.964114,"[0, 0, 0, 0, 0, 1, 0, 0, 0, 0, 0, 0, 0, 0]",
1498674177,6.0785348,7.964114,"[0, 0, 0, 0, 0, 1, 0, 0, 0, 0, 0, 0, 0, 0]",
1498674180,6.0785348,7.964114,"[0, 0, 0, 0, 0, 1, 0, 0, 0, 0, 0, 0, 0, 0]",
1498674183,6.0785348,7.964114,"[0, 0, 0, 0, 0, 1, 0, 0, 0, 0, 0, 0, 0, 0]",
1498674186,6.0785348,7.964114,"[0, 0, 0, 0, 0, 1, 0, 0, 0, 0, 0, 0, 0, 0]",
1498674189,6.0785348,7.964114,"[0, 0, 0, 0, 0, 1, 0, 0, 0, 0, 0, 0, 0, 0]",
1498674192,6.0785348,7.964114,"[0, 0, 0, 0, 0, 1, 0, 0, 0, 0, 0, 0, 0, 0]",
1498674195,6.0785348,7.964114,"[0, 0, 0, 0, 0, 1, 0, 0, 0, 0, 0, 0, 0, 0]",
1498674198,6.0785348,7.964114,"[0, 0, 0, 0, 0, 0, 0, 0, 0, 0, 0, 0, 0, 0]",
1498674201,6.0785348,7.964114,"[0, 0, 0, 0, 0, 1, 0, 0, 0, 0, 0, 0, 0, 0]",
1498674204,6.0785348,7.964114,"[0, 0, 0, 0, 0, 1, 0, 0, 0, 0, 0, 0, 0, 0]",
1498674207,6.0785348,7.964114,"[0, 0, 0, 0, 0, 1, 0, 0, 0, 0, 0, 0, 0, 0]",
1498674210,6.0785348,7.964114,"[0, 0, 0, 0, 0, 1, 0, 0, 0, 0, 0, 0, 0, 0]",
1498674213,6.0785348,7.964114,"[0, 0, 0, 0, 0, 1, 0, 0, 0, 0, 0, 0, 0, 0]",
1498674216,6.0785348,7.964114,"[0, 0, 0, 0, 0, 1, 0, 0, 0, 0, 0, 0, 0, 0]",
1498674219,6.0785348,7.964114,"[0, 0, 0, 0, 0, 1, 0, 0, 0, 0, 0, 0, 0, 0]",
1498674222,6.0785348,7.964114,"[0, 0, 0, 0, 0, 1, 0, 0, 0, 0, 0, 0, 0, 0]",
1498674225,6.0785348,7.964114,"[0, 0, 0, 0, 0, 1, 0, 0, 0, 0, 0, 0, 0, 0]",
1498674228,6.0785348,7.964114,"[0, 0, 0, 0, 0, 1, 0, 0, 0, 0, 0, 0, 0, 0]",
1498674231,6.0785348,7.964114,"[0, 0, 0, 0, 0, 1, 0, 0, 0, 0, 0, 0, 0, 0]",
1498674234,6.0785348,7.964114,"[0, 0, 0, 0, 0, 1, 0, 0, 0, 0, 0, 0, 0, 0]",
1498674237,6.0785348,7.964114,"[0, 0, 0, 0, 0, 1, 0, 0, 0, 0, 0, 0, 0, 0]",
1498674240,6.0785348,7.964114,"[0, 0, 0, 0, 0, 1, 0, 0, 0, 0, 0, 0, 0, 0]",
1498674243,6.0785348,7.964114,"[0, 0, 0, 0, 0, 1, 0, 0, 0, 0, 0, 0, 0, 0]",
1498674246,6.0785348,7.964114,"[0, 0, 0, 0, 0, 1, 0, 0, 0, 0, 0, 0, 0, 0]",
1498674249,6.0785348,7.964114,"[0, 0, 0, 0, 0, 1, 0, 0, 0, 0, 0, 0, 0, 0]",
1498674252,6.0785348,7.964114,"[0, 0, 0, 0, 0, 1, 0, 0, 0, 0, 0, 0, 0, 0]",
1498674255,5.852979,7.67568,"[0, 0, 0, 0, 0, 1, 0, 0, 0, 0, 0, 0, 0, 0]",
1498674258,4.736945,4.419256,"[0, 0, 0, 0, 0, 1, 0, 0, 0, 0, 0, 0, 0, 0]",
1498674261,4.736945,4.419256,"[0, 0, 0, 0, 0, 1, 0, 0, 0, 0, 0, 0, 0, 0]",
1498674264,4.584538,4.419256,"[0, 0, 0, 0, 0, 1, 0, 0, 0, 0, 0, 0, 0, 0]",
1498674267,6.0785348,7.964114,"[0, 0, 0, 0, 0, 1, 0, 0, 0, 0, 0, 0, 0, 0]",
1498674270,6.0785348,7.964114,"[0, 0, 0, 0, 0, 1, 0, 0, 0, 0, 0, 0, 0, 0]",
1498674273,6.05478,7.982856,"[0, 0, 0, 0, 0, 1, 0, 0, 0, 0, 0, 0, 0, 0]",
1498674276,5.191022,8.664332,"[0, 0, 0, 0, 0, 1, 0, 0, 0, 0, 0, 0, 0, 0]",
1498674279,5.191022,8.664332,"[0, 0, 0, 0, 0, 1, 0, 0, 0, 0, 0, 0, 0, 0]",
1498674282,5.191022,8.664332,"[0, 0, 0, 0, 0, 1, 0, 0, 0, 0, 0, 0, 0, 0]",
1498674285,5.191022,8.664332,"[0, 0, 0, 0, 0, 1, 0, 0, 0, 0, 0, 0, 0, 0]",
1498674288,5.191022,8.664332,"[0, 0, 0, 0, 0, 1, 0, 0, 0, 0, 0, 0, 0, 0]",
1498674291,5.191022,8.664332,"[0, 0, 0, 0, 0, 1, 0, 0, 0, 0, 0, 0, 0, 0]",
1498674294,5.191022,8.664332,"[0, 0, 0, 0, 0, 1, 0, 0, 0, 0, 0, 0, 0, 0]",
1498674297,5.191022,8.664332,"[0, 0, 0, 0, 0, 1, 0, 0, 0, 0, 0, 0, 0, 0]",
1498674300,5.191022,8.664332,"[0, 0, 0, 0, 0, 1, 0, 0, 0, 0, 0, 0, 0, 0]",
1498674303,5.191022,8.664332,"[0, 0, 0, 0, 0, 1, 0, 0, 0, 0, 0, 0, 0, 0]",
1498674306,4.654386,8.664332,"[0, 0, 0, 0, 0, 1, 0, 0, 0, 0, 0, 0, 0, 0]",
1498674309,4.654386,8.664332,"[0, 0, 0, 0, 0, 1, 0, 0, 0, 0, 0, 0, 0, 0]",
1498674312,4.654386,8.664332,"[0, 0, 0, 0, 0, 1, 0, 0, 0, 0, 0, 0, 0, 0]",
1498674315,5.474805,8.260954,"[0, 0, 0, 0, 0, 1, 0, 0, 0, 0, 0, 0, 0, 0]",
1498674318,6.0785348,7.964114,"[0, 0, 0, 0, 0, 1, 0, 0, 0, 0, 0, 0, 0, 0]",
1498674321,6.0785348,7.964114,"[0, 0, 0, 0, 0, 1, 0, 0, 0, 0, 0, 0, 0, 0]",
1498674324,6.0785348,7.964114,"[0, 0, 0, 0, 0, 1, 0, 0, 0, 0, 0, 0, 0, 0]",
1498674327,6.0785348,7.964114,"[0, 0, 0, 0, 0, 1, 0, 0, 0, 0, 0, 0, 0, 0]",
1498674330,6.0785348,7.964114,"[0, 0, 0, 0, 0, 1, 0, 0, 0, 0, 0, 0, 0, 0]",
1498674333,6.0785348,7.964114,"[0, 0, 0, 0, 0, 1, 0, 0, 0, 0, 0, 0, 0, 0]",
1498674336,6.0785348,7.964114,"[0, 0, 0, 0, 0, 1, 0, 0, 0, 0, 0, 0, 0, 0]",
1498674339,6.0785348,7.964114,"[0, 0, 0, 0, 0, 1, 0, 0, 0, 0, 0, 0, 0, 0]",
1498674342,6.0785348,7.964114,"[0, 0, 0, 0, 0, 1, 0, 0, 0, 0, 0, 0, 0, 0]",
1498674345,6.0785348,7.964114,"[0, 0, 0, 0, 0, 1, 0, 0, 0, 0, 0, 0, 0, 0]",
1498674348,6.0372551,7.08884,"[0, 0, 0, 0, 0, 1, 0, 0, 0, 0, 0, 0, 0, 0]",
1498674351,6.0372551,7.08884,"[0, 0, 0, 0, 0, 1, 0, 0, 0, 0, 0, 0, 0, 0]",
1498674354,6.0372551,7.08884,"[0, 0, 0, 0, 0, 1, 0, 0, 0, 0, 0, 0, 0, 0]",
1498674357,6.0372551,7.08884,"[0, 0, 0, 0, 0, 1, 0, 0, 0, 0, 0, 0, 0, 0]",
1498674360,6.0564991,7.937027,"[0, 0, 0, 0, 0, 1, 0, 0, 0, 0, 0, 0, 1, 0]",
1498674363,6.0785348,7.964114,"[0, 0, 0, 0, 0, 1, 0, 0, 0, 0, 0, 0, 1, 0]",
1498674366,6.0785348,7.964114,"[0, 0, 0, 0, 0, 1, 0, 0, 0, 0, 0, 0, 1, 0]",
1498674369,6.0785348,7.964114,"[0, 0, 0, 0, 0, 1, 0, 0, 0, 0, 0, 1, 1, 0]",
1498674372,6.0785348,7.964114,"[0, 0, 0, 0, 0, 1, 0, 0, 0, 0, 0, 1, 1, 0]",
1498674375,6.0785348,7.964114,"[0, 0, 0, 0, 0, 1, 0, 0, 0, 0, 0, 1, 1, 0]",
1498674378,4.282869,5.950985,"[0, 0, 0, 0, 0, 1, 0, 0, 0, 0, 0, 1, 0, 0]",
1498674381,3.335691,6.56649,"[0, 0, 0, 0, 0, 1, 0, 0, 0, 0, 0, 1, 0, 0]",
1498674384,2.012487,7.526477,"[0, 0, 0, 0, 0, 1, 0, 0, 0, 0, 0, 1, 0, 0]",
1498674387,2.012487,7.526477,"[0, 0, 0, 0, 0, 1, 0, 0, 0, 0, 0, 1, 0, 0]",
1498674390,2.012487,7.526477,"[0, 0, 0, 0, 0, 1, 0, 0, 0, 0, 0, 1, 1, 0]",
1498674393,2.012487,7.526477,"[0, 0, 0, 0, 0, 1, 0, 0, 0, 0, 0, 1, 1, 0]",
1498674396,2.012487,7.526477,"[0, 0, 0, 0, 0, 1, 0, 0, 0, 0, 0, 1, 1, 0]",
1498674399,2.012487,7.526477,"[0, 0, 0, 0, 0, 1, 0, 0, 0, 0, 0, 0, 1, 0]",
1498674402,2.012487,7.526477,"[0, 0, 0, 0, 0, 1, 0, 0, 0, 0, 0, 0, 1, 0]",
1498674405,2.012487,7.526477,"[0, 0, 0, 0, 0, 1, 0, 0, 0, 0, 0, 0, 1, 0]",
1498674408,3.669473,6.234008,"[0, 0, 0, 0, 0, 1, 0, 0, 0, 0, 0, 0, 1, 0]",
1498674411,4.035191,5.950985,"[1, 0, 0, 0, 0, 1, 0, 0, 0, 0, 0, 0, 1, 0]",
1498674414,4.035191,5.950985,"[1, 0, 0, 0, 0, 1, 0, 0, 1, 0, 0, 0, 1, 0]",
1498674417,4.282869,5.950985,"[1, 0, 0, 0, 0, 1, 0, 0, 1, 0, 0, 0, 1, 0]",
1498674420,4.282869,5.950985,"[0, 0, 0, 0, 0, 1, 0, 0, 1, 0, 0, 0, 1, 0]",
1498674423,3.828792,4.200438,"[0, 0, 0, 0, 0, 1, 0, 0, 0, 0, 0, 0, 0, 0]",
1498674426,3.828792,4.200438,"[0, 0, 0, 0, 0, 1, 0, 0, 0, 0, 0, 0, 0, 0]",
1498674429,3.828792,4.200438,"[0, 0, 0, 0, 0, 1, 0, 0, 0, 0, 0, 0, 0, 0]",
1498674432,3.828792,4.200438,"[0, 0, 0, 0, 0, 1, 0, 0, 0, 0, 0, 0, 0, 0]",
1498674435,3.914321,4.680261,"[0, 0, 0, 0, 0, 1, 0, 0, 0, 0, 0, 0, 0, 0]",
1498674438,4.282869,5.950985,"[0, 0, 0, 0, 0, 1, 0, 0, 0, 0, 0, 0, 0, 0]",
1498674441,4.282869,5.950985,"[0, 0, 0, 0, 0, 1, 0, 0, 0, 0, 0, 0, 0, 0]",
1498674444,4.282869,5.950985,"[0, 0, 0, 0, 0, 1, 0, 0, 0, 0, 0, 0, 0, 0]",
1498674447,4.282869,5.950985,"[0, 0, 0, 0, 0, 1, 0, 0, 0, 0, 0, 0, 0, 0]",
1498674450,5.8927762,5.710284,"[0, 0, 0, 0, 0, 1, 0, 0, 0, 0, 0, 0, 0, 0]",
1498674453,5.8927762,5.710284,"[0, 0, 0, 0, 0, 1, 0, 0, 0, 0, 0, 0, 0, 0]",
1498674456,5.8927762,5.710284,"[0, 0, 0, 0, 0, 1, 0, 0, 0, 0, 0, 0, 0, 0]",
1498674459,5.8927762,5.710284,"[0, 0, 0, 0, 0, 1, 0, 0, 0, 0, 0, 0, 0, 0]",
1498674462,5.8231665,6.009168,"[0, 0, 0, 0, 0, 0, 0, 0, 0, 0, 0, 0, 0, 0]",
1498674465,5.479979,7.482714,"[0, 0, 0, 0, 0, 0, 0, 0, 0, 0, 0, 0, 0, 0]",
1498674468,5.479979,7.482714,"[0, 0, 0, 0, 0, 0, 0, 0, 0, 0, 0, 0, 0, 0]",
1498674471,5.479979,7.482714,"[0, 0, 0, 0, 0, 0, 0, 0, 0, 0, 0, 0, 0, 0]",
1498674474,5.479979,7.482714,"[0, 0, 0, 0, 0, 0, 0, 0, 0, 0, 0, 0, 0, 0]",
1498674477,5.479979,7.482714,"[0, 0, 0, 0, 0, 1, 0, 0, 0, 0, 0, 0, 0, 0]",
1498674480,5.479979,7.482714,"[0, 0, 0, 0, 0, 1, 0, 0, 0, 0, 0, 0, 0, 0]",
1498674483,5.479979,7.482714,"[0, 0, 0, 0, 0, 1, 0, 0, 0, 0, 0, 0, 0, 0]",
1498674486,5.479979,7.482714,"[0, 0, 0, 0, 0, 1, 0, 0, 0, 0, 0, 0, 0, 0]",
1498674489,5.479979,7.482714,"[0, 0, 0, 0, 0, 1, 0, 0, 0, 0, 0, 0, 0, 0]",
1498674492,5.479979,7.482714,"[0, 0, 0, 0, 0, 1, 0, 0, 0, 0, 0, 0, 0, 0]",
1498674495,5.479979,7.482714,"[0, 0, 0, 0, 0, 1, 0, 0, 0, 0, 0, 0, 0, 0]",
1498674498,5.479979,7.482714,"[0, 0, 0, 0, 0, 1, 0, 0, 0, 0, 0, 0, 0, 0]",
1498674501,5.479979,7.482714,"[0, 0, 0, 0, 0, 1, 0, 0, 0, 0, 0, 0, 0, 0]",
1498674504,5.479979,7.482714,"[0, 0, 0, 0, 0, 1, 0, 0, 0, 0, 0, 0, 0, 0]",
1498674507,5.479979,7.482714,"[0, 0, 0, 0, 0, 0, 0, 0, 0, 0, 0, 0, 0, 0]",
1498674510,5.479979,7.482714,"[0, 0, 0, 0, 0, 0, 0, 0, 0, 0, 0, 0, 0, 0]",
1498674513,5.479979,7.482714,"[0, 0, 0, 0, 0, 0, 0, 0, 0, 0, 0, 0, 0, 0]",
1498674516,5.479979,7.482714,"[0, 0, 0, 0, 0, 0, 0, 0, 0, 0, 0, 0, 0, 0]",
1498674519,5.479979,7.482714,"[0, 0, 0, 0, 0, 0, 0, 0, 0, 0, 0, 0, 0, 0]",
1498674522,5.479979,7.482714,"[0, 0, 0, 0, 0, 0, 0, 0, 0, 0, 0, 0, 0, 0]",
1498674525,5.479979,7.482714,"[0, 0, 0, 0, 0, 0, 0, 0, 0, 0, 0, 0, 0, 0]",
1498674528,5.31735,7.274625,"[0, 0, 0, 0, 0, 0, 0, 0, 0, 0, 0, 0, 0, 0]",
1498674531,4.282869,5.950985,"[0, 0, 0, 0, 0, 0, 0, 0, 0, 0, 0, 0, 1, 0]",
1498674534,4.282869,5.950985,"[0, 0, 0, 0, 0, 0, 0, 0, 0, 0, 0, 0, 0, 0]",
1498674537,5.479979,7.482714,"[0, 0, 0, 0, 0, 0, 0, 0, 0, 0, 0, 0, 1, 0]",
1498674540,5.479979,7.482714,"[0, 0, 0, 0, 0, 1, 0, 0, 0, 0, 0, 0, 1, 0]",
1498674543,5.479979,7.482714,"[0, 0, 0, 0, 0, 1, 0, 0, 0, 0, 0, 1, 1, 0]",
1498674546,5.479979,7.482714,"[0, 0, 0, 0, 0, 1, 0, 0, 0, 0, 0, 1, 1, 0]",
1498674549,5.479979,7.482714,"[0, 0, 0, 0, 0, 1, 0, 0, 0, 0, 0, 1, 1, 0]",
1498674552,5.479979,7.482714,"[0, 0, 0, 0, 0, 1, 0, 0, 0, 0, 0, 1, 0, 0]",
1498674555,5.479979,7.482714,"[0, 0, 0, 0, 0, 1, 0, 0, 0, 0, 0, 1, 0, 0]",
1498674558,4.282869,5.950985,"[0, 0, 0, 0, 0, 1, 0, 0, 0, 0, 0, 1, 0, 0]",
1498674561,4.282869,5.950985,"[0, 0, 0, 0, 0, 1, 0, 0, 0, 0, 0, 1, 0, 0]",
1498674564,4.282869,5.950985,"[0, 0, 0, 0, 0, 1, 0, 0, 0, 0, 0, 1, 0, 0]",
1498674567,4.282869,5.950985,"[0, 0, 0, 0, 0, 1, 0, 0, 0, 0, 0, 1, 0, 0]",
1498674570,4.282869,5.950985,"[0, 0, 0, 0, 0, 0, 0, 0, 0, 0, 0, 1, 0, 0]",
1498674573,2.507766,7.133888,"[0, 0, 0, 0, 0, 0, 0, 0, 0, 0, 0, 1, 0, 0]",
1498674576,2.012487,7.526477,"[0, 0, 0, 0, 0, 0, 0, 0, 0, 0, 0, 1, 0, 0]",
1498674579,2.012487,7.526477,"[0, 0, 0, 0, 0, 0, 0, 0, 0, 0, 0, 1, 0, 0]",
1498674582,2.012487,7.526477,"[0, 0, 0, 0, 0, 0, 0, 0, 0, 0, 0, 1, 0, 0]",
1498674585,2.012487,7.526477,"[0, 0, 0, 0, 0, 0, 0, 0, 0, 0, 0, 1, 0, 0]",
1498674588,2.012487,7.526477,"[0, 0, 0, 0, 0, 0, 0, 0, 0, 0, 0, 1, 0, 0]",
1498674591,2.012487,7.526477,"[0, 0, 0, 0, 0, 0, 0, 0, 0, 0, 0, 1, 0, 0]",
1498674594,2.012487,7.526477,"[0, 0, 0, 0, 0, 0, 0, 0, 0, 0, 0, 1, 0, 0]",
1498674597,2.012487,7.526477,"[0, 0, 0, 0, 0, 0, 0, 0, 0, 0, 0, 1, 0, 0]",
1498674600,2.012487,7.526477,"[0, 0, 0, 0, 0, 0, 0, 0, 0, 0, 0, 1, 0, 0]",
1498674603,2.012487,7.526477,"[0, 0, 0, 0, 0, 0, 0, 0, 0, 0, 0, 1, 0, 0]",
1498674606,2.012487,7.526477,"[0, 0, 0, 0, 0, 0, 0, 0, 0, 0, 0, 0, 0, 0]",
1498674609,2.012487,7.526477,"[0, 0, 0, 0, 0, 0, 0, 0, 0, 0, 0, 1, 0, 0]",
1498674612,2.012487,7.526477,"[0, 0, 0, 0, 0, 0, 0, 0, 0, 0, 0, 1, 0, 0]",
1498674615,2.012487,7.526477,"[0, 0, 0, 0, 0, 0, 0, 0, 0, 0, 0, 1, 0, 0]",
1498674618,2.012487,7.526477,"[0, 0, 0, 0, 0, 0, 0, 0, 0, 0, 0, 1, 0, 0]",
1498674621,2.012487,7.526477,"[0, 0, 0, 0, 0, 0, 0, 0, 0, 0, 0, 1, 0, 0]",
1498674624,2.012487,7.526477,"[0, 0, 0, 0, 0, 0, 0, 0, 0, 0, 0, 1, 0, 0]",
1498674627,2.012487,7.526477,"[0, 0, 0, 0, 0, 0, 0, 0, 0, 0, 0, 1, 0, 0]",
1498674630,2.012487,7.526477,"[0, 0, 0, 0, 0, 0, 0, 0, 0, 0, 0, 0, 0, 0]",
1498674633,2.012487,7.526477,"[0, 0, 0, 0, 0, 0, 0, 0, 0, 0, 0, 0, 0, 0]",
1498674636,2.012487,7.526477,"[0, 0, 0, 0, 0, 0, 0, 0, 0, 0, 0, 1, 0, 0]",
1498674639,2.012487,7.526477,"[0, 0, 0, 0, 0, 0, 0, 0, 0, 0, 0, 1, 0, 0]",
1498674642,2.012487,7.526477,"[0, 0, 0, 0, 0, 0, 0, 0, 0, 0, 0, 1, 1, 0]",
1498674645,2.012487,7.526477,"[0, 0, 0, 0, 0, 0, 0, 0, 0, 0, 0, 0, 1, 0]",
1498674648,2.012487,7.526477,"[0, 0, 0, 0, 0, 0, 0, 0, 0, 0, 0, 0, 0, 0]",
1498674651,2.012487,7.526477,"[0, 0, 0, 0, 0, 0, 0, 0, 0, 0, 0, 0, 0, 0]",
1498674654,2.012487,7.526477,"[0, 0, 0, 0, 0, 0, 0, 0, 0, 0, 0, 0, 0, 0]",
1498674657,2.012487,7.526477,"[0, 0, 0, 0, 0, 0, 0, 0, 0, 0, 0, 0, 0, 0]",
1498674660,2.012487,7.526477,"[0, 0, 0, 0, 0, 0, 0, 0, 0, 0, 0, 0, 0, 0]",
1498674663,2.012487,7.526477,"[0, 0, 0, 0, 0, 0, 0, 0, 0, 0, 0, 0, 0, 0]",
1498674666,2.012487,7.526477,"[0, 0, 0, 0, 0, 0, 0, 0, 0, 0, 0, 1, 0, 0]",
1498674669,2.012487,7.526477,"[0, 0, 0, 0, 0, 0, 0, 0, 0, 0, 0, 1, 0, 0]",
1498674672,2.012487,7.526477,"[0, 0, 0, 0, 0, 0, 0, 0, 0, 0, 0, 0, 0, 0]",
1498674675,2.012487,7.526477,"[0, 0, 0, 0, 0, 0, 0, 0, 0, 0, 0, 0, 0, 0]",
1498674678,2.012487,7.526477,"[0, 0, 0, 0, 0, 0, 0, 0, 0, 0, 0, 1, 0, 0]",
1498674681,2.012487,7.526477,"[0, 0, 0, 0, 0, 0, 0, 0, 0, 0, 0, 1, 0, 0]",
1498674684,5.8090157,7.070014,"[0, 0, 0, 0, 0, 0, 0, 0, 0, 0, 0, 1, 0, 0]",
1498674687,6.0372551,7.08884,"[0, 0, 0, 0, 0, 0, 0, 0, 0, 0, 0, 1, 0, 0]",
1498674690,6.0372551,7.08884,"[0, 0, 0, 0, 0, 0, 0, 0, 0, 0, 0, 1, 0, 0]",
1498674693,6.0372551,7.08884,"[0, 0, 0, 0, 0, 0, 0, 0, 0, 0, 0, 1, 0, 0]",
1498674696,6.0372551,7.08884,"[0, 0, 0, 0, 0, 0, 0, 0, 0, 0, 0, 0, 0, 0]",
1498674699,6.0372551,7.08884,"[0, 0, 0, 0, 0, 0, 0, 0, 0, 0, 0, 1, 0, 0]",
1498674702,6.0372551,7.08884,"[0, 0, 0, 0, 0, 0, 0, 0, 0, 0, 0, 1, 0, 0]",
1498674705,6.0372551,7.08884,"[0, 0, 0, 0, 0, 0, 0, 0, 0, 0, 0, 1, 0, 0]",
1498674708,2.651588,8.499681,"[0, 0, 0, 0, 0, 0, 0, 0, 0, 0, 0, 1, 0, 0]",
1498674711,2.012487,7.526477,"[0, 0, 0, 0, 0, 0, 0, 0, 0, 0, 0, 1, 0, 0]",
1498674714,2.012487,7.526477,"[0, 0, 0, 0, 0, 0, 0, 0, 0, 0, 0, 0, 0, 0]",
1498674717,2.012487,7.526477,"[0, 0, 0, 0, 0, 0, 0, 0, 0, 0, 0, 0, 0, 0]",
1498674720,2.012487,7.526477,"[0, 0, 0, 0, 0, 0, 0, 0, 0, 0, 0, 0, 0, 0]",
1498674723,2.012487,7.526477,"[0, 0, 0, 0, 0, 0, 0, 0, 0, 0, 0, 0, 0, 0]",
1498674726,2.012487,7.526477,"[0, 0, 0, 0, 0, 0, 0, 0, 0, 0, 0, 0, 0, 0]",
1498674729,2.012487,7.526477,"[0, 0, 0, 0, 0, 0, 0, 0, 0, 0, 0, 0, 0, 0]",
1498674732,2.012487,7.526477,"[0, 0, 0, 0, 0, 0, 0, 0, 0, 0, 0, 0, 0, 0]",
1498674735,2.012487,7.526477,"[0, 0, 0, 0, 0, 0, 0, 0, 0, 0, 0, 0, 0, 0]",
1498674738,2.012487,7.526477,"[0, 0, 0, 0, 0, 0, 0, 0, 0, 0, 0, 0, 0, 0]",
1498674741,2.012487,7.526477,"[0, 0, 0, 0, 0, 0, 0, 0, 0, 0, 0, 0, 0, 0]",
1498674744,2.012487,7.526477,"[0, 0, 0, 0, 0, 0, 0, 0, 0, 0, 0, 0, 0, 0]",
1498674747,2.012487,7.526477,"[0, 0, 0, 0, 0, 0, 0, 0, 0, 0, 0, 0, 0, 0]",
1498674750,2.012487,7.526477,"[0, 0, 0, 0, 0, 0, 0, 0, 0, 0, 0, 0, 0, 0]",
1498674753,2.012487,7.526477,"[0, 0, 0, 0, 0, 0, 0, 0, 0, 0, 0, 0, 0, 0]",
1498674756,2.012487,7.526477,"[0, 0, 0, 0, 0, 0, 0, 0, 0, 0, 0, 0, 0, 0]",
1498674759,3.108593,6.853366,"[0, 0, 0, 0, 0, 0, 0, 0, 0, 0, 0, 0, 0, 0]",
1498674762,6.0372551,7.08884,"[0, 0, 0, 0, 0, 0, 0, 0, 0, 0, 0, 0, 0, 0]",
1498674765,6.0372551,7.08884,"[0, 0, 0, 0, 0, 0, 0, 0, 0, 0, 0, 0, 0, 0]",
1498674768,6.0372551,7.08884,"[0, 0, 0, 0, 0, 0, 0, 0, 0, 0, 0, 0, 0, 0]",
1498674771,6.0372551,7.08884,"[0, 0, 0, 0, 0, 0, 0, 0, 0, 0, 0, 0, 0, 0]",
1498674774,6.0372551,7.08884,"[0, 0, 0, 0, 0, 0, 0, 0, 0, 0, 0, 0, 0, 0]",
1498674777,6.0372551,7.08884,"[0, 0, 0, 0, 0, 0, 0, 0, 0, 0, 0, 0, 0, 0]",
1498674780,6.0372551,7.08884,"[0, 0, 0, 0, 0, 0, 0, 0, 0, 0, 0, 0, 0, 0]",
1498674783,6.0372551,7.08884,"[0, 0, 0, 0, 0, 0, 0, 0, 0, 0, 0, 0, 0, 0]",
1498674786,6.0372551,7.08884,"[0, 0, 0, 0, 0, 0, 0, 0, 0, 0, 0, 0, 0, 0]",
1498674789,6.0372551,7.08884,"[0, 0, 0, 0, 0, 0, 0, 0, 0, 0, 0, 0, 0, 0]",
1498674792,6.0372551,7.08884,"[0, 0, 0, 0, 0, 0, 0, 0, 0, 0, 0, 0, 0, 0]",
1498674795,6.0372551,7.08884,"[0, 0, 0, 0, 0, 0, 0, 0, 0, 0, 0, 0, 0, 0]",
1498674798,6.0372551,7.08884,"[0, 0, 0, 0, 0, 0, 0, 0, 0, 0, 0, 0, 0, 0]",
1498674801,6.0372551,7.08884,"[0, 0, 0, 0, 0, 0, 0, 0, 0, 0, 0, 0, 0, 0]",
1498674804,6.0372551,7.08884,"[0, 0, 0, 0, 0, 0, 0, 0, 0, 0, 0, 0, 0, 0]",
1498674807,6.0372551,7.08884,"[0, 0, 0, 0, 0, 0, 0, 0, 0, 0, 0, 0, 0, 0]",
1498674810,6.0372551,7.08884,"[0, 0, 0, 0, 0, 0, 0, 0, 0, 0, 0, 0, 0, 0]",
1498674813,6.0372551,7.08884,"[0, 0, 0, 0, 0, 0, 0, 0, 0, 0, 0, 0, 0, 0]",
1498674816,6.0372551,7.08884,"[0, 0, 0, 0, 0, 0, 0, 0, 0, 0, 0, 0, 0, 0]",
1498674819,6.0372551,7.08884,"[0, 0, 0, 0, 0, 0, 0, 0, 0, 0, 0, 0, 0, 0]",
1498674822,6.0372551,7.08884,"[0, 0, 0, 0, 0, 0, 0, 0, 0, 0, 0, 0, 0, 0]",
1498674825,6.0372551,7.08884,"[0, 0, 0, 0, 0, 0, 0, 0, 0, 0, 0, 0, 0, 0]",
1498674828,6.0372551,7.08884,"[0, 0, 0, 0, 0, 0, 0, 0, 0, 0, 0, 0, 0, 0]",
1498674831,6.0372551,7.08884,"[0, 0, 0, 0, 0, 0, 0, 0, 0, 0, 0, 0, 0, 0]",
1498674834,6.0372551,7.08884,"[0, 0, 0, 0, 0, 0, 0, 0, 0, 0, 0, 0, 0, 0]",
1498674837,6.0372551,7.08884,"[0, 0, 0, 0, 0, 0, 0, 0, 0, 0, 0, 0, 0, 0]",
1498674840,6.0372551,7.08884,"[0, 0, 0, 0, 0, 0, 0, 0, 0, 0, 0, 0, 0, 0]",
1498674843,6.0372551,7.08884,"[0, 0, 0, 0, 0, 0, 0, 0, 0, 0, 0, 0, 0, 0]",
1498674846,6.0372551,7.08884,"[0, 0, 0, 0, 0, 0, 0, 0, 0, 0, 0, 0, 0, 0]",
1498674849,6.0372551,7.08884,"[0, 0, 0, 0, 0, 0, 0, 0, 0, 0, 0, 0, 0, 0]",
1498674852,6.0372551,7.08884,"[0, 0, 0, 0, 0, 0, 0, 0, 0, 0, 0, 0, 0, 0]",
1498674855,6.0372551,7.08884,"[0, 0, 0, 0, 0, 0, 0, 0, 0, 0, 0, 0, 0, 0]",
1498674858,6.0372551,7.08884,"[0, 0, 0, 0, 0, 0, 0, 0, 0, 0, 0, 0, 0, 0]",
1498674861,6.0372551,7.08884,"[0, 0, 0, 0, 0, 0, 0, 0, 0, 0, 0, 0, 0, 0]",
1498674864,6.0372551,7.08884,"[0, 0, 0, 0, 0, 0, 0, 0, 0, 0, 0, 0, 0, 0]",
1498674867,6.0372551,7.08884,"[0, 0, 0, 0, 0, 0, 0, 0, 0, 0, 0, 0, 0, 0]",
1498674870,6.0372551,7.08884,"[0, 0, 0, 0, 0, 0, 0, 0, 0, 0, 0, 0, 0, 0]",
1498674873,6.0372551,7.08884,"[0, 0, 0, 0, 0, 0, 0, 0, 0, 0, 0, 0, 0, 0]",
1498674876,6.0372551,7.08884,"[0, 0, 0, 0, 0, 0, 0, 0, 0, 0, 0, 0, 0, 0]",
1498674879,6.0372551,7.08884,"[0, 0, 0, 0, 0, 0, 0, 0, 0, 0, 0, 0, 0, 0]",
1498674882,6.0372551,7.08884,"[0, 0, 0, 0, 0, 0, 0, 0, 0, 0, 0, 0, 0, 0]",
1498674885,6.0372551,7.08884,"[0, 0, 0, 0, 0, 0, 0, 0, 0, 0, 0, 0, 0, 0]",
1498674888,6.0372551,7.08884,"[0, 0, 0, 0, 0, 0, 0, 0, 0, 0, 0, 0, 0, 0]",
1498674891,6.0372551,7.08884,"[0, 0, 0, 0, 0, 0, 0, 0, 0, 0, 0, 0, 0, 0]",
1498674894,6.0372551,7.08884,"[0, 0, 0, 0, 0, 0, 0, 0, 0, 0, 0, 0, 0, 0]",
1498674897,6.0372551,7.08884,"[0, 0, 0, 0, 0, 0, 0, 0, 0, 0, 0, 0, 0, 0]",
1498674900,6.0372551,7.08884,"[0, 0, 0, 0, 0, 0, 0, 0, 0, 0, 0, 0, 0, 0]",
1498674903,6.0372551,7.08884,"[0, 0, 0, 0, 0, 0, 0, 0, 0, 0, 0, 0, 0, 0]",
1498674906,6.0372551,7.08884,"[0, 0, 0, 0, 0, 0, 0, 0, 0, 0, 0, 0, 0, 0]",
1498674909,6.0372551,7.08884,"[0, 0, 0, 0, 0, 0, 0, 0, 0, 0, 0, 0, 0, 0]",
1498674912,6.0372551,7.08884,"[0, 0, 0, 0, 0, 0, 0, 0, 0, 0, 0, 0, 0, 0]",
1498674915,6.0372551,7.08884,"[0, 0, 0, 0, 0, 0, 0, 0, 0, 0, 0, 0, 0, 0]",
1498674918,6.0372551,7.08884,"[0, 0, 0, 0, 0, 0, 0, 0, 0, 0, 0, 0, 0, 0]",
1498674921,6.0372551,7.08884,"[0, 0, 0, 0, 0, 0, 0, 0, 0, 0, 0, 0, 0, 0]",
1498674924,6.0372551,7.08884,"[0, 0, 0, 0, 0, 0, 0, 0, 0, 0, 0, 0, 0, 0]",
1498674927,6.0372551,7.08884,"[0, 0, 0, 0, 0, 0, 0, 0, 0, 0, 0, 0, 0, 0]",
1498674930,6.0372551,7.08884,"[0, 0, 0, 0, 0, 0, 0, 0, 0, 0, 0, 0, 0, 0]",
1498674933,6.0372551,7.08884,"[0, 0, 0, 0, 0, 0, 0, 0, 0, 0, 0, 0, 0, 0]",
1498674936,6.0372551,7.08884,"[0, 0, 0, 0, 0, 0, 0, 0, 0, 0, 0, 0, 0, 0]",
1498674939,6.0372551,7.08884,"[0, 0, 0, 0, 0, 0, 0, 0, 0, 0, 0, 0, 0, 0]",
1498674942,6.0372551,7.08884,"[0, 0, 0, 0, 0, 0, 0, 0, 0, 0, 0, 0, 0, 0]",
1498674945,6.0372551,7.08884,"[0, 0, 0, 0, 0, 0, 0, 0, 0, 0, 0, 0, 0, 0]",
1498674948,6.0372551,7.08884,"[0, 0, 0, 0, 0, 0, 0, 0, 0, 0, 0, 0, 0, 0]",
1498674951,6.0372551,7.08884,"[0, 0, 0, 0, 0, 0, 0, 0, 0, 0, 0, 0, 0, 0]",
1498674954,6.0372551,7.08884,"[0, 0, 0, 0, 0, 0, 0, 0, 0, 0, 0, 0, 0, 0]",
1498674957,6.0372551,7.08884,"[0, 0, 0, 0, 0, 0, 0, 0, 0, 0, 0, 0, 0, 0]",
1498674960,6.0372551,7.08884,"[0, 0, 0, 0, 0, 0, 0, 0, 0, 0, 0, 0, 0, 0]",
1498674963,6.0372551,7.08884,"[0, 0, 0, 0, 0, 0, 0, 0, 0, 0, 0, 0, 0, 0]",
1498674966,6.0372551,7.08884,"[0, 0, 0, 0, 0, 0, 0, 0, 0, 0, 0, 0, 0, 0]",
1498674969,6.0372551,7.08884,"[0, 0, 0, 0, 0, 0, 0, 0, 0, 0, 0, 0, 0, 0]",
1498674972,6.0372551,7.08884,"[0, 0, 0, 0, 0, 0, 0, 0, 0, 0, 0, 0, 0, 0]",
1498674975,6.0372551,7.08884,"[0, 0, 0, 0, 0, 0, 0, 0, 0, 0, 0, 0, 0, 0]",
1498674978,6.0372551,7.08884,"[0, 0, 0, 0, 0, 0, 0, 0, 0, 0, 0, 0, 0, 0]",
1498674981,6.0372551,7.08884,"[0, 0, 0, 0, 0, 0, 0, 0, 0, 0, 0, 0, 0, 0]",
1498674984,6.0372551,7.08884,"[0, 0, 0, 0, 0, 0, 0, 0, 0, 0, 0, 0, 0, 0]",
1498674987,6.0372551,7.08884,"[0, 0, 0, 0, 0, 0, 0, 0, 0, 0, 0, 0, 0, 0]",
1498674990,6.0372551,7.08884,"[0, 0, 0, 0, 0, 0, 0, 0, 0, 0, 0, 1, 0, 0]",
1498674993,6.0372551,7.08884,"[0, 0, 0, 0, 0, 0, 0, 0, 0, 0, 0, 1, 0, 0]",
1498674996,6.0372551,7.08884,"[0, 0, 0, 0, 0, 0, 0, 0, 0, 0, 0, 1, 0, 0]",
1498674999,6.0372551,7.08884,"[0, 0, 0, 0, 0, 0, 0, 0, 0, 0, 0, 1, 0, 0]",
1498675002,6.0372551,7.08884,"[0, 0, 0, 0, 0, 0, 0, 0, 0, 0, 0, 1, 0, 0]",
1498675005,6.0372551,7.08884,"[0, 0, 0, 0, 0, 0, 0, 0, 0, 0, 0, 1, 0, 0]",
1498675008,6.0372551,7.08884,"[0, 0, 0, 0, 0, 0, 0, 0, 0, 0, 0, 0, 0, 0]",
1498675011,6.0372551,7.08884,"[0, 0, 0, 0, 0, 0, 0, 0, 0, 0, 0, 1, 0, 0]",
1498675014,6.0372551,7.08884,"[0, 0, 0, 0, 0, 0, 0, 0, 0, 0, 0, 1, 1, 0]",
1498675017,6.0372551,7.08884,"[0, 0, 0, 0, 0, 0, 0, 0, 0, 0, 0, 0, 0, 0]",
1498675020,6.0372551,7.08884,"[0, 0, 0, 0, 0, 0, 0, 0, 0, 0, 0, 0, 0, 0]",
1498675023,6.0372551,7.08884,"[0, 0, 0, 0, 0, 0, 0, 0, 0, 0, 0, 0, 0, 0]",
1498675026,6.0372551,7.08884,"[0, 0, 0, 0, 0, 0, 0, 0, 0, 0, 0, 0, 0, 0]",
1498675029,6.0372551,7.08884,"[0, 0, 0, 0, 0, 0, 0, 0, 0, 0, 0, 0, 0, 0]",
1498675032,6.0372551,7.08884,"[0, 0, 0, 0, 0, 0, 0, 0, 0, 0, 0, 0, 0, 0]",
1498675035,6.0372551,7.08884,"[0, 0, 0, 0, 0, 0, 0, 0, 0, 0, 0, 0, 0, 0]",
1498675038,2.929392,8.456154,"[0, 0, 0, 0, 0, 0, 0, 0, 0, 0, 0, 0, 0, 0]",
1498675041,2.012487,7.526477,"[0, 0, 0, 0, 0, 0, 0, 0, 0, 0, 0, 0, 0, 0]",
1498675044,2.012487,7.526477,"[0, 0, 0, 0, 0, 0, 0, 0, 0, 0, 0, 0, 0, 0]",
1498675047,2.012487,7.526477,"[0, 0, 0, 0, 0, 0, 0, 0, 0, 0, 0, 0, 0, 0]",
1498675050,2.012487,7.526477,"[0, 0, 0, 0, 0, 0, 0, 0, 0, 0, 0, 1, 0, 0]",
1498675053,2.012487,7.526477,"[0, 0, 0, 0, 0, 0, 0, 0, 0, 0, 0, 1, 0, 0]",
1498675056,2.012487,7.526477,"[0, 0, 0, 0, 0, 0, 0, 0, 0, 0, 0, 1, 0, 0]",
1498675059,2.012487,7.526477,"[0, 0, 0, 0, 0, 0, 0, 0, 0, 0, 0, 1, 0, 0]",
1498675062,2.012487,7.526477,"[0, 0, 0, 0, 0, 0, 0, 0, 0, 0, 0, 1, 0, 0]",
1498675065,2.012487,7.526477,"[0, 0, 0, 0, 0, 0, 0, 0, 0, 0, 0, 0, 0, 0]",
1498675068,3.655272,6.898136,"[0, 0, 0, 0, 0, 0, 0, 0, 0, 0, 0, 0, 0, 0]",
1498675071,6.0372551,7.08884,"[0, 0, 0, 0, 0, 0, 0, 0, 0, 0, 0, 0, 0, 0]",
1498675074,6.0372551,7.08884,"[0, 0, 0, 0, 0, 0, 0, 0, 0, 0, 0, 0, 0, 0]",
1498675077,6.0372551,7.08884,"[0, 0, 0, 0, 0, 0, 0, 0, 0, 0, 0, 0, 0, 0]",
1498675080,6.0372551,7.08884,"[0, 0, 0, 0, 0, 0, 0, 0, 0, 0, 0, 0, 0, 0]",
1498675083,6.0372551,7.08884,"[0, 0, 0, 0, 0, 0, 0, 0, 0, 0, 0, 0, 0, 0]",
1498675086,6.0372551,7.08884,"[0, 0, 0, 0, 0, 0, 0, 0, 0, 0, 0, 0, 0, 0]",
1498675089,6.0372551,7.08884,"[0, 0, 0, 0, 0, 0, 0, 0, 0, 0, 0, 0, 0, 0]",
1498675092,6.0372551,7.08884,"[0, 0, 0, 0, 0, 0, 0, 0, 0, 0, 0, 0, 0, 0]",
1498675095,6.0372551,7.08884,"[0, 0, 0, 0, 0, 0, 0, 0, 0, 0, 0, 0, 0, 0]",
1498675098,6.0372551,7.08884,"[0, 0, 0, 0, 0, 0, 0, 0, 0, 0, 0, 0, 0, 0]",
1498675101,6.0372551,7.08884,"[0, 0, 0, 0, 0, 0, 0, 0, 0, 0, 0, 0, 0, 0]",
1498675104,6.0372551,7.08884,"[0, 0, 0, 0, 0, 0, 0, 0, 0, 0, 0, 0, 0, 0]",
1498675107,5.352881,7.391156,"[0, 0, 0, 0, 0, 0, 0, 0, 0, 0, 0, 0, 0, 0]",
1498675110,2.012487,7.526477,"[0, 0, 0, 0, 0, 0, 0, 0, 0, 0, 0, 0, 0, 0]",
1498675113,2.012487,7.526477,"[0, 0, 0, 0, 0, 0, 0, 0, 0, 0, 0, 0, 0, 0]",
1498675116,2.012487,7.526477,"[0, 0, 0, 0, 0, 0, 0, 0, 0, 0, 0, 0, 0, 0]",
1498675119,2.220001,7.36247,"[0, 0, 0, 0, 0, 0, 0, 0, 0, 0, 0, 0, 0, 0]",
1498675122,6.0372551,7.08884,"[0, 0, 0, 0, 0, 0, 0, 0, 0, 0, 0, 0, 0, 0]",
1498675125,6.0372551,7.08884,"[0, 0, 0, 0, 0, 0, 0, 0, 0, 0, 0, 0, 0, 0]",
1498675128,6.0372551,7.08884,"[0, 0, 0, 0, 0, 0, 0, 0, 0, 0, 0, 0, 0, 0]",
1498675131,5.988057,6.787632,"[0, 0, 0, 0, 0, 0, 0, 0, 0, 0, 0, 0, 0, 0]",
1498675134,6.0702787,4.436761,"[0, 0, 0, 0, 0, 0, 0, 0, 0, 0, 0, 0, 0, 0]",
1498675137,6.0702787,4.436761,"[0, 0, 0, 0, 0, 0, 0, 0, 0, 0, 0, 0, 0, 0]",
1498675140,6.0702787,4.436761,"[0, 0, 0, 0, 0, 0, 0, 0, 0, 0, 0, 0, 0, 0]",
1498675143,5.6976555,5.906672,"[0, 0, 0, 0, 0, 0, 0, 0, 0, 0, 0, 0, 0, 0]",