2.006645,1,2.950675,5.081378,0.105,walk
4.029561,1,2.125154,5.751104,0.1133048,walk
6.05613,1,1.155327,6.039494,0.105,walk
7.354824,1,0.9342618,5.710284,0.115,Clean
7.44802,1,0.9342618,5.710284,0.115,Clean
7.53507,1,0.9342618,5.710284,0.115,Clean
7.702028,1,0.9342618,5.710284,0.115,Clean
7.792902,1,0.9342618,5.710284,0.115,Clean
7.887353,1,0.9342618,5.710284,0.115,Clean
7.9827,1,0.9342618,5.710284,0.115,Clean
8.104733,1,0.9342618,5.710284,0.115,Clean
8.203268,1,0.9342618,5.710284,0.115,Clean
8.298782,1,0.9342618,5.710284,0.115,Clean
8.388809,1,0.9342618,5.710284,0.115,Clean
8.524206,1,0.9342618,5.710284,0.115,Clean
8.615894,1,0.9342618,5.710284,0.115,Clean
8.708303,1,0.9342618,5.710284,0.115,Clean
8.798107,1,0.9342618,5.710284,0.115,Clean
8.889036,1,0.9342618,5.710284,0.115,Clean
9.007437,1,0.9342618,5.710284,0.115,Clean
10.07968,1,0.7212086,5.727891,0.1141059,walk
12.08642,1,0.2529043,5.369395,0.105,walk
14.10085,1,0.5488325,4.411606,0.1143758,walk
16.11771,1,1.510718,4.085159,0.105,walk
17.52568,1,1.801135,4.419256,0.115,Clean
18.1327,1,1.980263,4.255579,0.109782,walk
19.89972,1,2.548297,3.736543,0.105,Clean
20.14108,1,2.577324,3.695179,0.105,walk
21.95955,1,3.039525,3.036543,0.105,Clean
22.10107,1,3.039525,3.036543,0.105,Clean
22.17813,1,3.039525,3.036543,0.105,walk
22.21707,1,3.039525,3.036543,0.105,Clean
22.31506,1,3.039525,3.036543,0.105,Clean
22.46224,1,3.039525,3.036543,0.105,Clean
22.55501,1,3.039525,3.036543,0.105,Clean
22.64322,1,3.039525,3.036543,0.105,Clean
22.73402,1,3.039525,3.036543,0.105,Clean
22.82203,1,3.039525,3.036543,0.105,Clean
22.91332,1,3.039525,3.036543,0.105,Clean
23.00846,1,3.039525,3.036543,0.105,Clean
23.09596,1,3.039525,3.036543,0.105,Clean
23.18638,1,3.039525,3.036543,0.105,Clean
23.27936,1,3.039525,3.036543,0.105,Clean
23.36971,1,3.039525,3.036543,0.105,Clean
23.45746,1,3.039525,3.036543,0.105,Clean
23.5471,1,3.039525,3.036543,0.105,Clean
23.63432,1,3.039525,3.036543,0.105,Clean
23.72262,1,3.039525,3.036543,0.105,Clean
23.82498,1,3.039525,3.036543,0.105,Clean
23.91742,1,3.039525,3.036543,0.105,Clean
24.01446,1,3.039525,3.036543,0.105,Clean
24.10676,1,3.039525,3.036543,0.105,Clean
24.19468,1,3.039525,3.036543,0.105,Clean
24.40322,1,3.039525,3.036543,0.105,Clean
24.49375,1,3.039525,3.036543,0.105,Clean
24.58541,1,3.039525,3.036543,0.105,Clean
24.68695,1,3.039525,3.036543,0.105,Clean
24.78588,1,3.039525,3.036543,0.105,Clean
24.87305,1,3.039525,3.036543,0.105,Clean
24.96062,1,3.039525,3.036543,0.105,Clean
25.06695,1,3.039525,3.036543,0.105,Clean
25.15575,1,3.039525,3.036543,0.105,Clean
25.24122,1,3.039525,3.036543,0.105,Clean
25.32913,1,3.039525,3.036543,0.105,Clean
25.41564,1,3.039525,3.036543,0.105,Clean
25.50791,1,3.039525,3.036543,0.105,Clean
25.59292,1,3.039525,3.036543,0.105,Clean
25.68403,1,3.039525,3.036543,0.105,Clean
25.77434,1,3.039525,3.036543,0.105,Clean
25.86197,1,3.039525,3.036543,0.105,Clean
25.94676,1,3.039525,3.036543,0.105,Clean
26.03532,1,3.039525,3.036543,0.105,Clean
26.12078,1,3.039525,3.036543,0.105,Clean
26.20774,1,3.039525,3.036543,0.105,Clean
26.41397,1,3.039525,3.036543,0.105,Clean
26.50259,1,3.039525,3.036543,0.105,Clean
26.59158,1,3.039525,3.036543,0.105,Clean
26.67852,1,3.039525,3.036543,0.105,Clean
26.76674,1,3.039525,3.036543,0.105,Clean
26.8537,1,3.039525,3.036543,0.105,Clean
26.93883,1,3.039525,3.036543,0.105,Clean
27.02553,1,3.039525,3.036543,0.105,Clean
27.11486,1,3.039525,3.036543,0.105,Clean
27.20251,1,3.039525,3.036543,0.105,Clean
27.28966,1,3.039525,3.036543,0.105,Clean
27.38371,1,3.039525,3.036543,0.105,Clean
27.47125,1,3.039525,3.036543,0.105,Clean
27.60182,1,3.039525,3.036543,0.105,Clean
27.69086,1,3.039525,3.036543,0.105,Clean
27.7846,1,3.039525,3.036543,0.105,Clean
27.87147,1,3.039525,3.036543,0.105,Clean
27.95936,1,3.039525,3.036543,0.105,Clean
28.04809,1,3.039525,3.036543,0.105,Clean
28.13772,1,3.039525,3.036543,0.105,Clean
28.22508,1,3.039525,3.036543,0.105,Clean
28.33688,1,3.039525,3.036543,0.105,Clean
28.42556,1,3.039525,3.036543,0.105,Clean
28.51317,1,3.039525,3.036543,0.105,Clean
28.6,1,3.039525,3.036543,0.105,Clean
28.68712,1,3.039525,3.036543,0.105,Clean
28.77669,1,3.039525,3.036543,0.105,Clean
28.87123,1,3.039525,3.036543,0.105,Clean
28.95777,1,3.039525,3.036543,0.105,Clean
29.0495,1,3.039525,3.036543,0.105,Clean
29.14238,1,3.039525,3.036543,0.105,Clean
29.2323,1,3.039525,3.036543,0.105,Clean
29.32147,1,3.039525,3.036543,0.105,Clean
29.40771,1,3.039525,3.036543,0.105,Clean
29.49418,1,3.039525,3.036543,0.105,Clean
29.58159,1,3.039525,3.036543,0.105,Clean
29.66929,1,3.039525,3.036543,0.105,Clean
29.75796,1,3.039525,3.036543,0.105,Clean
29.84626,1,3.039525,3.036543,0.105,Clean
29.93382,1,3.039525,3.036543,0.105,Clean
30.02094,1,3.039525,3.036543,0.105,Clean
30.13444,1,3.039525,3.036543,0.105,Clean
30.22344,1,3.039525,3.036543,0.105,Clean
30.31182,1,3.039525,3.036543,0.105,Clean
30.41832,1,3.039525,3.036543,0.105,Clean
30.51121,1,3.039525,3.036543,0.105,Clean
30.60195,1,3.039525,3.036543,0.105,Clean
30.6926,1,3.039525,3.036543,0.105,Clean
30.78355,1,3.039525,3.036543,0.105,Clean
30.87652,1,3.039525,3.036543,0.105,Clean
30.96472,1,3.039525,3.036543,0.105,Clean
31.0544,1,3.039525,3.036543,0.105,Clean
31.14246,1,3.039525,3.036543,0.105,Clean
31.22999,1,3.039525,3.036543,0.105,Clean
31.32152,1,3.039525,3.036543,0.105,Clean
31.41632,1,3.039525,3.036543,0.105,Clean
31.50229,1,3.039525,3.036543,0.105,Clean
31.59088,1,3.039525,3.036543,0.105,Clean
31.67833,1,3.039525,3.036543,0.105,Clean
31.76721,1,3.039525,3.036543,0.105,Clean
31.856,1,3.039525,3.036543,0.105,Clean
31.94496,1,3.039525,3.036543,0.105,Clean
32.03382,1,3.039525,3.036543,0.105,Clean
32.12237,1,3.039525,3.036543,0.105,Clean
32.21127,1,3.039525,3.036543,0.105,Clean
32.30004,1,3.039525,3.036543,0.105,Clean
32.39012,1,3.039525,3.036543,0.105,Clean
32.50087,1,3.039525,3.036543,0.105,Clean
32.60979,1,3.039525,3.036543,0.105,Clean
32.70073,1,3.039525,3.036543,0.105,Clean
32.78799,1,3.039525,3.036543,0.105,Clean
32.87725,1,3.039525,3.036543,0.105,Clean
32.96747,1,3.039525,3.036543,0.105,Clean
33.06722,1,3.039525,3.036543,0.105,Clean
33.15975,1,3.039525,3.036543,0.105,Clean
33.24709,1,3.039525,3.036543,0.105,Clean
33.3374,1,3.039525,3.036543,0.105,Clean
33.42604,1,3.039525,3.036543,0.105,Clean
33.51266,1,3.039525,3.036543,0.105,Clean
33.60014,1,3.039525,3.036543,0.105,Clean
33.6892,1,3.039525,3.036543,0.105,Clean
33.77829,1,3.039525,3.036543,0.105,Clean
33.87877,1,3.039525,3.036543,0.105,Clean
33.97882,1,3.039525,3.036543,0.105,Clean
34.07666,1,3.039525,3.036543,0.105,Clean
34.17196,1,3.039525,3.036543,0.105,Clean
34.27476,1,3.039525,3.036543,0.105,Clean
34.37383,1,3.039525,3.036543,0.105,Clean
34.47525,1,3.039525,3.036543,0.105,Clean
34.6044,1,3.039525,3.036543,0.105,Clean
34.7087,1,3.039525,3.036543,0.105,Clean
34.81771,1,3.039525,3.036543,0.105,Clean
34.91819,1,3.039525,3.036543,0.105,Clean
35.02159,1,3.039525,3.036543,0.105,Clean
35.12136,1,3.039525,3.036543,0.105,Clean
35.22151,1,3.039525,3.036543,0.105,Clean
35.34031,1,3.039525,3.036543,0.105,Clean
35.44198,1,3.039525,3.036543,0.105,Clean
35.54623,1,3.039525,3.036543,0.105,Clean
35.64492,1,3.039525,3.036543,0.105,Clean
35.74927,1,3.039525,3.036543,0.105,Clean
35.84916,1,3.039525,3.036543,0.105,Clean
35.95333,1,3.039525,3.036543,0.105,Clean
36.05987,1,3.039525,3.036543,0.105,Clean
36.159,1,3.039525,3.036543,0.105,Clean
36.2638,1,3.039525,3.036543,0.105,Clean
36.36284,1,3.039525,3.036543,0.105,Clean
36.46352,1,3.039525,3.036543,0.105,Clean
36.56485,1,3.039525,3.036543,0.105,Clean
36.69419,1,3.039525,3.036543,0.105,Clean
36.79893,1,3.039525,3.036543,0.105,Clean
36.90038,1,3.039525,3.036543,0.105,Clean
36.99935,1,3.039525,3.036543,0.105,Clean
37.10383,1,3.039525,3.036543,0.105,Clean
37.20333,1,3.039525,3.036543,0.105,Clean
37.30713,1,3.039525,3.036543,0.105,Clean
37.40843,1,3.039525,3.036543,0.105,Clean
37.51117,1,3.039525,3.036543,0.105,Clean
37.61274,1,3.039525,3.036543,0.105,Clean
37.71799,1,3.039525,3.036543,0.105,Clean
37.82263,1,3.039525,3.036543,0.105,Clean
37.92819,1,3.039525,3.036543,0.105,Clean
38.05015,1,3.039525,3.036543,0.105,Clean
38.1529,1,3.039525,3.036543,0.105,Clean
38.27392,1,3.039525,3.036543,0.105,Clean
38.37336,1,3.039525,3.036543,0.105,Clean
38.47432,1,3.039525,3.036543,0.105,Clean
38.57683,1,3.039525,3.036543,0.105,Clean
38.70523,1,3.039525,3.036543,0.105,Clean
38.80654,1,3.039525,3.036543,0.105,Clean
38.90441,1,3.039525,3.036543,0.105,Clean
39.01075,1,3.039525,3.036543,0.105,Clean
39.11407,1,3.039525,3.036543,0.105,Clean
39.21331,1,3.039525,3.036543,0.105,Clean
39.31406,1,3.039525,3.036543,0.105,Clean
39.41552,1,3.039525,3.036543,0.105,Clean
39.51949,1,3.039525,3.036543,0.105,Clean
39.62232,1,3.039525,3.036543,0.105,Clean
39.72861,1,3.039525,3.036543,0.105,Clean
39.82902,1,3.039525,3.036543,0.105,Clean
39.93006,1,3.039525,3.036543,0.105,Clean
40.03344,1,3.039525,3.036543,0.105,Clean
40.13359,1,3.039525,3.036543,0.105,Clean
40.23583,1,3.039525,3.036543,0.105,Clean
40.33707,1,3.039525,3.036543,0.105,Clean
40.43908,1,3.039525,3.036543,0.105,Clean
40.54084,1,3.039525,3.036543,0.105,Clean
40.64189,1,3.039525,3.036543,0.105,Clean
40.77055,1,3.039525,3.036543,0.105,Clean
40.87442,1,3.039525,3.036543,0.105,Clean
40.9753,1,3.039525,3.036543,0.105,Clean
41.11821,1,3.039525,3.036543,0.105,Clean
41.22528,1,3.039525,3.036543,0.105,Clean
41.32439,1,3.039525,3.036543,0.105,Clean
41.43039,1,3.039525,3.036543,0.105,Clean
41.53516,1,3.039525,3.036543,0.105,Clean
41.65097,1,3.039525,3.036543,0.105,Clean
41.75698,1,3.039525,3.036543,0.105,Clean
41.85813,1,3.039525,3.036543,0.105,Clean
41.95693,1,3.039525,3.036543,0.105,Clean
42.06026,1,3.039525,3.036543,0.105,Clean
42.16061,1,3.039525,3.036543,0.105,Clean
42.26389,1,3.039525,3.036543,0.105,Clean
42.36627,1,3.039525,3.036543,0.105,Clean
42.47127,1,3.039525,3.036543,0.105,Clean
42.57228,1,3.039525,3.036543,0.105,Clean
42.67805,1,3.039525,3.036543,0.105,Clean
42.80574,1,3.039525,3.036543,0.105,Clean
42.91566,1,3.039525,3.036543,0.105,Clean
43.02687,1,3.039525,3.036543,0.105,Clean
43.12816,1,3.039525,3.036543,0.105,Clean
43.23224,1,3.039525,3.036543,0.105,Clean
43.35215,1,3.039525,3.036543,0.105,Clean
43.45913,1,3.039525,3.036543,0.105,Clean
43.56905,1,3.039525,3.036543,0.105,Clean
43.67044,1,3.039525,3.036543,0.105,Clean
43.77639,1,3.039525,3.036543,0.105,Clean
43.88311,1,3.039525,3.036543,0.105,Clean
43.98802,1,3.039525,3.036543,0.105,Clean
44.1121,1,3.039525,3.036543,0.105,Clean
44.21865,1,3.039525,3.036543,0.105,Clean
44.32769,1,3.039525,3.036543,0.105,Clean
44.434,1,3.039525,3.036543,0.105,Clean
44.53777,1,3.039525,3.036543,0.105,Clean
44.64593,1,3.039525,3.036543,0.105,Clean
44.75899,1,3.039525,3.036543,0.105,Clean
44.90294,1,3.039525,3.036543,0.105,Clean
45.02621,1,3.039525,3.036543,0.105,Clean
45.139,1,3.039525,3.036543,0.105,Clean
45.24582,1,3.039525,3.036543,0.105,Clean
45.35218,1,3.039525,3.036543,0.105,Clean
45.45762,1,3.039525,3.036543,0.105,Clean
45.56232,1,3.039525,3.036543,0.105,Clean
45.6737,1,3.039525,3.036543,0.105,Clean
45.78201,1,3.039525,3.036543,0.105,Clean
45.88962,1,3.039525,3.036543,0.105,Clean
45.99927,1,3.039525,3.036543,0.105,Clean
46.10537,1,3.039525,3.036543,0.105,Clean
46.21226,1,3.039525,3.036543,0.105,Clean
46.32017,1,3.039525,3.036543,0.105,Clean
46.43364,1,3.039525,3.036543,0.105,Clean
46.54359,1,3.039525,3.036543,0.105,Clean
46.6513,1,3.039525,3.036543,0.105,Clean
46.76827,1,3.039525,3.036543,0.105,Clean
46.90602,1,3.039525,3.036543,0.105,Clean
47.01012,1,3.039525,3.036543,0.105,Clean
47.12038,1,3.039525,3.036543,0.105,Clean
47.226,1,3.039525,3.036543,0.105,Clean
47.33266,1,3.039525,3.036543,0.105,Clean
47.43687,1,3.039525,3.036543,0.105,Clean
47.54805,1,3.039525,3.036543,0.105,Clean
47.65641,1,3.039525,3.036543,0.105,Clean
47.76802,1,3.039525,3.036543,0.105,Clean
47.88126,1,3.039525,3.036543,0.105,Clean
47.99189,1,3.039525,3.036543,0.105,Clean
48.10072,1,3.039525,3.036543,0.105,Clean
48.22878,1,3.039525,3.036543,0.105,Clean
48.34599,1,3.039525,3.036543,0.105,Clean
48.4546,1,3.039525,3.036543,0.105,Clean
48.55922,1,3.039525,3.036543,0.105,Clean
48.68439,1,3.039525,3.036543,0.105,Clean
48.79242,1,3.039525,3.036543,0.105,Clean
50.90001,1,3.529019,3.78159,0.105,walk
52.32653,1,4.06163,3.996543,0.105,Clean
52.93027,1,4.211956,4.181559,0.105,walk
54.94936,1,4.832663,4.945505,0.105,walk
55.11126,1,4.84163,4.956542,0.105,Clean
56.96849,1,5.396713,5.431494,0.105,walk
58.55146,1,5.881631,5.710284,0.105,Clean
58.67247,1,5.881631,5.710284,0.105,Clean
58.79494,1,5.881631,5.710284,0.105,Clean
58.9114,1,5.881631,5.710284,0.105,Clean
59.06036,1,5.881631,5.710284,0.105,Clean
59.18813,1,5.881631,5.710284,0.105,Clean
59.30225,1,5.881631,5.710284,0.105,Clean
59.42022,1,5.881631,5.710284,0.105,Clean
59.53554,1,5.881631,5.710284,0.105,Clean
59.65279,1,5.881631,5.710284,0.105,Clean
61.03952,1,5.33534,5.379487,0.105,walk
63.04648,1,4.743796,4.483407,0.105,walk
65.04958,1,4.17604,3.567745,0.105,walk
67.05078,1,3.832211,2.616687,0.105,walk
69.07669,1,3.839468,1.508447,0.105,walk
71.09571,1,3.979035,0.4395519,0.105,walk
71.76699,1,4.08163,0.2365426,0.105,Clean
71.8773,1,4.08163,0.2365426,0.105,Clean
71.98835,1,4.08163,0.2365426,0.105,Clean
72.1131,1,4.08163,0.2365426,0.105,Clean
72.22191,1,4.08163,0.2365426,0.105,Clean
72.33096,1,4.08163,0.2365426,0.105,Clean
72.4531,1,4.08163,0.2365426,0.105,Clean
72.55781,1,4.08163,0.2365426,0.105,Clean
72.66026,1,4.08163,0.2365426,0.105,Clean
72.76406,1,4.08163,0.2365426,0.105,Clean
72.86776,1,4.08163,0.2365426,0.105,Clean
72.97497,1,4.08163,0.2365426,0.105,Clean
73.08176,1,4.08163,0.2365426,0.105,Clean
73.17065,1,4.08163,0.2365426,0.105,walk
75.18607,1,3.809853,1.177622,0.105,walk
77.20187,1,3.735377,2.277526,0.105,walk
79.23065,1,4.183098,3.260034,0.105,walk
81.24822,1,4.694716,4.221257,0.105,walk
83.24886,1,5.200554,5.173151,0.105,walk
85.26427,1,5.77757,5.65957,0.105,walk
85.72782,1,5.881631,5.710284,0.105,Clean
85.84228,1,5.881631,5.710284,0.105,Clean
85.95252,1,5.881631,5.710284,0.105,Clean
86.06023,1,5.881631,5.710284,0.105,Clean
86.16743,1,5.881631,5.710284,0.105,Clean
86.27417,1,5.881631,5.710284,0.105,Clean
86.3823,1,5.881631,5.710284,0.105,Clean
86.49227,1,5.881631,5.710284,0.105,Clean
86.60429,1,5.881631,5.710284,0.105,Clean
86.73299,1,5.881631,5.710284,0.105,Clean
86.84913,1,5.881631,5.710284,0.105,Clean
86.95202,1,5.881631,5.710284,0.105,Clean
87.07468,1,5.881631,5.710284,0.105,Clean
87.19366,1,5.881631,5.710284,0.105,Clean
87.34448,1,5.881631,5.710284,0.105,Clean
87.45551,1,5.881631,5.710284,0.105,Clean
87.5681,1,5.881631,5.710284,0.105,Clean
87.67707,1,5.881631,5.710284,0.105,Clean
87.7846,1,5.881631,5.710284,0.105,Clean
87.88913,1,5.881631,5.710284,0.105,Clean
87.99653,1,5.881631,5.710284,0.105,Clean
88.10101,1,5.881631,5.710284,0.105,Clean
88.20658,1,5.881631,5.710284,0.105,Clean
88.31377,1,5.881631,5.710284,0.105,Clean
88.41811,1,5.881631,5.710284,0.105,Clean
88.54072,1,5.881631,5.710284,0.105,Clean
88.64672,1,5.881631,5.710284,0.105,Clean
88.7533,1,5.881631,5.710284,0.105,Clean
88.8598,1,5.881631,5.710284,0.105,Clean
88.96688,1,5.881631,5.710284,0.105,Clean
89.06942,1,5.881631,5.710284,0.105,Clean
89.17173,1,5.881631,5.710284,0.105,Clean
89.27792,1,5.881631,5.710284,0.105,Clean
89.43401,1,5.881631,5.710284,0.105,Clean
89.97454,1,5.929102,5.710284,0.105,Clean
91.41282,1,5.277164,5.710284,0.105,walk
93.41597,1,4.367846,5.945604,0.105,walk
95.44437,1,4.367323,7.051449,0.105,walk
97.25405,1,5.000309,7.198249,0.105,Clean
97.46025,1,5.000309,7.198249,0.105,Clean
97.61279,1,5.000309,7.198249,0.105,Clean
97.73518,1,5.000309,7.198249,0.105,Clean
97.85442,1,5.000309,7.198249,0.105,Clean
97.98055,1,5.000309,7.198249,0.105,Clean
98.11785,1,5.000309,7.198249,0.105,Clean
98.27965,1,5.000309,7.198249,0.105,Clean
98.50621,1,5.000309,7.198249,0.105,Clean
98.70109,1,5.000309,7.198249,0.105,Clean
98.88343,1,5.000309,7.198249,0.105,Clean
99.02223,1,5.000309,7.198249,0.105,Clean
99.20089,1,5.000309,7.198249,0.105,Clean
99.57182,1,4.893322,7.198468,0.105,walk
101.5769,1,4.360427,6.711066,0.105,walk
103.5931,1,4.559963,5.711401,0.105,walk
105.621,1,5.602345,5.704959,0.105,walk
106.4874,1,5.881631,5.710284,0.105,Clean
107.6272,1,5.444878,5.479927,0.105,walk
109.6567,1,5.537969,4.703177,0.105,walk
110.2294,1,5.640144,4.70372,0.105,Clean
111.6784,1,5.215073,5.146685,0.105,walk
112.6708,1,5.13163,5.50321,0.105,Clean
113.6786,1,4.726535,5.650989,0.105,walk
115.7,1,4.37239,6.36968,0.105,walk
115.746,1,4.37239,6.36968,0.105,Clean
117.6172,1,3.88163,6.947654,0.105,Clean
117.7627,1,3.88163,6.947654,0.105,walk
119.3921,1,3.452322,7.236543,0.105,Clean
119.7768,1,3.452322,7.18927,0.105,walk
119.8532,1,3.452322,7.18927,0.105,Clean
121.3364,1,3.763307,6.930565,0.105,Clean
121.6319,1,3.791317,6.937989,0.105,Clean
121.9595,1,3.819328,6.945413,0.105,Clean
122.3095,1,3.847339,6.952837,0.105,Clean
122.6533,1,3.877085,6.952907,0.105,Clean
123.5386,1,3.999813,6.811088,0.105,Clean
123.868,1,4.05203,6.750748,0.105,walk
124.4073,1,4.12254,6.66927,0.105,Clean
125.2664,1,4.245266,6.527452,0.105,Clean
126.0948,1,4.367994,6.385633,0.105,Clean
126.5557,1,4.372995,6.3376,0.105,Clean
126.9602,1,4.373903,6.289478,0.105,Clean
127.3836,1,4.374811,6.241358,0.105,Clean
127.7877,1,4.375719,6.193237,0.105,Clean
128.54,1,4.376627,6.145115,0.105,Clean
128.9415,1,4.377534,6.096996,0.105,Clean
130.3058,1,4.677908,5.708439,0.105,walk
130.6075,1,4.736176,5.710284,0.105,Clean
131.3591,1,4.858903,5.710285,0.105,Clean
131.7203,1,4.899812,5.710284,0.105,Clean
132.1031,1,4.940722,5.710284,0.105,Clean
132.3245,1,4.956614,5.697176,0.105,walk
132.5022,1,4.98163,5.676543,0.105,Clean
133.0201,1,5.02254,5.62927,0.105,Clean
133.663,1,5.063448,5.581998,0.105,Clean
134.2761,1,5.104357,5.534725,0.105,Clean
134.4143,1,5.104357,5.534725,0.105,walk
134.7642,1,5.145267,5.487452,0.105,Clean
135.8078,1,5.239218,5.185684,0.105,Clean
136.4488,1,5.251912,5.031299,0.105,walk
136.6141,1,5.25737,5.018023,0.105,Clean
137.2498,1,5.278388,4.962316,0.105,Clean
138.1009,1,5.368016,4.81717,0.105,Clean
138.4539,1,5.423821,4.762413,0.105,walk
138.8004,1,5.484097,4.731734,0.105,Clean
139.7339,1,5.636176,4.70372,0.105,Clean
139.8699,1,5.640144,4.70372,0.105,Clean
139.9869,1,5.640144,4.70372,0.105,Clean
140.139,1,5.640144,4.70372,0.105,Clean
140.2953,1,5.640144,4.70372,0.105,Clean
140.4868,1,5.614385,4.70372,0.105,walk
142.5024,1,4.769473,5.28657,0.105,walk
144.5345,1,3.934894,5.959557,0.105,walk
146.551,1,3.106693,6.627402,0.1080476,walk
148.5731,1,2.276255,7.297049,0.1064195,walk
150.3274,1,1.68163,7.776542,0.1102854,Clean
150.6026,1,1.723497,7.742321,0.1100117,walk
152.6191,1,2.547495,7.068793,0.105,walk
153.6234,1,2.83163,6.836543,0.105,Clean
153.7611,1,2.83163,6.836543,0.105,Clean
153.8808,1,2.83163,6.836543,0.105,Clean
154.0302,1,2.83163,6.836543,0.105,Clean
154.1768,1,2.83163,6.836543,0.105,Clean
154.3257,1,2.83163,6.836543,0.105,Clean
154.4613,1,2.83163,6.836543,0.105,Clean
154.5936,1,2.83163,6.836543,0.105,Clean
154.7512,1,2.83163,6.836543,0.105,Clean
154.8584,1,2.83163,6.836543,0.105,Clean
156.7035,1,2.677305,7.748543,0.1062846,walk
158.7356,1,2.492142,8.842771,0.105,walk
160.2528,1,2.38163,9.495843,0.105,Clean
160.4312,1,2.38163,9.495843,0.105,Clean
160.5619,1,2.38163,9.495843,0.105,Clean
160.692,1,2.38163,9.495843,0.105,Clean
160.8418,1,2.38163,9.495843,0.105,Clean
162.5636,1,1.73163,9.495843,0.105,Clean
162.8211,1,1.779398,9.495843,0.105,walk
163.6573,1,2.05663,9.495843,0.105,Clean
164.7883,1,2.38163,9.495843,0.105,Clean
166.9571,1,2.59044,8.466366,0.105,walk
167.3336,1,2.60663,8.386542,0.1052896,Clean
168.9669,1,2.71351,7.650263,0.1058288,walk
169.1825,1,2.719131,7.611543,0.1056832,Clean
170.9981,1,2.831282,6.838943,0.105,walk
171.1149,1,2.83163,6.836543,0.105,Clean
171.2237,1,2.83163,6.836543,0.105,Clean
171.3365,1,2.83163,6.836543,0.105,Clean
171.4477,1,2.83163,6.836543,0.105,Clean
171.6246,1,2.83163,6.836543,0.105,Clean
171.7486,1,2.83163,6.836543,0.105,Clean
171.8676,1,2.83163,6.836543,0.105,Clean
171.983,1,2.83163,6.836543,0.105,Clean
172.0988,1,2.83163,6.836543,0.105,Clean
172.2218,1,2.83163,6.836543,0.105,Clean
172.3452,1,2.83163,6.836543,0.105,Clean
172.4603,1,2.83163,6.836543,0.105,Clean
172.5748,1,2.83163,6.836543,0.105,Clean
172.6862,1,2.83163,6.836543,0.105,Clean
172.7973,1,2.83163,6.836543,0.105,Clean
172.9019,1,2.83163,6.836543,0.105,Clean
173.0613,1,2.83163,6.836543,0.105,Clean
173.1847,1,2.83163,6.836543,0.105,Clean
173.3269,1,2.83163,6.836543,0.105,Clean
173.4758,1,2.83163,6.836543,0.105,Clean
173.6068,1,2.83163,6.836543,0.105,Clean
173.7376,1,2.83163,6.836543,0.105,Clean
173.8723,1,2.83163,6.836543,0.105,Clean
173.9964,1,2.83163,6.836543,0.105,Clean
174.1309,1,2.83163,6.836543,0.105,Clean
174.2654,1,2.83163,6.836543,0.105,Clean
174.3743,1,2.83163,6.836543,0.105,Clean
174.4857,1,2.83163,6.836543,0.105,Clean
175.0071,1,2.797946,7.035605,0.105,walk
177.0081,1,2.61562,8.11307,0.1076901,walk
179.0151,1,2.432756,9.193714,0.105,walk
179.8903,1,2.38163,9.495843,0.105,Clean
180.0987,1,2.38163,9.495843,0.105,Clean
180.2156,1,2.38163,9.495843,0.105,Clean
180.3396,1,2.38163,9.495843,0.105,Clean
180.4592,1,2.38163,9.495843,0.105,Clean
181.0223,1,2.423253,9.277044,0.105,walk
183.0248,1,2.626608,8.208078,0.1079501,walk
183.524,1,2.65163,8.076543,0.1074321,Clean
185.032,1,2.756359,7.355077,0.105,walk
186.2698,1,2.83163,6.836543,0.105,Clean
186.4456,1,2.83163,6.836543,0.105,Clean
186.5639,1,2.83163,6.836543,0.105,Clean
186.6765,1,2.83163,6.836543,0.105,Clean
186.7901,1,2.83163,6.836543,0.105,Clean
186.9071,1,2.83163,6.836543,0.105,Clean
187.0235,1,2.83163,6.836543,0.105,Clean
187.1897,1,2.83163,6.836543,0.105,Clean
187.3036,1,2.83163,6.836543,0.105,Clean
187.4222,1,2.83163,6.836543,0.105,Clean
187.5335,1,2.83163,6.836543,0.105,Clean
187.6433,1,2.83163,6.836543,0.105,Clean
187.7505,1,2.83163,6.836543,0.105,Clean
187.8606,1,2.83163,6.836543,0.105,Clean
187.9647,1,2.83163,6.836543,0.105,Clean
188.0697,1,2.83163,6.836543,0.105,Clean
188.1783,1,2.83163,6.836543,0.105,Clean
188.2834,1,2.83163,6.836543,0.105,Clean
188.3918,1,2.83163,6.836543,0.105,Clean
188.494,1,2.83163,6.836543,0.105,Clean
188.6176,1,2.83163,6.836543,0.105,Clean
188.7237,1,2.83163,6.836543,0.105,Clean
188.8314,1,2.83163,6.836543,0.105,Clean
188.9458,1,2.83163,6.836543,0.105,Clean
189.0518,1,2.83163,6.836543,0.105,Clean
189.1897,1,2.83163,6.836543,0.105,Clean
189.2981,1,2.83163,6.836543,0.105,Clean
189.4031,1,2.83163,6.836543,0.105,Clean
189.5126,1,2.83163,6.836543,0.105,Clean
189.6255,1,2.83163,6.836543,0.105,Clean
189.7314,1,2.83163,6.836543,0.105,Clean
189.8417,1,2.83163,6.836543,0.105,Clean
189.9492,1,2.83163,6.836543,0.105,Clean
190.0569,1,2.83163,6.836543,0.105,Clean
190.1712,1,2.83163,6.836543,0.105,Clean
190.2757,1,2.83163,6.836543,0.105,Clean
190.3807,1,2.83163,6.836543,0.105,Clean
190.4896,1,2.83163,6.836543,0.105,Clean
190.5964,1,2.83163,6.836543,0.105,Clean
190.703,1,2.83163,6.836543,0.105,Clean
190.8154,1,2.83163,6.836543,0.105,Clean
190.9243,1,2.83163,6.836543,0.105,Clean
191.0332,1,2.83163,6.836543,0.105,Clean
191.1429,1,2.83163,6.836543,0.105,Clean
191.2876,1,2.83163,6.836543,0.105,Clean
191.3999,1,2.83163,6.836543,0.105,Clean
191.518,1,2.83163,6.836543,0.105,Clean
191.6558,1,2.83163,6.836543,0.105,Clean
191.7659,1,2.83163,6.836543,0.105,Clean
191.88,1,2.83163,6.836543,0.105,Clean
191.9917,1,2.83163,6.836543,0.105,Clean
192.1021,1,2.83163,6.836543,0.105,Clean
192.2125,1,2.83163,6.836543,0.105,Clean
192.3288,1,2.83163,6.836543,0.105,Clean
192.4369,1,2.83163,6.836543,0.105,Clean
192.5455,1,2.83163,6.836543,0.105,Clean
192.6536,1,2.83163,6.836543,0.105,Clean
192.771,1,2.83163,6.836543,0.105,Clean
192.8991,1,2.83163,6.836543,0.105,Clean
193.0209,1,2.83163,6.836543,0.105,Clean
193.1317,1,2.83163,6.836543,0.105,Clean
193.2385,1,2.83163,6.836543,0.105,Clean
193.4029,1,2.83163,6.836543,0.105,Clean
193.5107,1,2.83163,6.836543,0.105,Clean
193.6275,1,2.83163,6.836543,0.105,Clean
193.7344,1,2.83163,6.836543,0.105,Clean
193.8405,1,2.83163,6.836543,0.105,Clean
193.9564,1,2.83163,6.836543,0.105,Clean
194.0758,1,2.83163,6.836543,0.105,Clean
194.1862,1,2.83163,6.836543,0.105,Clean
194.2953,1,2.83163,6.836543,0.105,Clean
194.4103,1,2.83163,6.836543,0.105,Clean
194.527,1,2.83163,6.836543,0.105,Clean
194.6362,1,2.83163,6.836543,0.105,Clean
194.7463,1,2.83163,6.836543,0.105,Clean
194.8771,1,2.83163,6.836543,0.105,Clean
194.9926,1,2.83163,6.836543,0.105,Clean
195.1004,1,2.83163,6.836543,0.105,Clean
195.2163,1,2.83163,6.836543,0.105,Clean
195.3837,1,2.825963,6.852515,0.105,walk
196.2886,1,2.72163,7.146543,0.105,Clean
197.3828,1,2.61163,7.456542,0.1056109,Clean
197.5514,1,2.61163,7.456542,0.1056109,walk
198.5117,1,2.50163,7.766542,0.1070322,Clean
199.581,1,2.39163,8.076543,0.1084535,walk
199.669,1,2.39163,8.076543,0.1084535,Clean
201.612,1,2.080487,8.953403,0.105,walk
201.8995,1,2.06163,9.006543,0.105,Clean
203.4707,1,1.73163,9.495843,0.105,Clean
203.5795,1,1.73163,9.495843,0.105,Clean
203.7225,1,1.73163,9.495843,0.105,Clean
203.8291,1,1.73163,9.495843,0.105,Clean
204.828,1,1.95163,9.316543,0.105,Clean
205.6798,1,2.073645,8.972682,0.105,walk
207.7105,1,2.442598,7.932906,0.1077949,walk
208.938,1,2.61163,7.456542,0.1056109,Clean
209.7114,1,2.350392,7.28033,0.1060749,walk
211.7333,1,1.47017,6.686595,0.1076383,walk
212.6534,1,1.198298,6.50321,0.1089622,Clean
213.7626,1,0.7308059,6.380615,0.105,walk
214.3293,1,0.5627452,6.336542,0.105,Clean
214.4757,1,0.5627452,6.336542,0.105,Clean
215.7856,1,1.143035,6.464422,0.1094872,walk
217.8,1,2.160682,6.688683,0.105,walk
219.4278,1,2.83163,6.836543,0.105,Clean
219.6009,1,2.83163,6.836543,0.105,Clean
219.718,1,2.83163,6.836543,0.105,Clean
219.8675,1,2.83163,6.836543,0.105,Clean
219.9754,1,2.83163,6.836543,0.105,Clean
220.0819,1,2.83163,6.836543,0.105,Clean
220.1864,1,2.83163,6.836543,0.105,Clean
220.298,1,2.83163,6.836543,0.105,Clean
220.4083,1,2.83163,6.836543,0.105,Clean
220.5393,1,2.83163,6.836543,0.105,Clean
220.6479,1,2.83163,6.836543,0.105,Clean
220.7521,1,2.83163,6.836543,0.105,Clean
220.8684,1,2.83163,6.836543,0.105,Clean
220.9777,1,2.83163,6.836543,0.105,Clean
221.0864,1,2.83163,6.836543,0.105,Clean
221.2014,1,2.83163,6.836543,0.105,Clean
221.3082,1,2.83163,6.836543,0.105,Clean
221.4263,1,2.83163,6.836543,0.105,Clean
221.5334,1,2.83163,6.836543,0.105,Clean
221.6398,1,2.83163,6.836543,0.105,Clean
222.1199,1,2.83163,6.836543,0.105,Clean
222.2541,1,2.83163,6.836543,0.105,Clean
222.3714,1,2.83163,6.836543,0.105,Clean
222.4924,1,2.83163,6.836543,0.105,Clean
222.6154,1,2.83163,6.836543,0.105,Clean
222.7377,1,2.83163,6.836543,0.105,Clean
222.8708,1,2.83163,6.836543,0.105,Clean
222.9875,1,2.83163,6.836543,0.105,Clean
223.0989,1,2.83163,6.836543,0.105,Clean
223.2174,1,2.83163,6.836543,0.105,Clean
223.336,1,2.83163,6.836543,0.105,Clean
223.454,1,2.83163,6.836543,0.105,Clean
223.566,1,2.83163,6.836543,0.105,Clean
223.6744,1,2.83163,6.836543,0.105,Clean
223.7913,1,2.83163,6.836543,0.105,Clean
223.9078,1,2.83163,6.836543,0.105,Clean
224.0308,1,2.83163,6.836543,0.105,Clean
224.1776,1,2.83163,6.836543,0.105,Clean
224.2897,1,2.83163,6.836543,0.105,Clean
224.3968,1,2.83163,6.836543,0.105,Clean
224.5114,1,2.83163,6.836543,0.105,Clean
224.6284,1,2.83163,6.836543,0.105,Clean
224.7527,1,2.83163,6.836543,0.105,Clean
224.8703,1,2.83163,6.836543,0.105,Clean
224.9788,1,2.83163,6.836543,0.105,Clean
225.0877,1,2.83163,6.836543,0.105,Clean
225.1991,1,2.83163,6.836543,0.105,Clean
225.3056,1,2.83163,6.836543,0.105,Clean
225.4202,1,2.83163,6.836543,0.105,Clean
225.5274,1,2.83163,6.836543,0.105,Clean
225.6422,1,2.83163,6.836543,0.105,Clean
225.763,1,2.83163,6.836543,0.105,Clean
225.8701,1,2.83163,6.836543,0.105,Clean
225.9809,1,2.83163,6.836543,0.105,Clean
226.1096,1,2.83163,6.836543,0.105,Clean
226.2556,1,2.83163,6.836543,0.105,Clean
226.3712,1,2.83163,6.836543,0.105,Clean
226.5015,1,2.83163,6.836543,0.105,Clean
226.6171,1,2.83163,6.836543,0.105,Clean
226.7376,1,2.83163,6.836543,0.105,Clean
226.8522,1,2.83163,6.836543,0.105,Clean
226.9673,1,2.83163,6.836543,0.105,Clean
227.0814,1,2.83163,6.836543,0.105,Clean
227.1962,1,2.83163,6.836543,0.105,Clean
227.3116,1,2.83163,6.836543,0.105,Clean
227.4259,1,2.83163,6.836543,0.105,Clean
227.5422,1,2.83163,6.836543,0.105,Clean
227.655,1,2.83163,6.836543,0.105,Clean
227.7832,1,2.83163,6.836543,0.105,Clean
227.8971,1,2.83163,6.836543,0.105,Clean
228.0121,1,2.83163,6.836543,0.105,Clean
228.1224,1,2.83163,6.836543,0.105,Clean
228.2761,1,2.83163,6.836543,0.105,Clean
228.3929,1,2.83163,6.836543,0.105,Clean
230.2487,1,2.038326,6.674643,0.1053682,walk
230.4352,1,2.014963,6.669876,0.1054448,Clean
232.2617,1,1.172836,6.476579,0.1092041,walk
233.7874,1,0.5627452,6.336542,0.105,Clean
233.9538,1,0.5627452,6.336542,0.105,Clean
234.0625,1,0.5627452,6.336542,0.105,Clean
234.2766,1,0.5720516,6.367156,0.105,walk
235.9307,1,0.7816303,7.056543,0.1129206,Clean
236.2819,1,0.8269604,7.138137,0.1124899,walk
238.2852,1,1.35156,8.082414,0.1110807,walk
240.2867,1,1.875681,9.025832,0.105,walk
240.8742,1,1.98163,9.216542,0.105,Clean
242.2951,1,1.328774,9.180773,0.105,walk
244.1716,1,0.5214652,9.136542,0.105,Clean
244.3345,1,0.5214652,9.136542,0.105,walk
244.3826,1,0.5214652,9.136542,0.105,Clean
246.3362,1,0.9370323,8.256493,0.1077659,walk
247.7767,1,1.198298,7.703209,0.1119501,Clean
248.3506,1,1.37432,7.609809,0.1109606,walk
250.3574,1,2.300298,7.118473,0.1057553,walk
251.8133,1,2.83163,6.836543,0.105,Clean
251.9717,1,2.83163,6.836543,0.105,Clean
252.3621,1,2.813947,6.958361,0.105,walk
253.4148,1,2.75663,7.353209,0.105,Clean
254.3882,1,2.693901,7.785347,0.1063369,walk
255.3327,1,2.64413,8.12821,0.1076264,Clean
256.2875,1,2.60663,8.386542,0.1052896,Clean
256.4144,1,2.607606,8.37982,0.1054176,walk
258.4308,1,2.761934,7.316674,0.105,walk
259.6205,1,2.83163,6.836543,0.105,Clean
259.7831,1,2.83163,6.836543,0.105,Clean
259.8993,1,2.83163,6.836543,0.105,Clean
260.0211,1,2.83163,6.836543,0.105,Clean
260.1344,1,2.83163,6.836543,0.105,Clean
260.2464,1,2.83163,6.836543,0.105,Clean
260.3663,1,2.83163,6.836543,0.105,Clean
260.5306,1,2.83163,6.836543,0.105,Clean
260.6482,1,2.83163,6.836543,0.105,Clean
260.7645,1,2.83163,6.836543,0.105,Clean
260.8805,1,2.83163,6.836543,0.105,Clean
262.4967,1,2.565765,7.585799,0.1062035,walk
263.7794,1,2.39163,8.076543,0.1084535,Clean
264.5223,1,2.262065,8.355168,0.105887,walk
266.5233,1,1.805831,9.336277,0.105,walk
267.1187,1,1.73163,9.495843,0.105,Clean
268.5564,1,2.034918,8.884139,0.105,walk
269.8633,1,2.281631,8.386542,0.1052896,Clean
270.5842,1,2.379688,8.1102,0.1086078,walk
272.615,1,2.748632,7.070446,0.105,walk
273.3353,1,2.83163,6.836543,0.105,Clean
273.4983,1,2.83163,6.836543,0.105,Clean
273.6182,1,2.83163,6.836543,0.105,Clean
273.7386,1,2.83163,6.836543,0.105,Clean
273.8477,1,2.83163,6.836543,0.105,Clean
273.9611,1,2.83163,6.836543,0.105,Clean
274.0735,1,2.83163,6.836543,0.105,Clean
274.1833,1,2.83163,6.836543,0.105,Clean
274.2944,1,2.83163,6.836543,0.105,Clean
274.423,1,2.83163,6.836543,0.105,Clean
274.5603,1,2.83163,6.836543,0.105,Clean
274.7245,1,2.83163,6.836543,0.105,Clean
274.8428,1,2.83163,6.836543,0.105,Clean
274.9529,1,2.83163,6.836543,0.105,Clean
275.0836,1,2.83163,6.836543,0.105,Clean
275.1932,1,2.83163,6.836543,0.105,Clean
275.3065,1,2.83163,6.836543,0.105,Clean
275.429,1,2.83163,6.836543,0.105,Clean
275.5685,1,2.83163,6.836543,0.105,Clean
275.7098,1,2.83163,6.836543,0.105,Clean
275.8518,1,2.83163,6.836543,0.105,Clean
276.6943,1,2.778072,7.205502,0.105,walk
278.7103,1,2.621635,8.283176,0.1072579,walk
279.1661,1,2.60663,8.386542,0.1052896,Clean
280.7393,1,2.45465,9.135839,0.105,walk
281.7148,1,2.38163,9.495843,0.105,Clean
281.8849,1,2.38163,9.495843,0.105,Clean
282.7564,1,2.45898,9.114491,0.105,walk
284.4318,1,2.60663,8.386542,0.1052896,Clean
284.7837,1,2.620235,8.292823,0.1070742,walk
286.7935,1,2.777976,7.206164,0.105,walk
287.7556,1,2.83163,6.836543,0.105,Clean
287.9195,1,2.83163,6.836543,0.105,Clean
288.0357,1,2.83163,6.836543,0.105,Clean
288.1544,1,2.83163,6.836543,0.105,Clean
288.274,1,2.83163,6.836543,0.105,Clean
288.3906,1,2.83163,6.836543,0.105,Clean
288.5054,1,2.83163,6.836543,0.105,Clean
288.6307,1,2.83163,6.836543,0.105,Clean
288.794,1,2.829254,6.852912,0.105,walk
290.8114,1,2.673525,7.925714,0.1068648,walk
291.9681,1,2.60663,8.386542,0.1052896,Clean
292.815,1,2.659182,8.02452,0.1072364,walk
294.1746,1,2.74163,7.456542,0.1051002,Clean
294.819,1,2.704828,7.710071,0.1060538,walk
296.8272,1,2.547213,8.795864,0.105,walk
298.0884,1,2.47163,9.316543,0.105,Clean
298.8332,1,2.281818,9.079165,0.105,walk
300.8451,1,1.610512,8.23964,0.1080868,walk
302.8392,1,1.048298,7.536542,0.1120076,Clean
302.943,1,1.048298,7.536542,0.1120076,walk
304.957,1,0.6541156,6.562356,0.105,walk
305.624,1,0.5627452,6.336542,0.105,Clean
305.7382,1,0.5627452,6.336542,0.105,Clean
305.8538,1,0.5627452,6.336542,0.105,Clean
305.9665,1,0.5627452,6.336542,0.105,Clean
306.9605,1,0.9828355,6.446706,0.1100417,walk
307.5919,1,1.198298,6.50321,0.1089622,Clean
308.9664,1,1.805583,6.627145,0.106131,walk
310.9875,1,2.787751,6.827588,0.105,walk
311.1947,1,2.83163,6.836543,0.105,Clean
311.3041,1,2.83163,6.836543,0.105,Clean
311.4548,1,2.83163,6.836543,0.105,Clean
311.5785,1,2.83163,6.836543,0.105,Clean
311.6877,1,2.83163,6.836543,0.105,Clean
311.8364,1,2.83163,6.836543,0.105,Clean
311.9594,1,2.83163,6.836543,0.105,Clean
312.0876,1,2.83163,6.836543,0.105,Clean
312.2092,1,2.83163,6.836543,0.105,Clean
312.3278,1,2.83163,6.836543,0.105,Clean
312.9919,1,2.628778,6.795144,0.105,walk
315.0218,1,1.64836,6.595059,0.1066462,walk
315.2336,1,1.606631,6.586543,0.106783,Clean
317.0513,1,0.7689683,6.385931,0.105,walk
317.6777,1,0.5627452,6.336542,0.105,Clean
317.8513,1,0.5627452,6.336542,0.105,Clean
317.9711,1,0.5627452,6.336542,0.105,Clean
318.1559,1,0.5627449,6.348448,0.105,Clean
318.3467,1,0.5627452,6.360352,0.105,Clean
318.5313,1,0.5627449,6.372256,0.105,Clean
319.058,1,0.6145039,6.384057,0.105,walk
319.2252,1,0.6149635,6.384161,0.105,Clean
320.0773,1,0.7899634,6.419876,0.105,Clean
320.9129,1,0.9649634,6.455591,0.1101515,Clean
321.0732,1,0.9649634,6.455591,0.1101515,walk
322.4605,1,1.489963,6.562733,0.1071653,Clean
323.0955,1,1.635054,6.592343,0.1066898,walk
323.3035,1,1.664963,6.598447,0.1065918,Clean
325.1281,1,2.478106,6.764394,0.105,walk
325.4822,1,2.539963,6.777019,0.105,Clean
326.3135,1,2.714963,6.812733,0.105,Clean
327.1297,1,2.391965,6.746815,0.105,walk
328.1991,1,2.014963,6.669876,0.1054448,Clean
329.157,1,1.626834,6.590665,0.1067168,walk
330.3122,1,1.198298,6.50321,0.1089622,Clean
331.1775,1,0.8545173,6.413057,0.105,walk
332.0656,1,0.5627452,6.336542,0.105,Clean
333.1558,1,0.8716305,6.436543,0.106175,Clean
333.3008,1,0.8716305,6.436543,0.106175,walk
334.6074,1,1.36163,6.536543,0.1075859,Clean
335.3306,1,1.644283,6.594227,0.1066596,walk
335.8976,1,1.85163,6.636543,0.1059801,Clean
337.3391,1,2.492728,6.767379,0.105,walk
338.3192,1,2.83163,6.836543,0.105,Clean
338.4833,1,2.83163,6.836543,0.105,Clean
338.6022,1,2.83163,6.836543,0.105,Clean
338.7162,1,2.83163,6.836543,0.105,Clean
338.8318,1,2.83163,6.836543,0.105,Clean
338.9448,1,2.83163,6.836543,0.105,Clean
339.0675,1,2.83163,6.836543,0.105,Clean
339.2022,1,2.83163,6.836543,0.105,Clean
339.3153,1,2.83163,6.836543,0.105,Clean
339.4702,1,2.83163,6.836543,0.105,Clean
339.5814,1,2.83163,6.836543,0.105,Clean
339.6965,1,2.83163,6.836543,0.105,Clean
339.8099,1,2.83163,6.836543,0.105,Clean
339.9226,1,2.83163,6.836543,0.105,Clean
340.0337,1,2.83163,6.836543,0.105,Clean
340.145,1,2.83163,6.836543,0.105,Clean
340.2586,1,2.83163,6.836543,0.105,Clean
340.3696,1,2.83163,6.836543,0.105,Clean
340.4786,1,2.83163,6.836543,0.105,Clean
340.5912,1,2.83163,6.836543,0.105,Clean
340.7002,1,2.83163,6.836543,0.105,Clean
340.811,1,2.83163,6.836543,0.105,Clean
340.9242,1,2.83163,6.836543,0.105,Clean
341.0352,1,2.83163,6.836543,0.105,Clean
341.15,1,2.83163,6.836543,0.105,Clean
341.2617,1,2.83163,6.836543,0.105,Clean
341.3898,1,2.83163,6.836543,0.105,Clean
341.5313,1,2.83163,6.836543,0.105,Clean
341.6492,1,2.83163,6.836543,0.105,Clean
341.7612,1,2.83163,6.836543,0.105,Clean
341.8717,1,2.83163,6.836543,0.105,Clean
341.9913,1,2.83163,6.836543,0.105,Clean
342.102,1,2.83163,6.836543,0.105,Clean
342.2209,1,2.83163,6.836543,0.105,Clean
342.3305,1,2.83163,6.836543,0.105,Clean
342.4403,1,2.83163,6.836543,0.105,Clean
342.5528,1,2.83163,6.836543,0.105,Clean
342.6657,1,2.83163,6.836543,0.105,Clean
342.783,1,2.83163,6.836543,0.105,Clean
343.5081,1,2.717668,7.124662,0.105,walk
345.5093,1,2.318366,8.13418,0.1089252,walk
347.5134,1,1.91846,9.145226,0.105,walk
348.5241,1,1.779778,9.495843,0.105,Clean
349.3528,1,1.924224,9.495843,0.105,Clean
350.0403,1,1.996445,9.495843,0.105,Clean
350.5761,1,2.068667,9.495843,0.105,Clean
351.1141,1,2.140889,9.495843,0.105,Clean
351.5315,1,2.202848,9.495843,0.105,walk
351.7119,1,2.213111,9.495843,0.105,Clean
352.4299,1,2.285334,9.495843,0.105,Clean
353.5422,1,2.032184,9.060178,0.105,walk
354.5446,1,1.844131,8.736543,0.105,Clean
355.568,1,1.93859,8.288266,0.1071609,walk
357.5782,1,2.16474,7.215024,0.1065959,walk
359.6011,1,2.392308,6.135049,0.1095185,walk
361.6098,1,2.565254,5.1535,0.105,walk
361.7914,1,2.564809,5.136543,0.105,Clean
361.9095,1,2.564809,5.136543,0.105,Clean
362.0281,1,2.564809,5.136543,0.105,Clean
362.1485,1,2.564809,5.136543,0.105,Clean
363.6104,1,2.596372,5.849761,0.1120535,walk
364.7057,1,2.614964,6.269876,0.1099141,Clean
365.6239,1,2.597124,5.866746,0.1123862,walk
367.2821,1,2.564809,5.136543,0.105,Clean
367.3998,1,2.564809,5.136543,0.105,Clean
367.6463,1,2.564809,5.184083,0.105,walk
368.9944,1,2.398297,5.70321,0.1143498,Clean
369.6478,1,2.489974,5.942979,0.112993,walk
371.6592,1,2.830968,6.834809,0.105,walk
371.7762,1,2.83163,6.836543,0.105,Clean
371.8908,1,2.83163,6.836543,0.105,Clean
373.6806,1,2.693218,5.954673,0.1111957,walk
375.5018,1,2.564809,5.136543,0.105,Clean
375.683,1,2.564809,5.147275,0.105,walk
377.6848,1,1.903971,5.720986,0.1145109,walk
378.1235,1,1.801135,5.710284,0.115,Clean
379.6975,1,1.310586,6.038867,0.1050044,walk
380.7286,1,0.9816306,5.936543,0.105,Clean
381.7066,1,0.6704953,6.23365,0.105,walk
382.2846,1,0.5627452,6.336542,0.105,Clean
383.7281,1,1.0054,5.952052,0.105,walk
383.8975,1,1.018076,5.941041,0.105,Clean
385.738,1,1.76207,5.966628,0.105,walk
386.5988,1,1.801135,5.710284,0.115,Clean
387.7474,1,2.288969,5.676629,0.1148297,walk
389.2413,1,2.564809,5.136543,0.105,Clean
389.4316,1,2.564809,5.136543,0.105,Clean
389.5492,1,2.564809,5.136543,0.105,Clean
389.6744,1,2.564809,5.136543,0.105,Clean
389.7765,1,2.564809,5.136543,0.105,walk
389.8352,1,2.564809,5.136543,0.105,Clean
389.9523,1,2.564809,5.136543,0.105,Clean
390.0627,1,2.564809,5.136543,0.105,Clean
390.1744,1,2.564809,5.136543,0.105,Clean
390.2907,1,2.564809,5.136543,0.105,Clean
390.4017,1,2.564809,5.136543,0.105,Clean
390.5115,1,2.564809,5.136543,0.105,Clean
390.6248,1,2.564809,5.136543,0.105,Clean
390.7397,1,2.564809,5.136543,0.105,Clean
390.8519,1,2.564809,5.136543,0.105,Clean
390.9629,1,2.564809,5.136543,0.105,Clean
391.0794,1,2.564809,5.136543,0.105,Clean
391.2044,1,2.564809,5.136543,0.105,Clean
391.3152,1,2.564809,5.136543,0.105,Clean
391.4315,1,2.564809,5.136543,0.105,Clean
391.5447,1,2.564809,5.136543,0.105,Clean
391.6536,1,2.564809,5.136543,0.105,Clean
391.7617,1,2.564809,5.136543,0.105,Clean
391.9054,1,2.564809,5.136543,0.105,Clean
392.024,1,2.564809,5.136543,0.105,Clean
392.1533,1,2.564809,5.136543,0.105,Clean
392.262,1,2.564809,5.136543,0.105,Clean
392.3749,1,2.564809,5.136543,0.105,Clean
392.4859,1,2.564809,5.136543,0.105,Clean
392.5956,1,2.564809,5.136543,0.105,Clean
392.712,1,2.564809,5.136543,0.105,Clean
392.8248,1,2.564809,5.136543,0.105,Clean
392.9455,1,2.564809,5.136543,0.105,Clean
393.0597,1,2.564809,5.136543,0.105,Clean
393.1689,1,2.564809,5.136543,0.105,Clean
393.2832,1,2.564809,5.136543,0.105,Clean
393.3906,1,2.564809,5.136543,0.105,Clean
393.5082,1,2.564809,5.136543,0.105,Clean
393.6199,1,2.564809,5.136543,0.105,Clean
393.7374,1,2.564809,5.136543,0.105,Clean
393.8604,1,2.564809,5.136543,0.105,Clean
394.001,1,2.564809,5.136543,0.105,Clean
394.1145,1,2.564809,5.136543,0.105,Clean
394.2262,1,2.564809,5.136543,0.105,Clean
394.3392,1,2.564809,5.136543,0.105,Clean
394.4544,1,2.564809,5.136543,0.105,Clean
394.5679,1,2.564809,5.136543,0.105,Clean
394.6849,1,2.564809,5.136543,0.105,Clean
394.7932,1,2.564809,5.136543,0.105,Clean
394.9095,1,2.564809,5.136543,0.105,Clean
395.019,1,2.564809,5.136543,0.105,Clean
395.1353,1,2.564809,5.136543,0.105,Clean
395.2456,1,2.564809,5.136543,0.105,Clean
395.3718,1,2.564809,5.136543,0.105,Clean
395.4889,1,2.564809,5.136543,0.105,Clean
395.6004,1,2.564809,5.136543,0.105,Clean
395.7089,1,2.564809,5.136543,0.105,Clean
395.8185,1,2.564809,5.136543,0.105,Clean
395.928,1,2.564809,5.136543,0.105,Clean
396.0738,1,2.564809,5.136543,0.105,Clean
396.1857,1,2.564809,5.136543,0.105,Clean
396.2998,1,2.564809,5.136543,0.105,Clean
396.4245,1,2.564809,5.136543,0.105,Clean
396.5496,1,2.564809,5.136543,0.105,Clean
396.6628,1,2.564809,5.136543,0.105,Clean
396.7763,1,2.564809,5.136543,0.105,Clean
396.8926,1,2.564809,5.136543,0.105,Clean
397.0186,1,2.564809,5.136543,0.105,Clean
397.1404,1,2.564809,5.136543,0.105,Clean
397.258,1,2.564809,5.136543,0.105,Clean
397.3734,1,2.564809,5.136543,0.105,Clean
397.4923,1,2.564809,5.136543,0.105,Clean
397.6082,1,2.564809,5.136543,0.105,Clean
397.7283,1,2.564809,5.136543,0.105,Clean
397.8437,1,2.564809,5.136543,0.105,Clean
397.9579,1,2.564809,5.136543,0.105,Clean
398.1158,1,2.564809,5.136543,0.105,Clean
398.2472,1,2.564809,5.136543,0.105,Clean
398.3585,1,2.564809,5.136543,0.105,Clean
398.474,1,2.564809,5.136543,0.105,Clean
398.6063,1,2.564809,5.136543,0.105,Clean
398.7161,1,2.564809,5.136543,0.105,Clean
398.83,1,2.564809,5.136543,0.105,Clean
398.9487,1,2.564809,5.136543,0.105,Clean
399.0596,1,2.564809,5.136543,0.105,Clean
399.1761,1,2.564809,5.136543,0.105,Clean
399.289,1,2.564809,5.136543,0.105,Clean
399.4037,1,2.564809,5.136543,0.105,Clean
399.5154,1,2.564809,5.136543,0.105,Clean
399.6253,1,2.564809,5.136543,0.105,Clean
399.7448,1,2.564809,5.136543,0.105,Clean
399.8597,1,2.564809,5.136543,0.105,Clean
399.9834,1,2.564809,5.136543,0.105,Clean
400.1282,1,2.564809,5.136543,0.105,Clean
400.2507,1,2.564809,5.136543,0.105,Clean
400.3622,1,2.564809,5.136543,0.105,Clean
400.477,1,2.564809,5.136543,0.105,Clean
400.5898,1,2.564809,5.136543,0.105,Clean
400.7098,1,2.564809,5.136543,0.105,Clean
400.8237,1,2.564809,5.136543,0.105,Clean
400.9352,1,2.564809,5.136543,0.105,Clean
401.0482,1,2.564809,5.136543,0.105,Clean
401.1643,1,2.564809,5.136543,0.105,Clean
402.0886,1,2.446719,5.507326,0.1095955,walk
404.0999,1,1.713234,6.262793,0.1053312,walk
404.537,1,1.64163,6.336543,0.1058478,Clean
406.1164,1,1.330603,7.027715,0.109275,walk
407.4697,1,1.10163,7.536542,0.111798,Clean
408.1235,1,1.001123,7.759894,0.1129055,walk
410.1299,1,0.5773974,8.701504,0.105,walk
410.3332,1,0.5616305,8.736543,0.105,Clean
411.525,1,0.5214652,9.136542,0.105,Clean
411.7017,1,0.5214652,9.136542,0.105,Clean
411.825,1,0.5214652,9.136542,0.105,Clean
411.952,1,0.5214652,9.136542,0.105,Clean
412.0836,1,0.5214652,9.136542,0.105,Clean
412.1872,1,0.5214652,9.136542,0.105,walk
412.2395,1,0.5214652,9.136542,0.105,Clean
414.2123,1,1.10695,8.364161,0.1057158,walk
415.6817,1,1.481631,7.869876,0.1113688,Clean
416.2402,1,1.411487,7.69558,0.1110883,walk
416.6757,1,1.37163,7.596543,0.1109288,Clean
418.2587,1,0.7515109,7.990424,0.1128323,walk
419.0884,1,0.5214652,8.136542,0.105,Clean
420.2794,1,0.9743769,7.866625,0.1133512,walk
422.3001,1,1.882646,7.325332,0.108056,walk
422.9244,1,2.031631,7.236543,0.1071874,Clean
424.3054,1,1.491134,7.558657,0.1103385,walk
426.308,1,0.6039938,8.087358,0.1109865,walk
426.7256,1,0.5214652,8.136542,0.105,Clean
428.316,1,1.16951,7.771867,0.1122823,walk
430.3241,1,2.084687,7.256869,0.1070439,walk
432.2679,1,2.83163,6.836543,0.105,Clean
432.4319,1,2.83163,6.836543,0.105,walk
432.4859,1,2.83163,6.836543,0.105,Clean
434.4451,1,2.224606,7.406403,0.1069713,walk
434.6068,1,2.219131,7.411543,0.1070092,Clean
436.4519,1,1.592745,8.048014,0.1115007,walk
438.4716,1,0.8403938,8.812478,0.105,walk
439.6275,1,0.5214652,9.136542,0.105,Clean
439.793,1,0.5214652,9.136542,0.105,Clean
439.9092,1,0.5214652,9.136542,0.105,Clean
440.0258,1,0.5214652,9.136542,0.105,Clean
440.1393,1,0.5214652,9.136542,0.105,Clean
440.2564,1,0.5214652,9.136542,0.105,Clean
440.39,1,0.5214652,9.136542,0.105,Clean
440.571,1,0.5214652,9.136542,0.105,Clean
440.6981,1,0.5214652,9.136542,0.105,Clean
440.8165,1,0.5214652,9.136542,0.105,Clean
440.9352,1,0.5214652,9.136542,0.105,Clean
441.0587,1,0.5214652,9.136542,0.105,Clean
441.1888,1,0.5214652,9.136542,0.105,Clean
441.3039,1,0.5214652,9.136542,0.105,Clean
441.4227,1,0.5214652,9.136542,0.105,Clean
441.5416,1,0.5214652,9.136542,0.105,Clean
441.6617,1,0.5214652,9.136542,0.105,Clean
441.8052,1,0.5214652,9.136542,0.105,Clean
441.9329,1,0.5214652,9.136542,0.105,Clean
442.0452,1,0.5214652,9.136542,0.105,Clean
442.1627,1,0.5214652,9.136542,0.105,Clean
442.2732,1,0.5214652,9.136542,0.105,Clean
442.3862,1,0.5214652,9.136542,0.105,Clean
442.4989,1,0.5214652,9.136542,0.105,Clean
442.6432,1,0.5214652,9.136542,0.105,Clean
442.7793,1,0.5214652,9.136542,0.105,Clean
442.8992,1,0.5214652,9.136542,0.105,Clean
443.012,1,0.5214652,9.136542,0.105,Clean
443.123,1,0.5214652,9.136542,0.105,Clean
443.2505,1,0.5214652,9.136542,0.105,Clean
443.3661,1,0.5214652,9.136542,0.105,Clean
443.485,1,0.5214652,9.136542,0.105,Clean
443.6078,1,0.5214652,9.136542,0.105,Clean
443.7259,1,0.5214652,9.136542,0.105,Clean
443.8458,1,0.5214652,9.136542,0.105,Clean
443.9647,1,0.5214652,9.136542,0.105,Clean
444.0836,1,0.5214652,9.136542,0.105,Clean
444.2047,1,0.5214652,9.136542,0.105,Clean
444.3256,1,0.5214652,9.136542,0.105,Clean
444.4458,1,0.5214652,9.136542,0.105,Clean
444.5845,1,0.5214652,9.136542,0.105,Clean
444.7536,1,0.5214652,9.136542,0.105,Clean
444.8795,1,0.5214652,9.136542,0.105,Clean
445.0022,1,0.5214652,9.136542,0.105,Clean
445.1183,1,0.5214652,9.136542,0.105,Clean
445.2375,1,0.5214652,9.136542,0.105,Clean
445.3542,1,0.5214652,9.136542,0.105,Clean
445.473,1,0.5214652,9.136542,0.105,Clean
445.588,1,0.5214652,9.136542,0.105,Clean
445.7156,1,0.5214652,9.136542,0.105,Clean
445.83,1,0.5214652,9.136542,0.105,Clean
445.9487,1,0.5214652,9.136542,0.105,Clean
446.0635,1,0.5214652,9.136542,0.105,Clean
446.1949,1,0.5214652,9.136542,0.105,Clean
446.3096,1,0.5214652,9.136542,0.105,Clean
446.4242,1,0.5214652,9.136542,0.105,Clean
446.5366,1,0.5214652,9.136542,0.105,Clean
446.6514,1,0.5214652,9.136542,0.105,Clean
446.8044,1,0.5214652,9.136542,0.105,Clean
446.9238,1,0.5214652,9.136542,0.105,Clean
447.0367,1,0.5214652,9.136542,0.105,Clean
447.1536,1,0.5214652,9.136542,0.105,Clean
447.2686,1,0.5214652,9.136542,0.105,Clean
447.3877,1,0.5214652,9.136542,0.105,Clean
447.504,1,0.5214652,9.136542,0.105,Clean
447.6205,1,0.5214652,9.136542,0.105,Clean
447.7447,1,0.5214652,9.136542,0.105,Clean
447.8688,1,0.5214652,9.136542,0.105,Clean
447.9941,1,0.5214652,9.136542,0.105,Clean
448.113,1,0.5214652,9.136542,0.105,Clean
448.2292,1,0.5214652,9.136542,0.105,Clean
448.3449,1,0.5214652,9.136542,0.105,Clean
448.4651,1,0.5214652,9.136542,0.105,Clean
448.5798,1,0.5214652,9.136542,0.105,Clean
448.6956,1,0.5214652,9.136542,0.105,Clean
448.8466,1,0.5214652,9.136542,0.105,Clean
448.965,1,0.5214652,9.136542,0.105,Clean
449.0818,1,0.5214652,9.136542,0.105,Clean
449.2072,1,0.5214652,9.136542,0.105,Clean
449.3477,1,0.5214652,9.136542,0.105,Clean
449.4918,1,0.5214652,9.136542,0.105,Clean
449.6057,1,0.5214652,9.136542,0.105,Clean
449.7224,1,0.5214652,9.136542,0.105,Clean
449.8373,1,0.5214652,9.136542,0.105,Clean
449.9509,1,0.5214652,9.136542,0.105,Clean
450.0602,1,0.5214652,9.136542,0.105,Clean
450.172,1,0.5214652,9.136542,0.105,Clean
450.2847,1,0.5214652,9.136542,0.105,Clean
450.4005,1,0.5214652,9.136542,0.105,Clean
450.5105,1,0.5214652,9.136542,0.105,Clean
450.6316,1,0.5214652,9.136542,0.105,Clean
450.7413,1,0.5214652,9.136542,0.105,Clean
450.8876,1,0.5214652,9.136542,0.105,Clean
451.0084,1,0.5214652,9.136542,0.105,Clean
451.1255,1,0.5214652,9.136542,0.105,Clean
451.2389,1,0.5214652,9.136542,0.105,Clean
451.3515,1,0.5214652,9.136542,0.105,Clean
451.4633,1,0.5214652,9.136542,0.105,Clean
451.5793,1,0.5214652,9.136542,0.105,Clean
451.6899,1,0.5214652,9.136542,0.105,Clean
451.8019,1,0.5214652,9.136542,0.105,Clean
451.917,1,0.5214652,9.136542,0.105,Clean
452.0297,1,0.5214652,9.136542,0.105,Clean
452.1402,1,0.5214652,9.136542,0.105,Clean
452.2632,1,0.5214652,9.136542,0.105,Clean
452.3824,1,0.5214652,9.136542,0.105,Clean
452.497,1,0.5214652,9.136542,0.105,Clean
452.6199,1,0.5214652,9.136542,0.105,Clean
452.7611,1,0.5214652,9.136542,0.105,Clean
452.913,1,0.5214652,9.136542,0.105,Clean
453.027,1,0.5214652,9.136542,0.105,Clean
453.1408,1,0.5214652,9.136542,0.105,Clean
453.2562,1,0.5214652,9.136542,0.105,Clean
453.3714,1,0.5214652,9.136542,0.105,Clean
453.4833,1,0.5214652,9.136542,0.105,Clean
453.5979,1,0.5214652,9.136542,0.105,Clean
453.7156,1,0.5214652,9.136542,0.105,Clean
453.8247,1,0.5214652,9.136542,0.105,Clean
453.9403,1,0.5214652,9.136542,0.105,Clean
454.0545,1,0.5214652,9.136542,0.105,Clean
454.1679,1,0.5214652,9.136542,0.105,Clean
454.2813,1,0.5214652,9.136542,0.105,Clean
454.3985,1,0.5214652,9.136542,0.105,Clean
454.5229,1,0.5214652,9.136542,0.105,Clean
454.634,1,0.5214652,9.136542,0.105,Clean
454.7479,1,0.5214652,9.136542,0.105,Clean
454.8646,1,0.5214652,9.136542,0.105,Clean
455.0204,1,0.5214652,9.136542,0.105,Clean
455.1351,1,0.5214652,9.136542,0.105,Clean
455.2552,1,0.5214652,9.136542,0.105,Clean
455.3735,1,0.5214652,9.136542,0.105,Clean
455.4912,1,0.5214652,9.136542,0.105,Clean
455.6066,1,0.5214652,9.136542,0.105,Clean
455.7271,1,0.5214652,9.136542,0.105,Clean
455.8409,1,0.5214652,9.136542,0.105,Clean
456.9879,1,0.6638211,8.619271,0.105,walk
457.8339,1,0.7416304,8.336543,0.1062417,Clean
458.9994,1,0.9656762,7.838664,0.1132961,walk
459.9318,1,1.10163,7.536542,0.111798,Clean
461.0204,1,1.302809,7.089478,0.1095813,walk
462.0536,1,1.46163,6.736543,0.1078312,Clean
463.0475,1,1.642756,6.334041,0.1058354,walk
464.1766,1,1.821631,5.936543,0.1056845,Clean
465.064,1,2.136324,5.745509,0.1135617,walk
466.876,1,2.564809,5.136543,0.105,Clean
467.0846,1,2.564809,5.15958,0.105,walk
469.1104,1,2.184014,6.162826,0.1061969,walk
471.1285,1,1.717397,7.149724,0.1081448,walk
473.1343,1,1.253616,8.130621,0.1101627,walk
475.1393,1,0.7903342,9.110467,0.105,walk
475.7449,1,0.7149634,9.269876,0.105,Clean
476.3098,1,0.6482975,9.24321,0.105,Clean
477.1553,1,0.9872769,9.174146,0.105,walk
479.1641,1,2.005183,8.966759,0.105,walk
481.1743,1,3.02372,8.759244,0.105,walk
483.181,1,4.04053,8.552085,0.105,walk
485.186,1,4.979864,8.360708,0.105,walk
485.3601,1,5.000309,8.356543,0.105,Clean
487.1904,1,4.143041,8.434836,0.105,walk
489.1915,1,3.41772,8.007768,0.105,walk
491.2041,1,3.31163,7.076543,0.105,Clean
491.3517,1,3.31163,7.076543,0.105,walk
491.9642,1,3.15163,6.996543,0.105,Clean
492.7626,1,2.99163,6.916543,0.105,Clean
493.3612,1,2.866413,6.853933,0.105,walk
493.6521,1,2.83163,6.836543,0.105,Clean
494.483,1,2.885201,6.686543,0.1055415,Clean
495.3228,1,2.938773,6.536543,0.1090879,Clean
495.4482,1,2.938773,6.536543,0.1090879,walk
496.7144,1,3.099487,6.086543,0.105,Clean
497.4685,1,3.152156,5.939073,0.105,walk
497.609,1,3.153059,5.936543,0.105,Clean
498.4603,1,3.20663,5.786543,0.105,Clean
499.2935,1,3.260201,5.636542,0.105,Clean
499.4972,1,3.270182,5.608598,0.105,walk
500.1484,1,3.313773,5.486543,0.105,Clean
501.0032,1,3.367344,5.336543,0.105,Clean
501.4979,1,3.405765,5.228966,0.105,walk
501.7651,1,3.420916,5.186543,0.105,Clean
502.5954,1,3.474487,5.036543,0.105,Clean
503.4303,1,3.528059,4.886543,0.105,Clean
503.5876,1,3.528059,4.886543,0.105,walk
504.0777,1,3.58163,4.736543,0.105,Clean
505.6207,1,2.994079,5.148965,0.105,walk
507.6536,1,2.120202,5.759716,0.1130733,walk
509.6643,1,1.254321,6.344415,0.10843,walk
510.1337,1,1.160201,6.407972,0.1093242,Clean
510.9377,1,1.020916,6.372257,0.1091222,Clean
511.6862,1,1.289429,6.244174,0.1075402,walk
513.7142,1,2.243722,5.788972,0.1141661,walk
515.7445,1,3.199091,5.333257,0.105,walk
517.7463,1,4.140985,4.883968,0.105,walk
519.7523,1,5.084918,4.433709,0.105,walk
520.5842,1,5.330547,4.316542,0.105,Clean
521.762,1,4.915014,3.992451,0.105,walk
523.7935,1,4.443332,3.219401,0.105,walk
525.8061,1,5.456672,3.142292,0.105,walk
527.0348,1,5.929102,3.150109,0.105,Clean
527.821,1,5.929102,2.860432,0.105,walk
528.1216,1,5.929102,2.8,0.105,Clean
528.2921,1,5.929102,2.8,0.105,Clean
528.413,1,5.929102,2.8,0.105,Clean
528.5338,1,5.929102,2.8,0.105,Clean
529.8306,1,5.357402,2.944384,0.105,walk
531.8534,1,4.384575,3.27926,0.105,walk
533.8853,1,4.106619,4.345728,0.105,walk
535.8923,1,3.854613,5.410681,0.105,walk
537.8987,1,3.602322,6.47395,0.105,walk
539.8287,1,3.452322,7.327452,0.105,Clean
539.9795,1,3.452322,7.327452,0.105,walk
541.9801,1,3.970553,7.157825,0.105,walk
542.9116,1,3.968318,7.491088,0.105,Clean
543.7817,1,4.08163,7.654725,0.105,Clean
544.0023,1,4.098284,7.672523,0.105,walk
546.0031,1,4.820952,8.444858,0.105,walk
546.7391,1,5.000309,8.636542,0.105,Clean
546.8653,1,5.000309,8.636542,0.105,Clean
546.9946,1,5.000309,8.636542,0.105,Clean
547.126,1,5.000309,8.636542,0.105,Clean
547.2556,1,5.000309,8.636542,0.105,Clean
547.381,1,5.000309,8.636542,0.105,Clean
547.502,1,5.000309,8.636542,0.105,Clean
547.6635,1,5.000309,8.636542,0.105,Clean
547.8013,1,5.000309,8.636542,0.105,Clean
547.9307,1,5.000309,8.636542,0.105,Clean
548.1051,1,5.000309,8.636542,0.105,Clean
548.2395,1,5.000309,8.636542,0.105,Clean
548.3713,1,5.000309,8.636542,0.105,Clean
548.4974,1,5.000309,8.636542,0.105,Clean
548.6259,1,5.000309,8.636542,0.105,Clean
548.7524,1,5.000309,8.636542,0.105,Clean
548.8824,1,5.000309,8.636542,0.105,Clean
549.0044,1,5.000309,8.636542,0.105,Clean
549.1273,1,5.000309,8.636542,0.105,Clean
549.2574,1,5.000309,8.636542,0.105,Clean
549.3835,1,5.000309,8.636542,0.105,Clean
549.5156,1,5.000309,8.636542,0.105,Clean
549.6504,1,5.000309,8.636542,0.105,Clean
549.7722,1,5.000309,8.636542,0.105,Clean
549.8939,1,5.000309,8.636542,0.105,Clean
550.0132,1,5.000309,8.636542,0.105,Clean
550.1166,1,5.000309,8.636542,0.105,walk
550.1722,1,5.000309,8.636542,0.105,Clean
552.1313,1,4.075436,8.533296,0.105,walk
554.1467,1,3.041291,8.41785,0.105,walk
556.1539,1,2.011286,8.302862,0.106883,walk
558.1685,1,0.9775241,8.187456,0.1090805,walk
559.3732,1,0.5214652,8.136542,0.105,Clean
559.5037,1,0.5214652,8.136542,0.105,Clean
559.6309,1,0.5214652,8.136542,0.105,Clean
559.7639,1,0.5214652,8.136542,0.105,Clean
560.2004,1,0.6648973,8.152555,0.1097451,walk
562.2128,1,1.697538,8.267832,0.10755,walk
564.241,1,2.738274,8.384015,0.1053377,walk
566.2517,1,3.770091,8.499202,0.105,walk
568.2606,1,4.800939,8.614285,0.105,walk
568.9258,1,5.000309,8.636542,0.105,Clean
569.0994,1,5.000309,8.636542,0.105,Clean
569.2218,1,5.000309,8.636542,0.105,Clean
569.3376,1,5.000309,8.636542,0.105,Clean
569.4545,1,5.000309,8.636542,0.105,Clean
569.5732,1,5.000309,8.636542,0.105,Clean
569.6921,1,5.000309,8.636542,0.105,Clean
569.814,1,5.000309,8.636542,0.105,Clean
569.9309,1,5.000309,8.636542,0.105,Clean
570.0568,1,5.000309,8.636542,0.105,Clean
570.2929,1,4.958606,8.631887,0.105,walk
572.3178,1,3.922449,8.516215,0.105,walk
574.3233,1,2.893306,8.401326,0.1050081,walk
576.3302,1,1.863462,8.286359,0.1071972,walk
578.3476,1,0.8282802,8.170794,0.1093978,walk
579.2672,1,0.5214652,8.136542,0.105,Clean
579.3854,1,0.5214652,8.136542,0.105,Clean
579.5031,1,0.5214652,8.136542,0.105,Clean
579.6239,1,0.5214652,8.136542,0.105,Clean
579.7469,1,0.5214652,8.136542,0.105,Clean
579.8826,1,0.5214652,8.136542,0.105,Clean
580.004,1,0.5214652,8.136542,0.105,Clean
580.1296,1,0.5214652,8.136542,0.105,Clean
580.3192,1,0.5214652,8.136542,0.105,Clean
580.494,1,0.5214652,8.136542,0.105,Clean
580.6188,1,0.5214652,8.136542,0.105,Clean
580.7502,1,0.5214652,8.136542,0.105,Clean
580.882,1,0.5214652,8.136542,0.105,Clean
581.0227,1,0.5214652,8.136542,0.105,Clean
581.1499,1,0.5214652,8.136542,0.105,Clean
581.2716,1,0.5214652,8.136542,0.105,Clean
581.3972,1,0.5214652,8.136542,0.105,Clean
581.5109,1,0.5214652,8.136542,0.105,Clean
581.6292,1,0.5214652,8.136542,0.105,Clean
581.7441,1,0.5214652,8.136542,0.105,Clean
581.8557,1,0.5214652,8.136542,0.105,Clean
581.969,1,0.5214652,8.136542,0.105,Clean
582.0929,1,0.5214652,8.136542,0.105,Clean
582.2137,1,0.5214652,8.136542,0.105,Clean
582.335,1,0.5214652,8.136542,0.105,Clean
582.4849,1,0.5214652,8.136542,0.105,Clean
582.6031,1,0.5214652,8.136542,0.105,Clean
582.7189,1,0.5214652,8.136542,0.105,Clean
582.8335,1,0.5214652,8.136542,0.105,Clean
582.9489,1,0.5214652,8.136542,0.105,Clean
583.0658,1,0.5214652,8.136542,0.105,Clean
583.1848,1,0.5214652,8.136542,0.105,Clean
583.2984,1,0.5214652,8.136542,0.105,Clean
583.4224,1,0.5214652,8.136542,0.105,Clean
583.5371,1,0.5214652,8.136542,0.105,Clean
583.6731,1,0.5214652,8.136542,0.105,Clean
583.787,1,0.5214652,8.136542,0.105,Clean
583.8992,1,0.5214652,8.136542,0.105,Clean
584.0107,1,0.5214652,8.136542,0.105,Clean
584.1217,1,0.5214652,8.136542,0.105,Clean
584.2378,1,0.5214652,8.136542,0.105,Clean
584.3489,1,0.5214652,8.136542,0.105,Clean
584.4916,1,0.5214652,8.136542,0.105,Clean
584.6246,1,0.5214652,8.136542,0.105,Clean
584.7366,1,0.5214652,8.136542,0.105,Clean
584.8506,1,0.5214652,8.136542,0.105,Clean
584.9636,1,0.5214652,8.136542,0.105,Clean
585.0847,1,0.5214652,8.136542,0.105,Clean
585.2028,1,0.5214652,8.136542,0.105,Clean
585.3187,1,0.5214652,8.136542,0.105,Clean
585.4362,1,0.5214652,8.136542,0.105,Clean
585.5492,1,0.5214652,8.136542,0.105,Clean
585.6632,1,0.5214652,8.136542,0.105,Clean
585.7761,1,0.5214652,8.136542,0.105,Clean
585.8911,1,0.5214652,8.136542,0.105,Clean
586.0046,1,0.5214652,8.136542,0.105,Clean
586.1218,1,0.5214652,8.136542,0.105,Clean
586.2434,1,0.5214652,8.136542,0.105,Clean
586.3651,1,0.5214652,8.136542,0.105,Clean
586.5129,1,0.5214652,8.136542,0.105,Clean
586.6403,1,0.5214652,8.136542,0.105,Clean
586.7586,1,0.5214652,8.136542,0.105,Clean
586.8978,1,0.5214652,8.136542,0.105,Clean
587.0262,1,0.5214652,8.136542,0.105,Clean
587.1521,1,0.5214652,8.136542,0.105,Clean
587.2718,1,0.5214652,8.136542,0.105,Clean
587.3981,1,0.5214652,8.136542,0.105,Clean
587.5167,1,0.5214652,8.136542,0.105,Clean
587.6375,1,0.5214652,8.136542,0.105,Clean
587.7632,1,0.5214652,8.136542,0.105,Clean
587.8914,1,0.5214652,8.136542,0.105,Clean
588.0145,1,0.5214652,8.136542,0.105,Clean
588.1442,1,0.5214652,8.136542,0.105,Clean
588.2661,1,0.5214652,8.136542,0.105,Clean
588.3908,1,0.5214652,8.136542,0.105,Clean
588.5504,1,0.5214652,8.136542,0.105,Clean
588.6979,1,0.5214652,8.136542,0.105,Clean
588.8247,1,0.5214652,8.136542,0.105,Clean
588.9448,1,0.5214652,8.136542,0.105,Clean
589.0676,1,0.5214652,8.136542,0.105,Clean
589.1893,1,0.5214652,8.136542,0.105,Clean
589.3126,1,0.5214652,8.136542,0.105,Clean
589.4332,1,0.5214652,8.136542,0.105,Clean
589.5566,1,0.5214652,8.136542,0.105,Clean
589.6692,1,0.5214652,8.136542,0.105,Clean
589.7858,1,0.5214652,8.136542,0.105,Clean
589.9065,1,0.5214652,8.136542,0.105,Clean
590.0353,1,0.5214652,8.136542,0.105,Clean
590.1602,1,0.5214652,8.136542,0.105,Clean
590.2817,1,0.5214652,8.136542,0.105,Clean
590.4215,1,0.5214652,8.136542,0.105,Clean
590.5829,1,0.5214652,8.136542,0.105,Clean
590.7155,1,0.5214652,8.136542,0.105,Clean
590.8382,1,0.5214652,8.136542,0.105,Clean
590.9635,1,0.5214652,8.136542,0.105,Clean
591.0898,1,0.5214652,8.136542,0.105,Clean
592.5519,1,1.170104,8.21091,0.1086339,walk
592.943,1,1.248297,8.219875,0.1084632,Clean
594.5594,1,1.985261,8.294278,0.1070464,walk
596.5757,1,3.019541,8.399737,0.1050383,walk
598.5056,1,3.848297,8.469875,0.105,Clean
598.6718,1,3.848297,8.469875,0.105,walk
600.6741,1,4.849748,8.614759,0.105,walk
601.2356,1,5.000309,8.636542,0.105,Clean
601.4111,1,5.000309,8.636542,0.105,Clean
601.5333,1,5.000309,8.636542,0.105,Clean
601.6567,1,5.000309,8.636542,0.105,Clean
601.7798,1,5.000309,8.636542,0.105,Clean
601.9073,1,5.000309,8.636542,0.105,Clean
602.0366,1,5.000309,8.636542,0.105,Clean
602.7027,1,4.738995,8.605663,0.105,walk
604.7147,1,3.707187,8.483733,0.105,walk
606.7294,1,2.674142,8.361655,0.1057635,walk
607.3344,1,2.46163,8.336543,0.1062417,Clean
608.752,1,1.826788,8.271101,0.1074878,walk
610.7702,1,0.7903342,8.164259,0.1095222,walk
611.6038,1,0.5214652,8.136542,0.105,Clean
611.7467,1,0.5214652,8.136542,0.105,Clean
611.8884,1,0.5214652,8.136542,0.105,Clean
612.0111,1,0.5214652,8.136542,0.105,Clean
612.1348,1,0.5214652,8.136542,0.105,Clean
612.2529,1,0.5214652,8.136542,0.105,Clean
612.3712,1,0.5214652,8.136542,0.105,Clean
612.4849,1,0.5214652,8.136542,0.105,Clean
612.6057,1,0.5214652,8.136542,0.105,Clean
612.7732,1,0.5375116,8.138333,0.1088872,walk
614.7916,1,1.557011,8.252146,0.1078487,walk
616.7992,1,2.58715,8.367146,0.1056589,walk
618.817,1,3.622551,8.482735,0.105,walk
620.8405,1,4.660971,8.598659,0.105,walk
621.8171,1,5.000309,8.636542,0.105,Clean
622.8698,1,4.553246,8.586635,0.105,walk
624.8823,1,3.520586,8.471354,0.105,walk
626.8965,1,2.486975,8.355968,0.1058718,walk
628.9065,1,1.455579,8.240828,0.1080642,walk
630.9112,1,0.5301201,8.137508,0.1070966,walk
631.0876,1,0.5214652,8.136542,0.105,Clean
631.2103,1,0.5214652,8.136542,0.105,Clean
631.3329,1,0.5214652,8.136542,0.105,Clean
632.9305,1,0.6533668,7.361279,0.1141391,walk
634.9416,1,0.8375679,6.278615,0.105,walk
636.3154,1,0.9342618,5.710284,0.115,Clean
636.4888,1,0.9342618,5.710284,0.115,Clean
636.6177,1,0.9342618,5.710284,0.115,Clean
636.9662,1,0.9552242,5.810293,0.1099218,walk
638.9974,1,1.837826,5.925255,0.1061178,walk
641.026,1,2.566895,5.230475,0.105,walk
641.4222,1,2.564809,5.136543,0.105,Clean
641.5392,1,2.564809,5.136543,0.105,Clean
641.6581,1,2.564809,5.136543,0.105,Clean
641.7698,1,2.564809,5.136543,0.105,Clean
641.8839,1,2.564809,5.136543,0.105,Clean
641.9972,1,2.564809,5.136543,0.105,Clean
642.111,1,2.564809,5.136543,0.105,Clean
642.2235,1,2.564809,5.136543,0.105,Clean
642.3362,1,2.564809,5.136543,0.105,Clean
642.449,1,2.564809,5.136543,0.105,Clean
642.5649,1,2.564809,5.136543,0.105,Clean
642.6782,1,2.564809,5.136543,0.105,Clean
642.8077,1,2.564809,5.136543,0.105,Clean
642.9391,1,2.564809,5.136543,0.105,Clean
643.1335,1,2.564809,5.136543,0.105,Clean
643.2638,1,2.564809,5.136543,0.105,Clean
643.3893,1,2.564809,5.136543,0.105,Clean
643.5099,1,2.564809,5.136543,0.105,Clean
643.6353,1,2.564809,5.136543,0.105,Clean
643.749,1,2.564809,5.136543,0.105,Clean
643.864,1,2.564809,5.136543,0.105,Clean
643.9811,1,2.564809,5.136543,0.105,Clean
644.1076,1,2.564809,5.136543,0.105,Clean
644.24,1,2.564809,5.136543,0.105,Clean
644.3765,1,2.564809,5.136543,0.105,Clean
644.4979,1,2.564809,5.136543,0.105,Clean
644.6098,1,2.564809,5.136543,0.105,Clean
644.7379,1,2.564809,5.136543,0.105,Clean
644.8662,1,2.564809,5.136543,0.105,Clean
644.9778,1,2.564809,5.136543,0.105,Clean
645.1255,1,2.564809,5.136543,0.105,Clean
645.2427,1,2.564809,5.136543,0.105,Clean
645.3555,1,2.564809,5.136543,0.105,Clean
645.4769,1,2.564809,5.136543,0.105,Clean
645.5924,1,2.564809,5.136543,0.105,Clean
645.7076,1,2.564809,5.136543,0.105,Clean
645.8198,1,2.564809,5.136543,0.105,Clean
645.9416,1,2.564809,5.136543,0.105,Clean
646.0604,1,2.564809,5.136543,0.105,Clean
646.177,1,2.564809,5.136543,0.105,Clean
646.2977,1,2.564809,5.136543,0.105,Clean
646.4138,1,2.564809,5.136543,0.105,Clean
646.5388,1,2.564809,5.136543,0.105,Clean
646.6559,1,2.564809,5.136543,0.105,Clean
646.7679,1,2.564809,5.136543,0.105,Clean
646.9011,1,2.564809,5.136543,0.105,Clean
647.0204,1,2.564809,5.136543,0.105,Clean
647.1652,1,2.564809,5.136543,0.105,Clean
647.2793,1,2.564809,5.136543,0.105,Clean
647.3975,1,2.564809,5.136543,0.105,Clean
647.5148,1,2.564809,5.136543,0.105,Clean
647.6322,1,2.564809,5.136543,0.105,Clean
647.7585,1,2.564809,5.136543,0.105,Clean
647.8776,1,2.564809,5.136543,0.105,Clean
647.9983,1,2.564809,5.136543,0.105,Clean
648.1308,1,2.564809,5.136543,0.105,Clean
648.248,1,2.564809,5.136543,0.105,Clean
648.3666,1,2.564809,5.136543,0.105,Clean
648.4833,1,2.564809,5.136543,0.105,Clean
648.6018,1,2.564809,5.136543,0.105,Clean
648.7163,1,2.564809,5.136543,0.105,Clean
648.8363,1,2.564809,5.136543,0.105,Clean
648.9588,1,2.564809,5.136543,0.105,Clean
649.0751,1,2.564809,5.136543,0.105,Clean
649.2261,1,2.564809,5.136543,0.105,Clean
649.3461,1,2.564809,5.136543,0.105,Clean
649.463,1,2.564809,5.136543,0.105,Clean
649.589,1,2.564809,5.136543,0.105,Clean
649.7075,1,2.564809,5.136543,0.105,Clean
649.8302,1,2.564809,5.136543,0.105,Clean
649.9462,1,2.564809,5.136543,0.105,Clean
650.0682,1,2.564809,5.136543,0.105,Clean
650.1847,1,2.564809,5.136543,0.105,Clean
650.3066,1,2.564809,5.136543,0.105,Clean
650.4258,1,2.564809,5.136543,0.105,Clean
650.5407,1,2.564809,5.136543,0.105,Clean
650.6609,1,2.564809,5.136543,0.105,Clean
650.7778,1,2.564809,5.136543,0.105,Clean
650.8961,1,2.564809,5.136543,0.105,Clean
651.0148,1,2.564809,5.136543,0.105,Clean
651.1337,1,2.564809,5.136543,0.105,Clean
651.2924,1,2.564809,5.136543,0.105,Clean
651.4354,1,2.564809,5.136543,0.105,Clean
651.5488,1,2.564809,5.136543,0.105,Clean
651.6727,1,2.564809,5.136543,0.105,Clean
651.7961,1,2.564809,5.136543,0.105,Clean
651.9128,1,2.564809,5.136543,0.105,Clean
652.0313,1,2.564809,5.136543,0.105,Clean
652.1487,1,2.564809,5.136543,0.105,Clean
652.2666,1,2.564809,5.136543,0.105,Clean
652.3828,1,2.564809,5.136543,0.105,Clean
652.4998,1,2.564809,5.136543,0.105,Clean
652.6168,1,2.564809,5.136543,0.105,Clean
652.7351,1,2.564809,5.136543,0.105,Clean
652.8505,1,2.564809,5.136543,0.105,Clean
652.9694,1,2.564809,5.136543,0.105,Clean
653.0878,1,2.564809,5.136543,0.105,Clean
653.2068,1,2.564809,5.136543,0.105,Clean
653.3656,1,2.564809,5.136543,0.105,Clean
653.4885,1,2.564809,5.136543,0.105,Clean
653.6166,1,2.564809,5.136543,0.105,Clean
653.7335,1,2.564809,5.136543,0.105,Clean
653.86,1,2.564809,5.136543,0.105,Clean
653.9806,1,2.564809,5.136543,0.105,Clean
654.098,1,2.564809,5.136543,0.105,Clean
654.2159,1,2.564809,5.136543,0.105,Clean
654.3365,1,2.564809,5.136543,0.105,Clean
654.4547,1,2.564809,5.136543,0.105,Clean
654.572,1,2.564809,5.136543,0.105,Clean
654.6935,1,2.564809,5.136543,0.105,Clean
654.832,1,2.564809,5.136543,0.105,Clean
654.9485,1,2.564809,5.136543,0.105,Clean
655.065,1,2.564809,5.136543,0.105,Clean
655.1821,1,2.564809,5.136543,0.105,Clean
655.3059,1,2.564809,5.136543,0.105,Clean
655.4598,1,2.564809,5.136543,0.105,Clean
655.5818,1,2.564809,5.136543,0.105,Clean
655.7004,1,2.564809,5.136543,0.105,Clean
655.818,1,2.564809,5.136543,0.105,Clean
655.9369,1,2.564809,5.136543,0.105,Clean
656.0501,1,2.564809,5.136543,0.105,Clean
656.1682,1,2.564809,5.136543,0.105,Clean
656.2875,1,2.564809,5.136543,0.105,Clean
656.4089,1,2.564809,5.136543,0.105,Clean
656.5296,1,2.564809,5.136543,0.105,Clean
656.6452,1,2.564809,5.136543,0.105,Clean
656.7677,1,2.564809,5.136543,0.105,Clean
656.8873,1,2.564809,5.136543,0.105,Clean
657.0075,1,2.564809,5.136543,0.105,Clean
657.1252,1,2.564809,5.136543,0.105,Clean
657.2456,1,2.564809,5.136543,0.105,Clean
657.3766,1,2.564809,5.136543,0.105,Clean
657.5309,1,2.564809,5.136543,0.105,Clean
657.6553,1,2.564809,5.136543,0.105,Clean
657.7755,1,2.564809,5.136543,0.105,Clean
657.8953,1,2.564809,5.136543,0.105,Clean
658.0145,1,2.564809,5.136543,0.105,Clean
658.1496,1,2.564809,5.136543,0.105,Clean
658.2766,1,2.564809,5.136543,0.105,Clean
658.3975,1,2.564809,5.136543,0.105,Clean
658.5145,1,2.564809,5.136543,0.105,Clean
658.6296,1,2.564809,5.136543,0.105,Clean
658.7482,1,2.564809,5.136543,0.105,Clean
658.8679,1,2.564809,5.136543,0.105,Clean
659.0004,1,2.564809,5.136543,0.105,Clean
659.1161,1,2.564809,5.136543,0.105,Clean
659.2335,1,2.564809,5.136543,0.105,Clean
659.3511,1,2.564809,5.136543,0.105,Clean
659.4679,1,2.564809,5.136543,0.105,Clean
659.6201,1,2.564809,5.136543,0.105,Clean
659.7386,1,2.564809,5.136543,0.105,Clean
659.8655,1,2.564809,5.136543,0.105,Clean
659.9887,1,2.564809,5.136543,0.105,Clean
660.1071,1,2.564809,5.136543,0.105,Clean
660.2239,1,2.564809,5.136543,0.105,Clean
660.3546,1,2.564809,5.136543,0.105,Clean
660.4734,1,2.564809,5.136543,0.105,Clean
660.597,1,2.564809,5.136543,0.105,Clean
660.724,1,2.564809,5.136543,0.105,Clean
660.8423,1,2.564809,5.136543,0.105,Clean
660.9611,1,2.564809,5.136543,0.105,Clean
661.0789,1,2.564809,5.136543,0.105,Clean
661.197,1,2.564809,5.136543,0.105,Clean
661.3162,1,2.564809,5.136543,0.105,Clean
661.4343,1,2.564809,5.136543,0.105,Clean
661.5698,1,2.564809,5.136543,0.105,Clean
661.7405,1,2.564809,5.136543,0.105,Clean
661.8899,1,2.564809,5.136543,0.105,Clean
662.0428,1,2.564809,5.136543,0.105,Clean
662.1692,1,2.564809,5.136543,0.105,Clean
662.28,1,2.564809,5.136543,0.105,Clean
662.3954,1,2.564809,5.136543,0.105,Clean
662.5181,1,2.564809,5.136543,0.105,Clean
662.6302,1,2.564809,5.136543,0.105,Clean
662.7471,1,2.564809,5.136543,0.105,Clean
662.8661,1,2.564809,5.136543,0.105,Clean
662.9822,1,2.564809,5.136543,0.105,Clean
663.1016,1,2.564809,5.136543,0.105,Clean
663.2194,1,2.564809,5.136543,0.105,Clean
663.3453,1,2.564809,5.136543,0.105,Clean
663.463,1,2.564809,5.136543,0.105,Clean
663.5798,1,2.564809,5.136543,0.105,Clean
663.7352,1,2.564809,5.136543,0.105,Clean
663.8546,1,2.564809,5.136543,0.105,Clean
663.9727,1,2.564809,5.136543,0.105,Clean
664.0904,1,2.564809,5.136543,0.105,Clean
664.2164,1,2.564809,5.136543,0.105,Clean
664.3414,1,2.564809,5.136543,0.105,Clean
664.4587,1,2.564809,5.136543,0.105,Clean
664.5785,1,2.564809,5.136543,0.105,Clean
664.6981,1,2.564809,5.136543,0.105,Clean
664.815,1,2.564809,5.136543,0.105,Clean
664.9498,1,2.564809,5.136543,0.105,Clean
665.0677,1,2.564809,5.136543,0.105,Clean
665.1863,1,2.564809,5.136543,0.105,Clean
665.303,1,2.564809,5.136543,0.105,Clean
665.4246,1,2.564809,5.136543,0.105,Clean
665.5428,1,2.564809,5.136543,0.105,Clean
665.677,1,2.564809,5.136543,0.105,Clean
665.8262,1,2.564809,5.136543,0.105,Clean
665.9529,1,2.564809,5.136543,0.105,Clean
666.0748,1,2.564809,5.136543,0.105,Clean
666.1898,1,2.564809,5.136543,0.105,Clean
666.306,1,2.564809,5.136543,0.105,Clean
666.4236,1,2.564809,5.136543,0.105,Clean
666.5438,1,2.564809,5.136543,0.105,Clean
666.6729,1,2.564809,5.136543,0.105,Clean
666.801,1,2.564809,5.136543,0.105,Clean
666.9265,1,2.564809,5.136543,0.105,Clean
667.0525,1,2.564809,5.136543,0.105,Clean
667.1782,1,2.564809,5.136543,0.105,Clean
667.3032,1,2.564809,5.136543,0.105,Clean
667.434,1,2.564809,5.136543,0.105,Clean
667.5571,1,2.564809,5.136543,0.105,Clean
667.6802,1,2.564809,5.136543,0.105,Clean
667.8551,1,2.564809,5.136543,0.105,Clean
667.9791,1,2.564809,5.136543,0.105,Clean
668.1035,1,2.564809,5.136543,0.105,Clean
668.2264,1,2.564809,5.136543,0.105,Clean
668.3809,1,2.564809,5.136543,0.105,Clean
668.5029,1,2.564809,5.136543,0.105,Clean
668.6364,1,2.564809,5.136543,0.105,Clean
668.7607,1,2.564809,5.136543,0.105,Clean
668.8809,1,2.564809,5.136543,0.105,Clean
669.0198,1,2.564809,5.136543,0.105,Clean
669.1428,1,2.564809,5.136543,0.105,Clean
669.2644,1,2.564809,5.136543,0.105,Clean
669.3859,1,2.564809,5.136543,0.105,Clean
669.5141,1,2.564809,5.136543,0.105,Clean
669.6458,1,2.564809,5.136543,0.105,Clean
669.767,1,2.564809,5.136543,0.105,Clean
669.932,1,2.564809,5.136543,0.105,Clean
670.0553,1,2.564809,5.136543,0.105,Clean
670.1857,1,2.564809,5.136543,0.105,Clean
670.3063,1,2.564809,5.136543,0.105,Clean
670.4294,1,2.564809,5.136543,0.105,Clean
670.5602,1,2.564809,5.136543,0.105,Clean
670.6853,1,2.564809,5.136543,0.105,Clean
670.8148,1,2.564809,5.136543,0.105,Clean
670.9369,1,2.564809,5.136543,0.105,Clean
671.0572,1,2.564809,5.136543,0.105,Clean
671.1812,1,2.564809,5.136543,0.105,Clean
671.3085,1,2.564809,5.136543,0.105,Clean
671.436,1,2.564809,5.136543,0.105,Clean
671.5597,1,2.564809,5.136543,0.105,Clean
671.6855,1,2.564809,5.136543,0.105,Clean
671.8055,1,2.564809,5.136543,0.105,Clean
671.9843,1,2.564809,5.136543,0.105,Clean
672.1177,1,2.564809,5.136543,0.105,Clean
672.2397,1,2.564809,5.136543,0.105,Clean
672.3647,1,2.564809,5.136543,0.105,Clean
672.4915,1,2.564809,5.136543,0.105,Clean
672.616,1,2.564809,5.136543,0.105,Clean
672.7391,1,2.564809,5.136543,0.105,Clean
672.8638,1,2.564809,5.136543,0.105,Clean
672.9846,1,2.564809,5.136543,0.105,Clean
673.1192,1,2.564809,5.136543,0.105,Clean
673.2427,1,2.564809,5.136543,0.105,Clean
673.368,1,2.564809,5.136543,0.105,Clean
673.4907,1,2.564809,5.136543,0.105,Clean
673.6143,1,2.564809,5.136543,0.105,Clean
673.7429,1,2.564809,5.136543,0.105,Clean
673.8699,1,2.564809,5.136543,0.105,Clean
674.0334,1,2.564809,5.136543,0.105,Clean
674.1604,1,2.564809,5.136543,0.105,Clean
674.2832,1,2.564809,5.136543,0.105,Clean
674.4021,1,2.564809,5.136543,0.105,Clean
674.5303,1,2.564809,5.136543,0.105,Clean
674.6514,1,2.564809,5.136543,0.105,Clean
674.7743,1,2.564809,5.136543,0.105,Clean
674.9055,1,2.564809,5.136543,0.105,Clean
675.031,1,2.564809,5.136543,0.105,Clean
675.1516,1,2.564809,5.136543,0.105,Clean
675.2756,1,2.564809,5.136543,0.105,Clean
675.4382,1,2.564809,5.136543,0.105,Clean
675.5637,1,2.564809,5.136543,0.105,Clean
675.6866,1,2.564809,5.136543,0.105,Clean
675.8114,1,2.564809,5.136543,0.105,Clean
675.9324,1,2.564809,5.136543,0.105,Clean
676.095,1,2.564809,5.136543,0.105,Clean
676.2245,1,2.564809,5.136543,0.105,Clean
676.3551,1,2.564809,5.136543,0.105,Clean
676.4811,1,2.564809,5.136543,0.105,Clean
676.6184,1,2.564809,5.136543,0.105,Clean
676.7481,1,2.564809,5.136543,0.105,Clean
676.8784,1,2.564809,5.136543,0.105,Clean
677.0057,1,2.564809,5.136543,0.105,Clean
677.1442,1,2.564809,5.136543,0.105,Clean
677.2826,1,2.564809,5.136543,0.105,Clean
677.3971,1,2.564809,5.136543,0.105,Clean
677.511,1,2.564809,5.136543,0.105,Clean
677.6234,1,2.564809,5.136543,0.105,Clean
677.7581,1,2.564809,5.136543,0.105,Clean
677.8712,1,2.564809,5.136543,0.105,Clean
677.9901,1,2.564809,5.136543,0.105,Clean
678.1512,1,2.564809,5.136543,0.105,Clean
678.2671,1,2.564809,5.136543,0.105,Clean
678.3936,1,2.564809,5.136543,0.105,Clean
678.5184,1,2.564809,5.136543,0.105,Clean
678.6364,1,2.564809,5.136543,0.105,Clean
678.7604,1,2.564809,5.136543,0.105,Clean
678.9031,1,2.564809,5.136543,0.105,Clean
679.0359,1,2.564809,5.136543,0.105,Clean
679.1578,1,2.564809,5.136543,0.105,Clean
679.274,1,2.564809,5.136543,0.105,Clean
679.3884,1,2.564809,5.136543,0.105,Clean
679.5157,1,2.564809,5.136543,0.105,Clean
679.6405,1,2.564809,5.136543,0.105,Clean
679.7606,1,2.564809,5.136543,0.105,Clean
679.887,1,2.564809,5.136543,0.105,Clean
680.0052,1,2.564809,5.136543,0.105,Clean
680.1659,1,2.564809,5.136543,0.105,Clean
680.2961,1,2.564809,5.136543,0.105,Clean
680.4198,1,2.564809,5.136543,0.105,Clean
680.5441,1,2.564809,5.136543,0.105,Clean
680.6702,1,2.564809,5.136543,0.105,Clean
680.7954,1,2.564809,5.136543,0.105,Clean
680.9202,1,2.564809,5.136543,0.105,Clean
681.0459,1,2.564809,5.136543,0.105,Clean
681.1713,1,2.564809,5.136543,0.105,Clean
681.2927,1,2.564809,5.136543,0.105,Clean
681.4138,1,2.564809,5.136543,0.105,Clean
681.5378,1,2.564809,5.136543,0.105,Clean
681.6583,1,2.564809,5.136543,0.105,Clean
681.7793,1,2.564809,5.136543,0.105,Clean
681.9058,1,2.564809,5.136543,0.105,Clean
682.0385,1,2.564809,5.136543,0.105,Clean
682.2002,1,2.564809,5.136543,0.105,Clean
682.3419,1,2.564809,5.136543,0.105,Clean
682.462,1,2.564809,5.136543,0.105,Clean
682.5938,1,2.564809,5.136543,0.105,Clean
682.718,1,2.564809,5.136543,0.105,Clean
682.8395,1,2.564809,5.136543,0.105,Clean
682.9606,1,2.564809,5.136543,0.105,Clean
683.0918,1,2.564809,5.136543,0.105,Clean
683.2181,1,2.564809,5.136543,0.105,Clean
683.3511,1,2.564809,5.136543,0.105,Clean
683.4814,1,2.564809,5.136543,0.105,Clean
683.6147,1,2.564809,5.136543,0.105,Clean
683.7535,1,2.564809,5.136543,0.105,Clean
683.8864,1,2.564809,5.136543,0.105,Clean
684.0168,1,2.564809,5.136543,0.105,Clean
684.151,1,2.564809,5.136543,0.105,Clean
684.3323,1,2.564809,5.136543,0.105,Clean
684.4674,1,2.564809,5.136543,0.105,Clean
684.6002,1,2.564809,5.136543,0.105,Clean
684.733,1,2.564809,5.136543,0.105,Clean
684.8588,1,2.564809,5.136543,0.105,Clean
684.9917,1,2.564809,5.136543,0.105,Clean
685.1268,1,2.564809,5.136543,0.105,Clean
685.2585,1,2.564809,5.136543,0.105,Clean
685.3965,1,2.564809,5.136543,0.105,Clean
685.5294,1,2.564809,5.136543,0.105,Clean
685.6702,1,2.564809,5.136543,0.105,Clean
685.7966,1,2.564809,5.136543,0.105,Clean
685.9231,1,2.564809,5.136543,0.105,Clean
686.0892,1,2.564809,5.136543,0.105,Clean
686.2182,1,2.564809,5.136543,0.105,Clean
686.3914,1,2.564809,5.136543,0.105,Clean
686.5236,1,2.564809,5.136543,0.105,Clean
686.6528,1,2.564809,5.136543,0.105,Clean
686.7878,1,2.564809,5.136543,0.105,Clean
686.9146,1,2.564809,5.136543,0.105,Clean
687.0436,1,2.564809,5.136543,0.105,Clean
687.1748,1,2.564809,5.136543,0.105,Clean
687.3115,1,2.564809,5.136543,0.105,Clean
687.4467,1,2.564809,5.136543,0.105,Clean
687.5798,1,2.564809,5.136543,0.105,Clean
687.7119,1,2.564809,5.136543,0.105,Clean
687.843,1,2.564809,5.136543,0.105,Clean
687.9818,1,2.564809,5.136543,0.105,Clean
688.1033,1,2.564809,5.136543,0.105,Clean
688.2344,1,2.564809,5.136543,0.105,Clean
688.3962,1,2.564809,5.136543,0.105,Clean
688.5167,1,2.564809,5.136543,0.105,Clean
688.6443,1,2.564809,5.136543,0.105,Clean
688.77,1,2.564809,5.136543,0.105,Clean
688.8959,1,2.564809,5.136543,0.105,Clean
689.0248,1,2.564809,5.136543,0.105,Clean
689.1517,1,2.564809,5.136543,0.105,Clean
689.2803,1,2.564809,5.136543,0.105,Clean
689.4033,1,2.564809,5.136543,0.105,Clean
689.528,1,2.564809,5.136543,0.105,Clean
689.6696,1,2.564809,5.136543,0.105,Clean
689.7928,1,2.564809,5.136543,0.105,Clean
689.9208,1,2.564809,5.136543,0.105,Clean
690.0422,1,2.564809,5.136543,0.105,Clean
690.1646,1,2.564809,5.136543,0.105,Clean
690.2863,1,2.564809,5.136543,0.105,Clean
690.446,1,2.564809,5.136543,0.105,Clean
690.5745,1,2.564809,5.136543,0.105,Clean
690.7043,1,2.564809,5.136543,0.105,Clean
690.8289,1,2.564809,5.136543,0.105,Clean
690.9541,1,2.564809,5.136543,0.105,Clean
691.0728,1,2.564809,5.136543,0.105,Clean
691.1934,1,2.564809,5.136543,0.105,Clean
691.3225,1,2.564809,5.136543,0.105,Clean
691.4528,1,2.564809,5.136543,0.105,Clean
691.5717,1,2.564809,5.136543,0.105,Clean
691.6948,1,2.564809,5.136543,0.105,Clean
691.8197,1,2.564809,5.136543,0.105,Clean
691.9442,1,2.564809,5.136543,0.105,Clean
692.069,1,2.564809,5.136543,0.105,Clean
692.1927,1,2.564809,5.136543,0.105,Clean
692.3258,1,2.564809,5.136543,0.105,Clean
692.5439,1,2.564809,5.136543,0.105,Clean
692.6869,1,2.564809,5.136543,0.105,Clean
692.8162,1,2.564809,5.136543,0.105,Clean
692.9387,1,2.564809,5.136543,0.105,Clean
693.0568,1,2.564809,5.136543,0.105,Clean
693.215,1,2.564809,5.136543,0.105,Clean
693.3323,1,2.564809,5.136543,0.105,Clean
693.4574,1,2.564809,5.136543,0.105,Clean
693.5746,1,2.564809,5.136543,0.105,Clean
693.6909,1,2.564809,5.136543,0.105,Clean
693.8071,1,2.564809,5.136543,0.105,Clean
693.923,1,2.564809,5.136543,0.105,Clean
694.0461,1,2.564809,5.136543,0.105,Clean
694.1669,1,2.564809,5.136543,0.105,Clean
694.283,1,2.564809,5.136543,0.105,Clean
694.4099,1,2.564809,5.136543,0.105,Clean
694.5671,1,2.564809,5.136543,0.105,Clean
694.6895,1,2.564809,5.136543,0.105,Clean
694.8045,1,2.564809,5.136543,0.105,Clean
694.9255,1,2.564809,5.136543,0.105,Clean
695.0462,1,2.564809,5.136543,0.105,Clean
695.1859,1,2.564809,5.136543,0.105,Clean
695.3059,1,2.564809,5.136543,0.105,Clean
695.4265,1,2.564809,5.136543,0.105,Clean
695.5533,1,2.564809,5.136543,0.105,Clean
695.6697,1,2.564809,5.136543,0.105,Clean
695.7892,1,2.564809,5.136543,0.105,Clean
695.9081,1,2.564809,5.136543,0.105,Clean
696.0253,1,2.564809,5.136543,0.105,Clean
696.142,1,2.564809,5.136543,0.105,Clean
696.2639,1,2.564809,5.136543,0.105,Clean
696.3839,1,2.564809,5.136543,0.105,Clean
696.4979,1,2.564809,5.136543,0.105,Clean
696.6664,1,2.564809,5.136543,0.105,Clean
696.7817,1,2.564809,5.136543,0.105,Clean
696.903,1,2.564809,5.136543,0.105,Clean
697.0157,1,2.564809,5.136543,0.105,Clean
697.1271,1,2.564809,5.136543,0.105,Clean
697.2382,1,2.564809,5.136543,0.105,Clean
697.3514,1,2.564809,5.136543,0.105,Clean
697.4668,1,2.564809,5.136543,0.105,Clean
697.5803,1,2.564809,5.136543,0.105,Clean
697.6974,1,2.564809,5.136543,0.105,Clean
697.8152,1,2.564809,5.136543,0.105,Clean
697.9292,1,2.564809,5.136543,0.105,Clean
698.0461,1,2.564809,5.136543,0.105,Clean
698.1622,1,2.564809,5.136543,0.105,Clean
698.2811,1,2.564809,5.136543,0.105,Clean
698.3927,1,2.564809,5.136543,0.105,Clean
698.5079,1,2.564809,5.136543,0.105,Clean
698.6274,1,2.564809,5.136543,0.105,Clean
698.7731,1,2.564809,5.136543,0.105,Clean
698.8912,1,2.564809,5.136543,0.105,Clean
699.0134,1,2.564809,5.136543,0.105,Clean
699.1344,1,2.564809,5.136543,0.105,Clean
699.275,1,2.564809,5.136543,0.105,Clean
699.3994,1,2.564809,5.136543,0.105,Clean
699.5167,1,2.564809,5.136543,0.105,Clean
699.6354,1,2.564809,5.136543,0.105,Clean
699.7563,1,2.564809,5.136543,0.105,Clean
699.8969,1,2.564809,5.136543,0.105,Clean
700.0145,1,2.564809,5.136543,0.105,Clean
700.1306,1,2.564809,5.136543,0.105,Clean
700.2496,1,2.564809,5.136543,0.105,Clean
700.3715,1,2.564809,5.136543,0.105,Clean
700.4891,1,2.564809,5.136543,0.105,Clean
700.6057,1,2.564809,5.136543,0.105,Clean
700.7246,1,2.564809,5.136543,0.105,Clean
700.8811,1,2.564809,5.136543,0.105,Clean
701.0103,1,2.564809,5.136543,0.105,Clean
701.1344,1,2.564809,5.136543,0.105,Clean
701.2694,1,2.564809,5.136543,0.105,Clean
701.4038,1,2.564809,5.136543,0.105,Clean
701.5245,1,2.564809,5.136543,0.105,Clean
701.6472,1,2.564809,5.136543,0.105,Clean
701.7626,1,2.564809,5.136543,0.105,Clean
701.8772,1,2.564809,5.136543,0.105,Clean
701.9936,1,2.564809,5.136543,0.105,Clean
702.1139,1,2.564809,5.136543,0.105,Clean
702.2317,1,2.564809,5.136543,0.105,Clean
702.3495,1,2.564809,5.136543,0.105,Clean
702.4685,1,2.564809,5.136543,0.105,Clean
702.5839,1,2.564809,5.136543,0.105,Clean
702.7007,1,2.564809,5.136543,0.105,Clean
702.817,1,2.564809,5.136543,0.105,Clean
702.9665,1,2.564809,5.136543,0.105,Clean
703.09,1,2.564809,5.136543,0.105,Clean
703.2292,1,2.564809,5.136543,0.105,Clean
703.3472,1,2.564809,5.136543,0.105,Clean
703.4714,1,2.564809,5.136543,0.105,Clean
703.587,1,2.564809,5.136543,0.105,Clean
703.7034,1,2.564809,5.136543,0.105,Clean
703.8457,1,2.564809,5.136543,0.105,Clean
703.964,1,2.564809,5.136543,0.105,Clean
704.0789,1,2.564809,5.136543,0.105,Clean
704.199,1,2.564809,5.136543,0.105,Clean
704.316,1,2.564809,5.136543,0.105,Clean
704.4366,1,2.564809,5.136543,0.105,Clean
704.5594,1,2.564809,5.136543,0.105,Clean
704.6744,1,2.564809,5.136543,0.105,Clean
704.7889,1,2.564809,5.136543,0.105,Clean
704.9076,1,2.564809,5.136543,0.105,Clean
705.0698,1,2.564809,5.136543,0.105,Clean
705.1888,1,2.564809,5.136543,0.105,Clean
705.3049,1,2.564809,5.136543,0.105,Clean
705.4226,1,2.564809,5.136543,0.105,Clean
705.5464,1,2.564809,5.136543,0.105,Clean
705.6614,1,2.564809,5.136543,0.105,Clean
705.7775,1,2.564809,5.136543,0.105,Clean
705.8959,1,2.564809,5.136543,0.105,Clean
706.0151,1,2.564809,5.136543,0.105,Clean
706.1316,1,2.564809,5.136543,0.105,Clean
706.2499,1,2.564809,5.136543,0.105,Clean
706.3715,1,2.564809,5.136543,0.105,Clean
706.4893,1,2.564809,5.136543,0.105,Clean
706.6228,1,2.564809,5.136543,0.105,Clean
706.7515,1,2.564809,5.136543,0.105,Clean
706.8785,1,2.564809,5.136543,0.105,Clean
707.0054,1,2.564809,5.136543,0.105,Clean
707.1633,1,2.564809,5.136543,0.105,Clean
707.2817,1,2.564809,5.136543,0.105,Clean
707.399,1,2.564809,5.136543,0.105,Clean
707.5161,1,2.564809,5.136543,0.105,Clean
707.6374,1,2.564809,5.136543,0.105,Clean
707.7552,1,2.564809,5.136543,0.105,Clean
707.8748,1,2.564809,5.136543,0.105,Clean
707.9938,1,2.564809,5.136543,0.105,Clean
708.1174,1,2.564809,5.136543,0.105,Clean
708.2399,1,2.564809,5.136543,0.105,Clean
708.3688,1,2.564809,5.136543,0.105,Clean
708.4874,1,2.564809,5.136543,0.105,Clean
708.6183,1,2.564809,5.136543,0.105,Clean
708.7441,1,2.564809,5.136543,0.105,Clean
708.8641,1,2.564809,5.136543,0.105,Clean
708.9809,1,2.564809,5.136543,0.105,Clean
709.1018,1,2.564809,5.136543,0.105,Clean
709.2595,1,2.564809,5.136543,0.105,Clean
709.3834,1,2.564809,5.136543,0.105,Clean
709.5026,1,2.564809,5.136543,0.105,Clean
709.624,1,2.564809,5.136543,0.105,Clean
709.7446,1,2.564809,5.136543,0.105,Clean
709.8707,1,2.564809,5.136543,0.105,Clean
710.0293,1,2.564809,5.136543,0.105,Clean
710.1487,1,2.564809,5.136543,0.105,Clean
710.2805,1,2.564809,5.136543,0.105,Clean
710.4317,1,2.564809,5.136543,0.105,Clean
710.5683,1,2.564809,5.136543,0.105,Clean
710.7092,1,2.564809,5.136543,0.105,Clean
710.8406,1,2.564809,5.136543,0.105,Clean
710.9536,1,2.564809,5.136543,0.105,Clean
711.0703,1,2.564809,5.136543,0.105,Clean
711.1991,1,2.564809,5.136543,0.105,Clean
711.3517,1,2.564809,5.136543,0.105,Clean
711.4681,1,2.564809,5.136543,0.105,Clean
711.5857,1,2.564809,5.136543,0.105,Clean
711.7046,1,2.564809,5.136543,0.105,Clean
711.8306,1,2.564809,5.136543,0.105,Clean
711.9508,1,2.564809,5.136543,0.105,Clean
712.0753,1,2.564809,5.136543,0.105,Clean
712.2023,1,2.564809,5.136543,0.105,Clean
712.3235,1,2.564809,5.136543,0.105,Clean
712.4445,1,2.564809,5.136543,0.105,Clean
712.5803,1,2.564809,5.136543,0.105,Clean
712.6989,1,2.564809,5.136543,0.105,Clean
712.8223,1,2.564809,5.136543,0.105,Clean
712.9449,1,2.564809,5.136543,0.105,Clean
713.0681,1,2.564809,5.136543,0.105,Clean
713.1862,1,2.564809,5.136543,0.105,Clean
713.3055,1,2.564809,5.136543,0.105,Clean
713.4752,1,2.564809,5.136543,0.105,Clean
713.595,1,2.564809,5.136543,0.105,Clean
713.7215,1,2.564809,5.136543,0.105,Clean
713.8412,1,2.564809,5.136543,0.105,Clean
713.9701,1,2.564809,5.136543,0.105,Clean
714.0951,1,2.564809,5.136543,0.105,Clean
714.2177,1,2.564809,5.136543,0.105,Clean
714.3363,1,2.564809,5.136543,0.105,Clean
714.4561,1,2.564809,5.136543,0.105,Clean
714.5763,1,2.564809,5.136543,0.105,Clean
714.6942,1,2.564809,5.136543,0.105,Clean
714.8182,1,2.564809,5.136543,0.105,Clean
714.9359,1,2.564809,5.136543,0.105,Clean
715.0579,1,2.564809,5.136543,0.105,Clean
715.1792,1,2.564809,5.136543,0.105,Clean
715.3038,1,2.564809,5.136543,0.105,Clean
715.4681,1,2.564809,5.136543,0.105,Clean
715.5966,1,2.564809,5.136543,0.105,Clean
715.7235,1,2.564809,5.136543,0.105,Clean
715.8505,1,2.564809,5.136543,0.105,Clean
715.9689,1,2.564809,5.136543,0.105,Clean
716.0862,1,2.564809,5.136543,0.105,Clean
716.2039,1,2.564809,5.136543,0.105,Clean
716.3224,1,2.564809,5.136543,0.105,Clean
716.4417,1,2.564809,5.136543,0.105,Clean
716.5594,1,2.564809,5.136543,0.105,Clean
716.6775,1,2.564809,5.136543,0.105,Clean
716.7964,1,2.564809,5.136543,0.105,Clean
716.9344,1,2.564809,5.136543,0.105,Clean
717.0526,1,2.564809,5.136543,0.105,Clean
717.1735,1,2.564809,5.136543,0.105,Clean
717.2999,1,2.564809,5.136543,0.105,Clean
717.421,1,2.564809,5.136543,0.105,Clean
717.5799,1,2.564809,5.136543,0.105,Clean
717.6992,1,2.564809,5.136543,0.105,Clean
717.8176,1,2.564809,5.136543,0.105,Clean
717.9353,1,2.564809,5.136543,0.105,Clean
718.0522,1,2.564809,5.136543,0.105,Clean
718.171,1,2.564809,5.136543,0.105,Clean
718.2902,1,2.564809,5.136543,0.105,Clean
718.4088,1,2.564809,5.136543,0.105,Clean
718.525,1,2.564809,5.136543,0.105,Clean
718.6467,1,2.564809,5.136543,0.105,Clean
718.7666,1,2.564809,5.136543,0.105,Clean
718.8855,1,2.564809,5.136543,0.105,Clean
719.0021,1,2.564809,5.136543,0.105,Clean
719.1276,1,2.564809,5.136543,0.105,Clean
719.2572,1,2.564809,5.136543,0.105,Clean
719.3837,1,2.564809,5.136543,0.105,Clean
719.5078,1,2.564809,5.136543,0.105,Clean
719.673,1,2.564809,5.136543,0.105,Clean
719.8018,1,2.564809,5.136543,0.105,Clean
719.9219,1,2.564809,5.136543,0.105,Clean
720.0417,1,2.564809,5.136543,0.105,Clean
720.1624,1,2.564809,5.136543,0.105,Clean
720.3275,1,2.564809,5.136543,0.105,Clean
720.4493,1,2.564809,5.136543,0.105,Clean
720.5841,1,2.564809,5.136543,0.105,Clean
720.7119,1,2.564809,5.136543,0.105,Clean
720.8298,1,2.564809,5.136543,0.105,Clean
720.9437,1,2.564809,5.136543,0.105,Clean
721.0598,1,2.564809,5.136543,0.105,Clean
721.1953,1,2.564809,5.136543,0.105,Clean
721.3096,1,2.564809,5.136543,0.105,Clean
721.4308,1,2.564809,5.136543,0.105,Clean
721.5472,1,2.564809,5.136543,0.105,Clean
721.6996,1,2.564809,5.136543,0.105,Clean
721.8184,1,2.564809,5.136543,0.105,Clean
721.9354,1,2.564809,5.136543,0.105,Clean
722.0562,1,2.564809,5.136543,0.105,Clean
722.1735,1,2.564809,5.136543,0.105,Clean
722.2972,1,2.564809,5.136543,0.105,Clean
722.4208,1,2.564809,5.136543,0.105,Clean
722.5436,1,2.564809,5.136543,0.105,Clean
722.6682,1,2.564809,5.136543,0.105,Clean
722.7926,1,2.564809,5.136543,0.105,Clean
722.9254,1,2.564809,5.136543,0.105,Clean
723.0448,1,2.564809,5.136543,0.105,Clean
723.1626,1,2.564809,5.136543,0.105,Clean
723.2823,1,2.564809,5.136543,0.105,Clean
723.3992,1,2.564809,5.136543,0.105,Clean
723.5201,1,2.564809,5.136543,0.105,Clean
723.6389,1,2.564809,5.136543,0.105,Clean
723.8107,1,2.564809,5.136543,0.105,Clean
723.9293,1,2.564809,5.136543,0.105,Clean
724.0477,1,2.564809,5.136543,0.105,Clean
724.1654,1,2.564809,5.136543,0.105,Clean
724.2863,1,2.564809,5.136543,0.105,Clean
724.4028,1,2.564809,5.136543,0.105,Clean
724.5216,1,2.564809,5.136543,0.105,Clean
724.6415,1,2.564809,5.136543,0.105,Clean
724.7556,1,2.564809,5.136543,0.105,Clean
724.8715,1,2.564809,5.136543,0.105,Clean
724.9882,1,2.564809,5.136543,0.105,Clean
725.1126,1,2.564809,5.136543,0.105,Clean
725.23,1,2.564809,5.136543,0.105,Clean
725.3497,1,2.564809,5.136543,0.105,Clean
725.4752,1,2.564809,5.136543,0.105,Clean
725.5973,1,2.564809,5.136543,0.105,Clean
725.7196,1,2.564809,5.136543,0.105,Clean
725.8781,1,2.564809,5.136543,0.105,Clean
725.9954,1,2.564809,5.136543,0.105,Clean
726.1127,1,2.564809,5.136543,0.105,Clean
726.231,1,2.564809,5.136543,0.105,Clean
726.3502,1,2.564809,5.136543,0.105,Clean
726.4867,1,2.564809,5.136543,0.105,Clean
726.6044,1,2.564809,5.136543,0.105,Clean
726.7267,1,2.564809,5.136543,0.105,Clean
726.8484,1,2.564809,5.136543,0.105,Clean
726.9724,1,2.564809,5.136543,0.105,Clean
727.1235,1,2.564809,5.136543,0.105,Clean
727.2483,1,2.564809,5.136543,0.105,Clean
727.3729,1,2.564809,5.136543,0.105,Clean
727.4971,1,2.564809,5.136543,0.105,Clean
727.6279,1,2.564809,5.136543,0.105,Clean
727.7518,1,2.564809,5.136543,0.105,Clean
727.9087,1,2.564809,5.136543,0.105,Clean
728.0226,1,2.564809,5.136543,0.105,Clean
728.1417,1,2.564809,5.136543,0.105,Clean
728.2654,1,2.564809,5.136543,0.105,Clean
728.3782,1,2.564809,5.136543,0.105,Clean
728.4973,1,2.564809,5.136543,0.105,Clean
728.6128,1,2.564809,5.136543,0.105,Clean
728.7404,1,2.564809,5.136543,0.105,Clean
728.8683,1,2.564809,5.136543,0.105,Clean
728.9951,1,2.564809,5.136543,0.105,Clean
729.1206,1,2.564809,5.136543,0.105,Clean
729.2467,1,2.564809,5.136543,0.105,Clean
729.3828,1,2.564809,5.136543,0.105,Clean
729.5124,1,2.564809,5.136543,0.105,Clean
729.6511,1,2.564809,5.136543,0.105,Clean
729.7818,1,2.564809,5.136543,0.105,Clean
729.9821,1,2.564809,5.136543,0.105,Clean
730.1081,1,2.564809,5.136543,0.105,Clean
730.235,1,2.564809,5.136543,0.105,Clean
730.3676,1,2.564809,5.136543,0.105,Clean
730.4911,1,2.564809,5.136543,0.105,Clean
730.6381,1,2.564809,5.136543,0.105,Clean
730.7695,1,2.564809,5.136543,0.105,Clean
730.8995,1,2.564809,5.136543,0.105,Clean
731.0232,1,2.564809,5.136543,0.105,Clean
731.1534,1,2.564809,5.136543,0.105,Clean
731.2843,1,2.564809,5.136543,0.105,Clean
731.4197,1,2.564809,5.136543,0.105,Clean
731.5436,1,2.564809,5.136543,0.105,Clean
731.6783,1,2.564809,5.136543,0.105,Clean
731.8047,1,2.564809,5.136543,0.105,Clean
731.9277,1,2.564809,5.136543,0.105,Clean
732.093,1,2.564809,5.136543,0.105,Clean
732.2183,1,2.564809,5.136543,0.105,Clean
732.3395,1,2.564809,5.136543,0.105,Clean
732.4604,1,2.564809,5.136543,0.105,Clean
732.5885,1,2.564809,5.136543,0.105,Clean
732.7084,1,2.564809,5.136543,0.105,Clean
732.8322,1,2.564809,5.136543,0.105,Clean
732.9588,1,2.564809,5.136543,0.105,Clean
733.0792,1,2.564809,5.136543,0.105,Clean
733.1987,1,2.564809,5.136543,0.105,Clean
733.3203,1,2.564809,5.136543,0.105,Clean
733.4443,1,2.564809,5.136543,0.105,Clean
733.5692,1,2.564809,5.136543,0.105,Clean
733.6895,1,2.564809,5.136543,0.105,Clean
733.8074,1,2.564809,5.136543,0.105,Clean
733.9293,1,2.564809,5.136543,0.105,Clean
734.0481,1,2.564809,5.136543,0.105,Clean
734.2206,1,2.564809,5.136543,0.105,Clean
734.3405,1,2.564809,5.136543,0.105,Clean
734.46,1,2.564809,5.136543,0.105,Clean
734.5867,1,2.564809,5.136543,0.105,Clean
734.7067,1,2.564809,5.136543,0.105,Clean
734.8253,1,2.564809,5.136543,0.105,Clean
734.9434,1,2.564809,5.136543,0.105,Clean
735.0606,1,2.564809,5.136543,0.105,Clean
735.1942,1,2.564809,5.136543,0.105,Clean
735.3184,1,2.564809,5.136543,0.105,Clean
735.4414,1,2.564809,5.136543,0.105,Clean
735.5597,1,2.564809,5.136543,0.105,Clean
735.6823,1,2.564809,5.136543,0.105,Clean
735.8019,1,2.564809,5.136543,0.105,Clean
735.9288,1,2.564809,5.136543,0.105,Clean
736.0531,1,2.564809,5.136543,0.105,Clean
736.177,1,2.564809,5.136543,0.105,Clean
736.3334,1,2.564809,5.136543,0.105,Clean
736.4586,1,2.564809,5.136543,0.105,Clean
736.5783,1,2.564809,5.136543,0.105,Clean
736.6971,1,2.564809,5.136543,0.105,Clean
736.8173,1,2.564809,5.136543,0.105,Clean
736.9368,1,2.564809,5.136543,0.105,Clean
737.0631,1,2.564809,5.136543,0.105,Clean
737.1898,1,2.564809,5.136543,0.105,Clean
737.3124,1,2.564809,5.136543,0.105,Clean
737.4315,1,2.564809,5.136543,0.105,Clean
737.5784,1,2.564809,5.136543,0.105,Clean
737.7073,1,2.564809,5.136543,0.105,Clean
737.8386,1,2.564809,5.136543,0.105,Clean
737.959,1,2.564809,5.136543,0.105,Clean
738.0887,1,2.564809,5.136543,0.105,Clean
738.2144,1,2.564809,5.136543,0.105,Clean
738.3695,1,2.564809,5.136543,0.105,Clean
738.4938,1,2.564809,5.136543,0.105,Clean
738.6232,1,2.564809,5.136543,0.105,Clean
738.744,1,2.564809,5.136543,0.105,Clean
738.8809,1,2.564809,5.136543,0.105,Clean
739.0049,1,2.564809,5.136543,0.105,Clean
739.1271,1,2.564809,5.136543,0.105,Clean
739.25,1,2.564809,5.136543,0.105,Clean
739.3733,1,2.564809,5.136543,0.105,Clean
739.4912,1,2.564809,5.136543,0.105,Clean
739.6112,1,2.564809,5.136543,0.105,Clean
739.7299,1,2.564809,5.136543,0.105,Clean
739.8563,1,2.564809,5.136543,0.105,Clean
739.9827,1,2.564809,5.136543,0.105,Clean
740.1034,1,2.564809,5.136543,0.105,Clean
740.2236,1,2.564809,5.136543,0.105,Clean
740.3806,1,2.564809,5.136543,0.105,Clean
740.4994,1,2.564809,5.136543,0.105,Clean
740.6256,1,2.564809,5.136543,0.105,Clean
740.7444,1,2.564809,5.136543,0.105,Clean
740.8615,1,2.564809,5.136543,0.105,Clean
741.0198,1,2.564809,5.136543,0.105,Clean
741.1426,1,2.564809,5.136543,0.105,Clean
742.3392,1,2.469613,4.669801,0.105,walk
742.7493,1,2.438066,4.649972,0.1072814,Clean
744.3676,1,2.82653,3.981255,0.1089792,walk
745.5557,1,3.06163,3.576543,0.105,Clean
746.3695,1,3.038769,3.259551,0.105,walk
746.6776,1,3.039525,3.186543,0.105,Clean
746.8488,1,3.039525,3.186543,0.105,Clean
746.9717,1,3.039525,3.186543,0.105,Clean
747.0927,1,3.039525,3.186543,0.105,Clean
747.2134,1,3.039525,3.186543,0.105,Clean
747.3381,1,3.039525,3.186543,0.105,Clean
747.4554,1,3.039525,3.186543,0.105,Clean
747.5801,1,3.039525,3.186543,0.105,Clean
747.7058,1,3.039525,3.186543,0.105,Clean
747.832,1,3.039525,3.186543,0.105,Clean
747.9741,1,3.039525,3.186543,0.105,Clean
748.101,1,3.039525,3.186543,0.105,Clean
748.225,1,3.039525,3.186543,0.105,Clean
748.3485,1,3.039525,3.186543,0.105,Clean
748.5206,1,3.039525,3.186543,0.105,Clean
748.6406,1,3.039525,3.186543,0.105,Clean
748.7651,1,3.039525,3.186543,0.105,Clean
748.886,1,3.039525,3.186543,0.105,Clean
749.0163,1,3.039525,3.186543,0.105,Clean
