<?xml version="1.0" encoding="UTF-8" standalone="no"?>
<simulatedworld>
    <precission>10</precission>
    <horCalibr>
        <point1>
            <xcoord>80</xcoord>
            <ycoord>62</ycoord>
        </point1>
        <point2>
            <xcoord>130</xcoord>
            <ycoord>62</ycoord>
        </point2>
        <distance>5.0</distance>
        <scale>0.2</scale>
    </horCalibr>
    <activityDefinitions>
        <activityDefinition>
            <activityDefinitionName>WashHands</activityDefinitionName>
            <isComplexActDefinition>Y</isComplexActDefinition>
            <SubActivityDefinitions>
                <SubActivityDefinition>
                    <activityID>WashHands</activityID>
                    <activityType>Move</activityType>
                </SubActivityDefinition>
                <SubActivityDefinition>
                    <activityID>TurnOnSinkTap</activityID>
                    <activityType>Turn On</activityType>
                </SubActivityDefinition>
                <SubActivityDefinition>
                    <activityID>WashHandsStay</activityID>
                    <activityType>StayTimer</activityType>
                </SubActivityDefinition>
                <SubActivityDefinition>
                    <activityID>TurnOffTap</activityID>
                    <activityType>Turn Off</activityType>
                </SubActivityDefinition>
                <SubActivityDefinition>
                    <activityID>FinishWatchTV</activityID>
                    <activityType>Turn Off</activityType>
                </SubActivityDefinition>
            </SubActivityDefinitions>
        </activityDefinition>
        <activityDefinition>
            <activityDefinitionName>WashHandsStay</activityDefinitionName>
            <isComplexActDefinition>N</isComplexActDefinition>
            <SubActivityDefinitions>
                <SubActivityDefinition>
                    <activityID>WashHandsStay</activityID>
                    <activityType>StayTimer</activityType>
                </SubActivityDefinition>
            </SubActivityDefinitions>
        </activityDefinition>
        <activityDefinition>
            <activityDefinitionName>TurnOnSinkTap</activityDefinitionName>
            <isComplexActDefinition>N</isComplexActDefinition>
            <SubActivityDefinitions>
                <SubActivityDefinition>
                    <activityID>TurnOnSinkTap</activityID>
                    <activityType>Turn On</activityType>
                </SubActivityDefinition>
            </SubActivityDefinitions>
        </activityDefinition>
        <activityDefinition>
            <activityDefinitionName>TurnOffTap</activityDefinitionName>
            <isComplexActDefinition>N</isComplexActDefinition>
            <SubActivityDefinitions>
                <SubActivityDefinition>
                    <activityID>TurnOffTap</activityID>
                    <activityType>Turn Off</activityType>
                </SubActivityDefinition>
            </SubActivityDefinitions>
        </activityDefinition>
        <activityDefinition>
            <activityDefinitionName>TurnOnShower</activityDefinitionName>
            <isComplexActDefinition>N</isComplexActDefinition>
            <SubActivityDefinitions>
                <SubActivityDefinition>
                    <activityID>TurnOnShower</activityID>
                    <activityType>Turn On</activityType>
                </SubActivityDefinition>
            </SubActivityDefinitions>
        </activityDefinition>
        <activityDefinition>
            <activityDefinitionName>TurnOffShower</activityDefinitionName>
            <isComplexActDefinition>N</isComplexActDefinition>
            <SubActivityDefinitions>
                <SubActivityDefinition>
                    <activityID>TurnOffShower</activityID>
                    <activityType>Turn Off</activityType>
                </SubActivityDefinition>
            </SubActivityDefinitions>
        </activityDefinition>
        <activityDefinition>
            <activityDefinitionName>TakeShower</activityDefinitionName>
            <isComplexActDefinition>Y</isComplexActDefinition>
            <SubActivityDefinitions>
                <SubActivityDefinition>
                    <activityID>TakeShower</activityID>
                    <activityType>Move</activityType>
                </SubActivityDefinition>
                <SubActivityDefinition>
                    <activityID>TurnOnShower</activityID>
                    <activityType>Turn On</activityType>
                </SubActivityDefinition>
                <SubActivityDefinition>
                    <activityID>TakeShowerStay</activityID>
                    <activityType>StayTimer</activityType>
                </SubActivityDefinition>
                <SubActivityDefinition>
                    <activityID>TurnOffShower</activityID>
                    <activityType>Turn Off</activityType>
                </SubActivityDefinition>
            </SubActivityDefinitions>
        </activityDefinition>
        <activityDefinition>
            <activityDefinitionName>TakeShowerStay</activityDefinitionName>
            <isComplexActDefinition>N</isComplexActDefinition>
            <SubActivityDefinitions>
                <SubActivityDefinition>
                    <activityID>TakeShowerStay</activityID>
                    <activityType>StayTimer</activityType>
                </SubActivityDefinition>
            </SubActivityDefinitions>
        </activityDefinition>
        <activityDefinition>
            <activityDefinitionName>WatchTV</activityDefinitionName>
            <isComplexActDefinition>Y</isComplexActDefinition>
            <SubActivityDefinitions>
                <SubActivityDefinition>
                    <activityID>WatchTV</activityID>
                    <activityType>Move</activityType>
                </SubActivityDefinition>
                <SubActivityDefinition>
                    <activityID>TurnOnTV</activityID>
                    <activityType>Turn On</activityType>
                </SubActivityDefinition>
                <SubActivityDefinition>
                    <activityID>WatchTVSit</activityID>
                    <activityType>SitTimer</activityType>
                </SubActivityDefinition>
                <SubActivityDefinition>
                    <activityID>FinishWatchTV</activityID>
                    <activityType>Turn Off</activityType>
                </SubActivityDefinition>
            </SubActivityDefinitions>
        </activityDefinition>
        <activityDefinition>
            <activityDefinitionName>TurnOnTV</activityDefinitionName>
            <isComplexActDefinition>N</isComplexActDefinition>
            <SubActivityDefinitions>
                <SubActivityDefinition>
                    <activityID>TurnOnTV</activityID>
                    <activityType>Turn On</activityType>
                </SubActivityDefinition>
            </SubActivityDefinitions>
        </activityDefinition>
        <activityDefinition>
            <activityDefinitionName>WatchTVSit</activityDefinitionName>
            <isComplexActDefinition>N</isComplexActDefinition>
            <SubActivityDefinitions>
                <SubActivityDefinition>
                    <activityID>WatchTVSit</activityID>
                    <activityType>SitTimer</activityType>
                </SubActivityDefinition>
            </SubActivityDefinitions>
        </activityDefinition>
        <activityDefinition>
            <activityDefinitionName>FinishWatchTV</activityDefinitionName>
            <isComplexActDefinition>N</isComplexActDefinition>
            <SubActivityDefinitions>
                <SubActivityDefinition>
                    <activityID>FinishWatchTV</activityID>
                    <activityType>Turn Off</activityType>
                </SubActivityDefinition>
            </SubActivityDefinitions>
        </activityDefinition>
    </activityDefinitions>
    <activityInstances>
        <activityInstance>
            <activityInstName>TakeShowerInstance</activityInstName>
            <SubActivityInstances>
                <SubActivityInstance>
                    <activityID>Move</activityID>
                    <target>shower-586.0-369.0</target>
                    <actionParameter/>
                </SubActivityInstance>
                <SubActivityInstance>
                    <activityID>TurnOnShower</activityID>
                    <target>shower-586.0-369.0</target>
                    <actionParameter/>
                </SubActivityInstance>
                <SubActivityInstance>
                    <activityID>TakeShowerStay</activityID>
                    <target>shower-586.0-369.0</target>
                    <actionParameter>5</actionParameter>
                </SubActivityInstance>
                <SubActivityInstance>
                    <activityID>TurnOffShower</activityID>
                    <target>shower-586.0-369.0</target>
                    <actionParameter/>
                </SubActivityInstance>
            </SubActivityInstances>
        </activityInstance>
        <activityInstance>
            <activityInstName>WatchTVInstance1</activityInstName>
            <SubActivityInstances>
                <SubActivityInstance>
                    <activityID>Move</activityID>
                    <target>TV001</target>
                    <actionParameter/>
                </SubActivityInstance>
                <SubActivityInstance>
                    <activityID>TurnOnTV</activityID>
                    <target>TV001</target>
                    <actionParameter/>
                </SubActivityInstance>
                <SubActivityInstance>
                    <activityID>WatchTVSit</activityID>
                    <target>TV001</target>
                    <actionParameter>5</actionParameter>
                </SubActivityInstance>
                <SubActivityInstance>
                    <activityID>FinishWatchTV</activityID>
                    <target>TV001</target>
                    <actionParameter/>
                </SubActivityInstance>
            </SubActivityInstances>
        </activityInstance>
    </activityInstances>
    <actions>
        <action>
            <actionDate>11/27/2016</actionDate>
            <actionTime>08:00:000</actionTime>
            <id>MorningRoutine001</id>
            <agentID>Alex001</agentID>
            <subactions>
                <subaction>
                    <actionType>TakeShowerInstance</actionType>
                </subaction>
                <subaction>
                    <actionType>WatchTVInstance1</actionType>
                </subaction>
            </subactions>
        </action>
    </actions>
    <agents>
        <agent>
            <agentid>Alex001</agentid>
            <agentname>Alex</agentname>
            <agentrole>Developer</agentrole>
            <point>
                <xcoord>38</xcoord>
                <ycoord>95</ycoord>
            </point>
        </agent>
    </agents>
    <rooms>
        <room>
            <roomid>Bedroom</roomid>
            <wall>
                <point>
                    <xcoord>0</xcoord>
                    <ycoord>53</ycoord>
                </point>
                <point>
                    <xcoord>79</xcoord>
                    <ycoord>53</ycoord>
                </point>
            </wall>
            <wall>
                <point>
                    <xcoord>79</xcoord>
                    <ycoord>53</ycoord>
                </point>
                <point>
                    <xcoord>79</xcoord>
                    <ycoord>73</ycoord>
                </point>
            </wall>
            <wall>
                <point>
                    <xcoord>79</xcoord>
                    <ycoord>73</ycoord>
                </point>
                <point>
                    <xcoord>79</xcoord>
                    <ycoord>107</ycoord>
                </point>
                <door>
                    <doorid>2016-12-25 22:41:26.458</doorid>
                    <xcoord>79</xcoord>
                    <ycoord>81</ycoord>
                    <doorsize>1</doorsize>
                </door>
            </wall>
            <wall>
                <point>
                    <xcoord>79</xcoord>
                    <ycoord>107</ycoord>
                </point>
                <point>
                    <xcoord>0</xcoord>
                    <ycoord>107</ycoord>
                </point>
            </wall>
            <wall>
                <point>
                    <xcoord>0</xcoord>
                    <ycoord>107</ycoord>
                </point>
                <point>
                    <xcoord>0</xcoord>
                    <ycoord>53</ycoord>
                </point>
            </wall>
        </room>
        <room>
            <roomid>WashRoom</roomid>
            <wall>
                <point>
                    <xcoord>130</xcoord>
                    <ycoord>107</ycoord>
                </point>
                <point>
                    <xcoord>130</xcoord>
                    <ycoord>73</ycoord>
                </point>
            </wall>
            <wall>
                <point>
                    <xcoord>130</xcoord>
                    <ycoord>73</ycoord>
                </point>
                <point>
                    <xcoord>79</xcoord>
                    <ycoord>73</ycoord>
                </point>
            </wall>
            <wall>
                <point>
                    <xcoord>79</xcoord>
                    <ycoord>73</ycoord>
                </point>
                <point>
                    <xcoord>79</xcoord>
                    <ycoord>107</ycoord>
                </point>
            </wall>
            <wall>
                <point>
                    <xcoord>79</xcoord>
                    <ycoord>107</ycoord>
                </point>
                <point>
                    <xcoord>130</xcoord>
                    <ycoord>107</ycoord>
                </point>
            </wall>
        </room>
        <room>
            <roomid>MainRoom</roomid>
            <wall>
                <point>
                    <xcoord>0</xcoord>
                    <ycoord>0</ycoord>
                </point>
                <point>
                    <xcoord>180</xcoord>
                    <ycoord>0</ycoord>
                </point>
            </wall>
            <wall>
                <point>
                    <xcoord>180</xcoord>
                    <ycoord>0</ycoord>
                </point>
                <point>
                    <xcoord>180</xcoord>
                    <ycoord>107</ycoord>
                </point>
            </wall>
            <wall>
                <point>
                    <xcoord>180</xcoord>
                    <ycoord>107</ycoord>
                </point>
                <point>
                    <xcoord>130</xcoord>
                    <ycoord>107</ycoord>
                </point>
            </wall>
            <wall>
                <point>
                    <xcoord>130</xcoord>
                    <ycoord>107</ycoord>
                </point>
                <point>
                    <xcoord>130</xcoord>
                    <ycoord>73</ycoord>
                </point>
            </wall>
            <wall>
                <point>
                    <xcoord>130</xcoord>
                    <ycoord>73</ycoord>
                </point>
                <point>
                    <xcoord>79</xcoord>
                    <ycoord>73</ycoord>
                </point>
                <door>
                    <doorid>2016-12-25 22:41:26.479</doorid>
                    <xcoord>93</xcoord>
                    <ycoord>73</ycoord>
                    <doorsize>1</doorsize>
                </door>
            </wall>
            <wall>
                <point>
                    <xcoord>79</xcoord>
                    <ycoord>73</ycoord>
                </point>
                <point>
                    <xcoord>79</xcoord>
                    <ycoord>53</ycoord>
                </point>
                <door>
                    <doorid>2016-12-25 22:41:26.481</doorid>
                    <xcoord>79</xcoord>
                    <ycoord>63</ycoord>
                    <doorsize>1</doorsize>
                </door>
            </wall>
            <wall>
                <point>
                    <xcoord>79</xcoord>
                    <ycoord>53</ycoord>
                </point>
                <point>
                    <xcoord>0</xcoord>
                    <ycoord>53</ycoord>
                </point>
            </wall>
            <wall>
                <point>
                    <xcoord>0</xcoord>
                    <ycoord>53</ycoord>
                </point>
                <point>
                    <xcoord>0</xcoord>
                    <ycoord>0</ycoord>
                </point>
            </wall>
        </room>
    </rooms>
    <obstacles>
        <obstacle>
            <obstacleid>armChair1</obstacleid>
            <wall>
                <point>
                    <xcoord>35</xcoord>
                    <ycoord>41</ycoord>
                </point>
                <point>
                    <xcoord>45</xcoord>
                    <ycoord>32</ycoord>
                </point>
            </wall>
            <wall>
                <point>
                    <xcoord>45</xcoord>
                    <ycoord>32</ycoord>
                </point>
                <point>
                    <xcoord>53</xcoord>
                    <ycoord>41</ycoord>
                </point>
            </wall>
            <wall>
                <point>
                    <xcoord>53</xcoord>
                    <ycoord>41</ycoord>
                </point>
                <point>
                    <xcoord>44</xcoord>
                    <ycoord>50</ycoord>
                </point>
            </wall>
            <wall>
                <point>
                    <xcoord>44</xcoord>
                    <ycoord>50</ycoord>
                </point>
                <point>
                    <xcoord>35</xcoord>
                    <ycoord>41</ycoord>
                </point>
            </wall>
        </obstacle>
        <obstacle>
            <obstacleid>armChair2</obstacleid>
            <wall>
                <point>
                    <xcoord>14</xcoord>
                    <ycoord>31</ycoord>
                </point>
                <point>
                    <xcoord>24</xcoord>
                    <ycoord>39</ycoord>
                </point>
            </wall>
            <wall>
                <point>
                    <xcoord>24</xcoord>
                    <ycoord>39</ycoord>
                </point>
                <point>
                    <xcoord>16</xcoord>
                    <ycoord>50</ycoord>
                </point>
            </wall>
            <wall>
                <point>
                    <xcoord>16</xcoord>
                    <ycoord>50</ycoord>
                </point>
                <point>
                    <xcoord>6</xcoord>
                    <ycoord>42</ycoord>
                </point>
            </wall>
            <wall>
                <point>
                    <xcoord>6</xcoord>
                    <ycoord>42</ycoord>
                </point>
                <point>
                    <xcoord>14</xcoord>
                    <ycoord>31</ycoord>
                </point>
            </wall>
        </obstacle>
        <obstacle>
            <obstacleid>TV1</obstacleid>
            <wall>
                <point>
                    <xcoord>29</xcoord>
                    <ycoord>1</ycoord>
                </point>
                <point>
                    <xcoord>29</xcoord>
                    <ycoord>7</ycoord>
                </point>
            </wall>
            <wall>
                <point>
                    <xcoord>29</xcoord>
                    <ycoord>7</ycoord>
                </point>
                <point>
                    <xcoord>56</xcoord>
                    <ycoord>7</ycoord>
                </point>
            </wall>
            <wall>
                <point>
                    <xcoord>56</xcoord>
                    <ycoord>7</ycoord>
                </point>
                <point>
                    <xcoord>56</xcoord>
                    <ycoord>1</ycoord>
                </point>
            </wall>
            <wall>
                <point>
                    <xcoord>56</xcoord>
                    <ycoord>1</ycoord>
                </point>
                <point>
                    <xcoord>29</xcoord>
                    <ycoord>1</ycoord>
                </point>
            </wall>
        </obstacle>
        <obstacle>
            <obstacleid>2016-11-20 20:24:14.915</obstacleid>
            <wall>
                <point>
                    <xcoord>83</xcoord>
                    <ycoord>3</ycoord>
                </point>
                <point>
                    <xcoord>92</xcoord>
                    <ycoord>3</ycoord>
                </point>
            </wall>
            <wall>
                <point>
                    <xcoord>92</xcoord>
                    <ycoord>3</ycoord>
                </point>
                <point>
                    <xcoord>92</xcoord>
                    <ycoord>12</ycoord>
                </point>
            </wall>
            <wall>
                <point>
                    <xcoord>92</xcoord>
                    <ycoord>12</ycoord>
                </point>
                <point>
                    <xcoord>83</xcoord>
                    <ycoord>12</ycoord>
                </point>
            </wall>
            <wall>
                <point>
                    <xcoord>83</xcoord>
                    <ycoord>12</ycoord>
                </point>
                <point>
                    <xcoord>83</xcoord>
                    <ycoord>3</ycoord>
                </point>
            </wall>
        </obstacle>
        <obstacle>
            <obstacleid>2016-11-20 20:24:18.825</obstacleid>
            <wall>
                <point>
                    <xcoord>92</xcoord>
                    <ycoord>17</ycoord>
                </point>
                <point>
                    <xcoord>92</xcoord>
                    <ycoord>26</ycoord>
                </point>
            </wall>
            <wall>
                <point>
                    <xcoord>92</xcoord>
                    <ycoord>26</ycoord>
                </point>
                <point>
                    <xcoord>84</xcoord>
                    <ycoord>26</ycoord>
                </point>
            </wall>
            <wall>
                <point>
                    <xcoord>84</xcoord>
                    <ycoord>26</ycoord>
                </point>
                <point>
                    <xcoord>84</xcoord>
                    <ycoord>17</ycoord>
                </point>
            </wall>
            <wall>
                <point>
                    <xcoord>84</xcoord>
                    <ycoord>17</ycoord>
                </point>
                <point>
                    <xcoord>92</xcoord>
                    <ycoord>17</ycoord>
                </point>
            </wall>
        </obstacle>
        <obstacle>
            <obstacleid>DinningTable1</obstacleid>
            <wall>
                <point>
                    <xcoord>97</xcoord>
                    <ycoord>2</ycoord>
                </point>
                <point>
                    <xcoord>111</xcoord>
                    <ycoord>2</ycoord>
                </point>
            </wall>
            <wall>
                <point>
                    <xcoord>111</xcoord>
                    <ycoord>2</ycoord>
                </point>
                <point>
                    <xcoord>111</xcoord>
                    <ycoord>28</ycoord>
                </point>
            </wall>
            <wall>
                <point>
                    <xcoord>111</xcoord>
                    <ycoord>28</ycoord>
                </point>
                <point>
                    <xcoord>97</xcoord>
                    <ycoord>28</ycoord>
                </point>
            </wall>
            <wall>
                <point>
                    <xcoord>97</xcoord>
                    <ycoord>28</ycoord>
                </point>
                <point>
                    <xcoord>97</xcoord>
                    <ycoord>2</ycoord>
                </point>
            </wall>
        </obstacle>
        <obstacle>
            <obstacleid>2016-11-20 20:24:26.188</obstacleid>
            <wall>
                <point>
                    <xcoord>116</xcoord>
                    <ycoord>3</ycoord>
                </point>
                <point>
                    <xcoord>124</xcoord>
                    <ycoord>3</ycoord>
                </point>
            </wall>
            <wall>
                <point>
                    <xcoord>124</xcoord>
                    <ycoord>3</ycoord>
                </point>
                <point>
                    <xcoord>124</xcoord>
                    <ycoord>12</ycoord>
                </point>
            </wall>
            <wall>
                <point>
                    <xcoord>124</xcoord>
                    <ycoord>12</ycoord>
                </point>
                <point>
                    <xcoord>116</xcoord>
                    <ycoord>12</ycoord>
                </point>
            </wall>
            <wall>
                <point>
                    <xcoord>116</xcoord>
                    <ycoord>12</ycoord>
                </point>
                <point>
                    <xcoord>116</xcoord>
                    <ycoord>3</ycoord>
                </point>
            </wall>
        </obstacle>
        <obstacle>
            <obstacleid>2016-11-20 20:24:30.088</obstacleid>
            <wall>
                <point>
                    <xcoord>115</xcoord>
                    <ycoord>17</ycoord>
                </point>
                <point>
                    <xcoord>124</xcoord>
                    <ycoord>17</ycoord>
                </point>
            </wall>
            <wall>
                <point>
                    <xcoord>124</xcoord>
                    <ycoord>17</ycoord>
                </point>
                <point>
                    <xcoord>124</xcoord>
                    <ycoord>27</ycoord>
                </point>
            </wall>
            <wall>
                <point>
                    <xcoord>124</xcoord>
                    <ycoord>27</ycoord>
                </point>
                <point>
                    <xcoord>115</xcoord>
                    <ycoord>27</ycoord>
                </point>
            </wall>
            <wall>
                <point>
                    <xcoord>115</xcoord>
                    <ycoord>27</ycoord>
                </point>
                <point>
                    <xcoord>115</xcoord>
                    <ycoord>17</ycoord>
                </point>
            </wall>
        </obstacle>
        <obstacle>
            <obstacleid>KitchenTable1</obstacleid>
            <wall>
                <point>
                    <xcoord>129</xcoord>
                    <ycoord>7</ycoord>
                </point>
                <point>
                    <xcoord>142</xcoord>
                    <ycoord>7</ycoord>
                </point>
            </wall>
            <wall>
                <point>
                    <xcoord>142</xcoord>
                    <ycoord>7</ycoord>
                </point>
                <point>
                    <xcoord>142</xcoord>
                    <ycoord>37</ycoord>
                </point>
            </wall>
            <wall>
                <point>
                    <xcoord>142</xcoord>
                    <ycoord>37</ycoord>
                </point>
                <point>
                    <xcoord>129</xcoord>
                    <ycoord>37</ycoord>
                </point>
            </wall>
            <wall>
                <point>
                    <xcoord>129</xcoord>
                    <ycoord>37</ycoord>
                </point>
                <point>
                    <xcoord>129</xcoord>
                    <ycoord>7</ycoord>
                </point>
            </wall>
        </obstacle>
        <obstacle>
            <obstacleid>2016-11-20 20:24:47.795</obstacleid>
            <wall>
                <point>
                    <xcoord>133</xcoord>
                    <ycoord>51</ycoord>
                </point>
                <point>
                    <xcoord>146</xcoord>
                    <ycoord>51</ycoord>
                </point>
            </wall>
            <wall>
                <point>
                    <xcoord>146</xcoord>
                    <ycoord>51</ycoord>
                </point>
                <point>
                    <xcoord>146</xcoord>
                    <ycoord>54</ycoord>
                </point>
            </wall>
            <wall>
                <point>
                    <xcoord>146</xcoord>
                    <ycoord>54</ycoord>
                </point>
                <point>
                    <xcoord>133</xcoord>
                    <ycoord>54</ycoord>
                </point>
            </wall>
            <wall>
                <point>
                    <xcoord>133</xcoord>
                    <ycoord>54</ycoord>
                </point>
                <point>
                    <xcoord>133</xcoord>
                    <ycoord>51</ycoord>
                </point>
            </wall>
        </obstacle>
        <obstacle>
            <obstacleid>Bath1</obstacleid>
            <wall>
                <point>
                    <xcoord>113</xcoord>
                    <ycoord>75</ycoord>
                </point>
                <point>
                    <xcoord>113</xcoord>
                    <ycoord>107</ycoord>
                </point>
            </wall>
            <wall>
                <point>
                    <xcoord>113</xcoord>
                    <ycoord>107</ycoord>
                </point>
                <point>
                    <xcoord>128</xcoord>
                    <ycoord>107</ycoord>
                </point>
            </wall>
            <wall>
                <point>
                    <xcoord>128</xcoord>
                    <ycoord>107</ycoord>
                </point>
                <point>
                    <xcoord>128</xcoord>
                    <ycoord>75</ycoord>
                </point>
            </wall>
            <wall>
                <point>
                    <xcoord>128</xcoord>
                    <ycoord>75</ycoord>
                </point>
                <point>
                    <xcoord>113</xcoord>
                    <ycoord>75</ycoord>
                </point>
            </wall>
        </obstacle>
        <obstacle>
            <obstacleid>BathroomSink1</obstacleid>
            <wall>
                <point>
                    <xcoord>81</xcoord>
                    <ycoord>96</ycoord>
                </point>
                <point>
                    <xcoord>95</xcoord>
                    <ycoord>96</ycoord>
                </point>
            </wall>
            <wall>
                <point>
                    <xcoord>95</xcoord>
                    <ycoord>96</ycoord>
                </point>
                <point>
                    <xcoord>95</xcoord>
                    <ycoord>107</ycoord>
                </point>
            </wall>
            <wall>
                <point>
                    <xcoord>95</xcoord>
                    <ycoord>107</ycoord>
                </point>
                <point>
                    <xcoord>81</xcoord>
                    <ycoord>107</ycoord>
                </point>
            </wall>
            <wall>
                <point>
                    <xcoord>81</xcoord>
                    <ycoord>107</ycoord>
                </point>
                <point>
                    <xcoord>81</xcoord>
                    <ycoord>96</ycoord>
                </point>
            </wall>
        </obstacle>
        <obstacle>
            <obstacleid>Toilet1</obstacleid>
            <wall>
                <point>
                    <xcoord>102</xcoord>
                    <ycoord>99</ycoord>
                </point>
                <point>
                    <xcoord>107</xcoord>
                    <ycoord>99</ycoord>
                </point>
            </wall>
            <wall>
                <point>
                    <xcoord>107</xcoord>
                    <ycoord>99</ycoord>
                </point>
                <point>
                    <xcoord>107</xcoord>
                    <ycoord>104</ycoord>
                </point>
            </wall>
            <wall>
                <point>
                    <xcoord>107</xcoord>
                    <ycoord>104</ycoord>
                </point>
                <point>
                    <xcoord>111</xcoord>
                    <ycoord>104</ycoord>
                </point>
            </wall>
            <wall>
                <point>
                    <xcoord>111</xcoord>
                    <ycoord>104</ycoord>
                </point>
                <point>
                    <xcoord>111</xcoord>
                    <ycoord>107</ycoord>
                </point>
            </wall>
            <wall>
                <point>
                    <xcoord>111</xcoord>
                    <ycoord>107</ycoord>
                </point>
                <point>
                    <xcoord>99</xcoord>
                    <ycoord>107</ycoord>
                </point>
            </wall>
            <wall>
                <point>
                    <xcoord>99</xcoord>
                    <ycoord>107</ycoord>
                </point>
                <point>
                    <xcoord>99</xcoord>
                    <ycoord>104</ycoord>
                </point>
            </wall>
            <wall>
                <point>
                    <xcoord>99</xcoord>
                    <ycoord>104</ycoord>
                </point>
                <point>
                    <xcoord>102</xcoord>
                    <ycoord>104</ycoord>
                </point>
            </wall>
            <wall>
                <point>
                    <xcoord>102</xcoord>
                    <ycoord>104</ycoord>
                </point>
                <point>
                    <xcoord>102</xcoord>
                    <ycoord>99</ycoord>
                </point>
            </wall>
        </obstacle>
        <obstacle>
            <obstacleid>BedsideStand1</obstacleid>
            <wall>
                <point>
                    <xcoord>47</xcoord>
                    <ycoord>54</ycoord>
                </point>
                <point>
                    <xcoord>57</xcoord>
                    <ycoord>54</ycoord>
                </point>
            </wall>
            <wall>
                <point>
                    <xcoord>57</xcoord>
                    <ycoord>54</ycoord>
                </point>
                <point>
                    <xcoord>57</xcoord>
                    <ycoord>62</ycoord>
                </point>
            </wall>
            <wall>
                <point>
                    <xcoord>57</xcoord>
                    <ycoord>62</ycoord>
                </point>
                <point>
                    <xcoord>47</xcoord>
                    <ycoord>62</ycoord>
                </point>
            </wall>
            <wall>
                <point>
                    <xcoord>47</xcoord>
                    <ycoord>62</ycoord>
                </point>
                <point>
                    <xcoord>47</xcoord>
                    <ycoord>54</ycoord>
                </point>
            </wall>
        </obstacle>
        <obstacle>
            <obstacleid>Bed1</obstacleid>
            <wall>
                <point>
                    <xcoord>21</xcoord>
                    <ycoord>54</ycoord>
                </point>
                <point>
                    <xcoord>46</xcoord>
                    <ycoord>54</ycoord>
                </point>
            </wall>
            <wall>
                <point>
                    <xcoord>46</xcoord>
                    <ycoord>54</ycoord>
                </point>
                <point>
                    <xcoord>46</xcoord>
                    <ycoord>85</ycoord>
                </point>
            </wall>
            <wall>
                <point>
                    <xcoord>46</xcoord>
                    <ycoord>85</ycoord>
                </point>
                <point>
                    <xcoord>21</xcoord>
                    <ycoord>85</ycoord>
                </point>
            </wall>
            <wall>
                <point>
                    <xcoord>21</xcoord>
                    <ycoord>85</ycoord>
                </point>
                <point>
                    <xcoord>21</xcoord>
                    <ycoord>54</ycoord>
                </point>
            </wall>
        </obstacle>
        <obstacle>
            <obstacleid>BedsideStand2</obstacleid>
            <wall>
                <point>
                    <xcoord>10</xcoord>
                    <ycoord>54</ycoord>
                </point>
                <point>
                    <xcoord>10</xcoord>
                    <ycoord>62</ycoord>
                </point>
            </wall>
            <wall>
                <point>
                    <xcoord>10</xcoord>
                    <ycoord>62</ycoord>
                </point>
                <point>
                    <xcoord>20</xcoord>
                    <ycoord>62</ycoord>
                </point>
            </wall>
            <wall>
                <point>
                    <xcoord>20</xcoord>
                    <ycoord>62</ycoord>
                </point>
                <point>
                    <xcoord>20</xcoord>
                    <ycoord>54</ycoord>
                </point>
            </wall>
            <wall>
                <point>
                    <xcoord>20</xcoord>
                    <ycoord>54</ycoord>
                </point>
                <point>
                    <xcoord>10</xcoord>
                    <ycoord>54</ycoord>
                </point>
            </wall>
        </obstacle>
        <obstacle>
            <obstacleid>kitchenStand002</obstacleid>
            <wall>
                <point>
                    <xcoord>168</xcoord>
                    <ycoord>53</ycoord>
                </point>
                <point>
                    <xcoord>179</xcoord>
                    <ycoord>53</ycoord>
                </point>
            </wall>
            <wall>
                <point>
                    <xcoord>179</xcoord>
                    <ycoord>53</ycoord>
                </point>
                <point>
                    <xcoord>179</xcoord>
                    <ycoord>1</ycoord>
                </point>
            </wall>
            <wall>
                <point>
                    <xcoord>179</xcoord>
                    <ycoord>1</ycoord>
                </point>
                <point>
                    <xcoord>168</xcoord>
                    <ycoord>1</ycoord>
                </point>
            </wall>
            <wall>
                <point>
                    <xcoord>168</xcoord>
                    <ycoord>1</ycoord>
                </point>
                <point>
                    <xcoord>168</xcoord>
                    <ycoord>53</ycoord>
                </point>
            </wall>
        </obstacle>
        <obstacle>
            <obstacleid>kitchenStand001</obstacleid>
            <wall>
                <point>
                    <xcoord>146</xcoord>
                    <ycoord>1</ycoord>
                </point>
                <point>
                    <xcoord>167</xcoord>
                    <ycoord>1</ycoord>
                </point>
            </wall>
            <wall>
                <point>
                    <xcoord>167</xcoord>
                    <ycoord>1</ycoord>
                </point>
                <point>
                    <xcoord>167</xcoord>
                    <ycoord>8</ycoord>
                </point>
            </wall>
            <wall>
                <point>
                    <xcoord>167</xcoord>
                    <ycoord>8</ycoord>
                </point>
                <point>
                    <xcoord>146</xcoord>
                    <ycoord>8</ycoord>
                </point>
            </wall>
            <wall>
                <point>
                    <xcoord>146</xcoord>
                    <ycoord>8</ycoord>
                </point>
                <point>
                    <xcoord>146</xcoord>
                    <ycoord>1</ycoord>
                </point>
            </wall>
        </obstacle>
    </obstacles>
    <locations/>
    <sensors>
        <sensor>
            <id>TV001</id>
            <point>
                <xcoord>39</xcoord>
                <ycoord>3</ycoord>
            </point>
            <type>TV</type>
            <consumptionElectricity>170</consumptionElectricity>
        </sensor>
        <sensor>
            <id>bathroomSink-421.0-470.0</id>
            <point>
                <xcoord>85</xcoord>
                <ycoord>95</ycoord>
            </point>
            <type>bathroomSink</type>
            <consumptionWater>0.67</consumptionWater>
        </sensor>
        <sensor>
            <id>Stove001</id>
            <point>
                <xcoord>170</xcoord>
                <ycoord>32</ycoord>
            </point>
            <type>stove</type>
            <consumptionElectricity>2250</consumptionElectricity>
        </sensor>
        <sensor>
            <id>Refrigerator001</id>
            <point>
                <xcoord>170</xcoord>
                <ycoord>48</ycoord>
            </point>
            <type>refrigerator</type>
            <consumptionElectricity>225</consumptionElectricity>
        </sensor>
        <sensor>
            <id>shower-586.0-369.0</id>
            <point>
                <xcoord>119</xcoord>
                <ycoord>74</ycoord>
            </point>
            <type>shower</type>
            <consumptionWater>0.05</consumptionWater>
        </sensor>
        <sensor>
            <id>toilet-504.0-488.0</id>
            <point>
                <xcoord>102</xcoord>
                <ycoord>98</ycoord>
            </point>
            <type>toilet</type>
            <consumptionWater>0.13</consumptionWater>
        </sensor>
        <sensor>
            <id>washingMachine001</id>
            <point>
                <xcoord>139</xcoord>
                <ycoord>99</ycoord>
            </point>
            <type>washingMachine</type>
            <consumptionWater>80</consumptionWater>
            <consumptionElectricity>2750</consumptionElectricity>
        </sensor>
        <sensor>
            <id>dryer001</id>
            <point>
                <xcoord>132</xcoord>
                <ycoord>99</ycoord>
            </point>
            <type>dryer</type>
            <consumptionElectricity>3000</consumptionElectricity>
        </sensor>
        <sensor>
            <id>kitchenSink-802.0-0.0</id>
            <point>
                <xcoord>158</xcoord>
                <ycoord>2</ycoord>
            </point>
            <type>kitchenSink</type>
            <consumptionWater>0.67</consumptionWater>
        </sensor>
        <sensor>
            <id>lightBulb002</id>
            <point>
                <xcoord>131</xcoord>
                <ycoord>92</ycoord>
            </point>
            <type>lightBulb</type>
            <consumptionElectricity>60</consumptionElectricity>
        </sensor>
        <sensor>
            <id>lightBulb006</id>
            <point>
                <xcoord>27</xcoord>
                <ycoord>100</ycoord>
            </point>
            <type>lightBulb</type>
            <consumptionElectricity>60</consumptionElectricity>
        </sensor>
        <sensor>
            <id>microwave001</id>
            <point>
                <xcoord>250</xcoord>
                <ycoord>2</ycoord>
            </point>
            <type>microwave</type>
            <consumptionElectricity/>
        </sensor>
        <sensor>
            <id>lightBulb001</id>
            <point>
                <xcoord>137</xcoord>
                <ycoord>47</ycoord>
            </point>
            <type>lightBulb</type>
            <consumptionElectricity>60</consumptionElectricity>
        </sensor>
        <sensor>
            <id>lightBulb004</id>
            <point>
                <xcoord>67</xcoord>
                <ycoord>0</ycoord>
            </point>
            <type>lightBulb</type>
            <consumptionElectricity>60</consumptionElectricity>
        </sensor>
        <sensor>
            <id>lightBulb005</id>
            <point>
                <xcoord>0</xcoord>
                <ycoord>14</ycoord>
            </point>
            <type>lightBulb</type>
            <consumptionElectricity>60</consumptionElectricity>
        </sensor>
        <sensor>
            <id>Microwave001</id>
            <point>
                <xcoord>147</xcoord>
                <ycoord>2</ycoord>
            </point>
            <type>microwave</type>
            <consumptionElectricity>1250</consumptionElectricity>
        </sensor>
        <sensor>
            <id>lightBulb003</id>
            <point>
                <xcoord>95</xcoord>
                <ycoord>101</ycoord>
            </point>
            <type>lightBulb</type>
            <consumptionElectricity>60</consumptionElectricity>
        </sensor>
        <sensor>
            <id>MotionSensorAnalog009</id>
            <point>
                <xcoord>71</xcoord>
                <ycoord>95</ycoord>
            </point>
            <type>MotionSensorAnalog</type>
            <color/>
            <radius>25</radius>
        </sensor>
        <sensor>
            <id>MotionSensorAnalog011</id>
            <point>
                <xcoord>0</xcoord>
                <ycoord>72</ycoord>
            </point>
            <type>MotionSensorAnalog</type>
            <color/>
            <radius>25</radius>
        </sensor>
        <sensor>
            <id>MotionSensorAnalog010</id>
            <point>
                <xcoord>7</xcoord>
                <ycoord>101</ycoord>
            </point>
            <type>MotionSensorAnalog</type>
            <color/>
            <radius>25</radius>
        </sensor>
        <sensor>
            <id>MotionSensorAnalog003</id>
            <point>
                <xcoord>117</xcoord>
                <ycoord>66</ycoord>
            </point>
            <type>MotionSensorAnalog</type>
            <color/>
            <radius>25</radius>
        </sensor>
        <sensor>
            <id>MotionSensorAnalog002</id>
            <point>
                <xcoord>153</xcoord>
                <ycoord>84</ycoord>
            </point>
            <type>MotionSensorAnalog</type>
            <color/>
            <radius>25</radius>
        </sensor>
        <sensor>
            <id>MotionSensorAnalog001</id>
            <point>
                <xcoord>176</xcoord>
                <ycoord>57</ycoord>
            </point>
            <type>MotionSensorAnalog</type>
            <color/>
            <radius>25</radius>
        </sensor>
        <sensor>
            <id>MotionSensorAnalog005</id>
            <point>
                <xcoord>65</xcoord>
                <ycoord>46</ycoord>
            </point>
            <type>MotionSensorAnalog</type>
            <color/>
            <radius>25</radius>
        </sensor>
        <sensor>
            <id>MotionSensorAnalog006</id>
            <point>
                <xcoord>25</xcoord>
                <ycoord>20</ycoord>
            </point>
            <type>MotionSensorAnalog</type>
            <color/>
            <radius>25</radius>
        </sensor>
        <sensor>
            <id>MotionSensorAnalog004</id>
            <point>
                <xcoord>108</xcoord>
                <ycoord>35</ycoord>
            </point>
            <type>MotionSensorAnalog</type>
            <color/>
            <radius>25</radius>
        </sensor>
        <sensor>
            <id>MotionSensorAnalog007</id>
            <point>
                <xcoord>2</xcoord>
                <ycoord>45</ycoord>
            </point>
            <type>MotionSensorAnalog</type>
            <color/>
            <radius>25</radius>
        </sensor>
        <sensor>
            <id>MotionSensorAnalog008</id>
            <point>
                <xcoord>124</xcoord>
                <ycoord>1</ycoord>
            </point>
            <type>MotionSensorAnalog</type>
            <color/>
            <radius>25</radius>
        </sensor>
    </sensors>
    <mqtt_broker>
        <ip_address/>
        <port/>
        <protocol/>
    </mqtt_broker>
    <sim_start_time>
        <simStartDate>2016-11-27</simStartDate>
        <simStartTime>07:58:00</simStartTime>
    </sim_start_time>
</simulatedworld>
