time,error,es(x),es(y),gt(x),gt(y)
1499362294,0.60208,5.25,8.5,5.7,8.9
1499362295,0.60208,5.25,8.5,5.7,8.9
1499362296,0.60208,5.25,8.5,5.7,8.9
1499362299,0.60208,5.25,8.5,5.7,8.9
1499362302,0.60208,5.25,8.5,5.7,8.9
1499362305,0.60208,5.25,8.5,5.7,8.9
1499362308,0.60208,5.25,8.5,5.7,8.9
1499362311,0.60208,5.25,8.5,5.7,8.9
1499362314,0.60208,5.25,8.5,5.7,8.9
1499362317,0.514296,5.25,8.5,5.02,8.04
1499362320,2.150581,5.25,8.5,4,6.75
1499362323,3.794008,5.25,8.5,2.98,5.46
1499362326,4.890041,5.25,8.5,2.3,4.6
1499362329,4.890041,5.25,8.5,2.3,4.6
1499362332,4.890041,5.25,8.5,2.3,4.6
1499362335,4.890041,5.25,8.5,2.3,4.6
1499362338,4.890041,5.25,8.5,2.3,4.6
1499362341,4.890041,5.25,8.5,2.3,4.6
1499362344,4.890041,5.25,8.5,2.3,4.6
1499362347,4.890041,5.25,8.5,2.3,4.6
1499362349,4.890041,5.25,8.5,2.3,4.6
1499362350,4.890041,5.25,8.5,2.3,4.6
1499362351,4.890041,5.25,8.5,2.3,4.6
1499362353,4.890041,5.25,8.5,2.3,4.6
1499362356,4.890041,5.25,8.5,2.3,4.6
1499362359,4.893126,5.25,8.5,2.215385,4.661538
1499362362,4.915747,5.25,8.5,1.961538,4.846154
1499362365,4.958176,5.25,8.5,1.707692,5.030769
1499362368,5.019909,5.25,8.5,1.453846,5.215385
1499362371,5.100245,5.25,8.5,1.2,5.4
1499362374,5.100245,5.25,8.5,1.2,5.4
1499362377,5.100245,5.25,8.5,1.2,5.4
1499362380,5.100245,5.25,8.5,1.2,5.4
1499362383,5.100245,5.25,8.5,1.2,5.4
1499362386,5.100245,5.25,8.5,1.2,5.4
1499362389,5.100245,5.25,8.5,1.2,5.4
1499362392,5.100245,5.25,8.5,1.2,5.4
1499362395,5.100245,5.25,8.5,1.2,5.4
1499362396,5.100245,5.25,8.5,1.2,5.4
1499362397,5.100245,5.25,8.5,1.2,5.4
1499362398,5.100245,5.25,8.5,1.2,5.4
1499362401,5.100245,5.25,8.5,1.2,5.4
1499362404,5.100245,5.25,8.5,1.2,5.4
1499362407,5.100245,5.25,8.5,1.2,5.4
1499362410,5.100245,5.25,8.5,1.2,5.4
1499362413,5.100245,5.25,8.5,1.2,5.4
1499362416,5.100245,5.25,8.5,1.2,5.4
1499362419,5.100245,5.25,8.5,1.2,5.4
1499362422,5.100245,5.25,8.5,1.2,5.4
1499362425,5.100245,5.25,8.5,1.2,5.4
1499362428,5.100245,5.25,8.5,1.2,5.4
1499362431,5.100245,5.25,8.5,1.2,5.4
1499362434,5.100245,5.25,8.5,1.2,5.4
1499362437,5.100245,5.25,8.5,1.2,5.4
1499362440,5.100245,5.25,8.5,1.2,5.4
1499362443,5.100245,5.25,8.5,1.2,5.4
1499362446,5.100245,5.25,8.5,1.2,5.4
1499362449,5.100245,5.25,8.5,1.2,5.4
1499362452,5.100245,5.25,8.5,1.2,5.4
1499362455,5.100245,5.25,8.5,1.2,5.4
1499362458,5.100245,5.25,8.5,1.2,5.4
1499362461,5.100245,5.25,8.5,1.2,5.4
1499362464,5.100245,5.25,8.5,1.2,5.4
1499362467,5.100245,5.25,8.5,1.2,5.4
1499362470,5.100245,5.25,8.5,1.2,5.4
1499362473,5.100245,5.25,8.5,1.2,5.4
1499362476,5.100245,5.25,8.5,1.2,5.4
1499362479,5.100245,5.25,8.5,1.2,5.4
1499362482,5.100245,5.25,8.5,1.2,5.4
1499362485,5.100245,5.25,8.5,1.2,5.4
1499362488,5.100245,5.25,8.5,1.2,5.4
1499362491,5.100245,5.25,8.5,1.2,5.4
1499362494,5.100245,5.25,8.5,1.2,5.4
1499362497,5.100245,5.25,8.5,1.2,5.4
1499362500,5.100245,5.25,8.5,1.2,5.4
1499362503,5.100245,5.25,8.5,1.2,5.4
1499362506,5.100245,5.25,8.5,1.2,5.4
1499362509,5.100245,5.25,8.5,1.2,5.4
1499362512,5.100245,5.25,8.5,1.2,5.4
1499362515,5.100245,5.25,8.5,1.2,5.4
1499362518,5.100245,5.25,8.5,1.2,5.4
1499362521,5.100245,5.25,8.5,1.2,5.4
1499362524,5.100245,5.25,8.5,1.2,5.4
1499362527,5.100245,5.25,8.5,1.2,5.4
1499362530,5.100245,5.25,8.5,1.2,5.4
1499362533,5.100245,5.25,8.5,1.2,5.4
1499362536,5.100245,5.25,8.5,1.2,5.4
1499362539,5.100245,5.25,8.5,1.2,5.4
1499362542,5.100245,5.25,8.5,1.2,5.4
1499362545,5.100245,5.25,8.5,1.2,5.4
1499362548,5.100245,5.25,8.5,1.2,5.4
1499362551,5.100245,5.25,8.5,1.2,5.4
1499362554,5.100245,5.25,8.5,1.2,5.4
1499362557,5.100245,5.25,8.5,1.2,5.4
1499362560,5.100245,5.25,8.5,1.2,5.4
1499362563,5.100245,5.25,8.5,1.2,5.4
1499362566,5.046726,5.25,8.5,1.566667,5.05
1499362569,5.188797,5.25,8.5,2.666667,4
1499362572,5.519284,5.25,8.5,3.4,3.3
1499362575,5.519284,5.25,8.5,3.4,3.3
1499362578,5.519284,5.25,8.5,3.4,3.3
1499362581,5.519284,5.25,8.5,3.4,3.3
1499362584,5.519284,5.25,8.5,3.4,3.3
1499362586,1.118034,3.9,2.3,3.4,3.3
1499362587,1.118034,3.9,2.3,3.4,3.3
1499362588,1.118034,3.9,2.3,3.4,3.3
1499362590,1.118034,3.9,2.3,3.4,3.3
1499362593,1.118034,3.9,2.3,3.4,3.3
1499362596,1.118034,3.9,2.3,3.4,3.3
1499362599,1.118034,3.9,2.3,3.4,3.3
1499362602,1.118034,3.9,2.3,3.4,3.3
1499362605,1.118034,3.9,2.3,3.4,3.3
1499362608,1.118034,3.9,2.3,3.4,3.3
1499362611,1.118034,3.9,2.3,3.4,3.3
1499362614,1.118034,3.9,2.3,3.4,3.3
1499362617,1.118034,3.9,2.3,3.4,3.3
1499362620,1.118034,3.9,2.3,3.4,3.3
1499362623,1.118034,3.9,2.3,3.4,3.3
1499362626,1.118034,3.9,2.3,3.4,3.3
1499362629,1.118034,3.9,2.3,3.4,3.3
1499362632,1.118034,3.9,2.3,3.4,3.3
1499362635,1.118034,3.9,2.3,3.4,3.3
1499362637,1.118034,3.9,2.3,3.4,3.3
1499362638,1.118034,3.9,2.3,3.4,3.3
1499362639,1.118034,3.9,2.3,3.4,3.3
1499362641,1.118034,3.9,2.3,3.4,3.3
1499362644,1.118034,3.9,2.3,3.4,3.3
1499362647,1.118034,3.9,2.3,3.4,3.3
1499362650,1.118034,3.9,2.3,3.4,3.3
1499362653,1.118034,3.9,2.3,3.4,3.3
1499362656,1.118034,3.9,2.3,3.4,3.3
1499362659,1.118034,3.9,2.3,3.4,3.3
1499362662,1.118034,3.9,2.3,3.4,3.3
1499362665,1.118034,3.9,2.3,3.4,3.3
1499362666,1.118034,3.9,2.3,3.4,3.3
1499362667,1.118034,3.9,2.3,3.4,3.3
1499362668,1.118034,3.9,2.3,3.4,3.3
1499362671,1.118034,3.9,2.3,3.4,3.3
1499362674,1.118034,3.9,2.3,3.4,3.3
1499362677,1.118034,3.9,2.3,3.4,3.3
1499362680,1.118034,3.9,2.3,3.4,3.3
1499362683,1.118034,3.9,2.3,3.4,3.3
1499362686,1.118034,3.9,2.3,3.4,3.3
1499362689,1.118034,3.9,2.3,3.4,3.3
1499362692,1.118034,3.9,2.3,3.4,3.3
1499362695,1.118034,3.9,2.3,3.4,3.3
1499362698,1.118034,3.9,2.3,3.4,3.3
1499362701,1.118034,3.9,2.3,3.4,3.3
1499362704,1.118034,3.9,2.3,3.4,3.3
1499362707,1.118034,3.9,2.3,3.4,3.3
1499362710,1.118034,3.9,2.3,3.4,3.3
1499362713,1.118034,3.9,2.3,3.4,3.3
1499362716,1.118034,3.9,2.3,3.4,3.3
1499362719,1.118034,3.9,2.3,3.4,3.3
1499362722,1.118034,3.9,2.3,3.4,3.3
1499362725,1.118034,3.9,2.3,3.4,3.3
1499362728,1.118034,3.9,2.3,3.4,3.3
1499362731,1.118034,3.9,2.3,3.4,3.3
1499362734,1.118034,3.9,2.3,3.4,3.3
1499362737,1.118034,3.9,2.3,3.4,3.3
1499362740,1.118034,3.9,2.3,3.4,3.3
1499362743,1.118034,3.9,2.3,3.4,3.3
1499362746,1.118034,3.9,2.3,3.4,3.3
1499362749,1.118034,3.9,2.3,3.4,3.3
1499362752,1.118034,3.9,2.3,3.4,3.3
1499362755,1.118034,3.9,2.3,3.4,3.3
1499362758,1.118034,3.9,2.3,3.4,3.3
1499362761,1.118034,3.9,2.3,3.4,3.3
1499362764,1.118034,3.9,2.3,3.4,3.3
1499362765,2.906888,0.5,3.5,3.4,3.3
1499362766,2.906888,0.5,3.5,3.4,3.3
1499362767,2.906888,0.5,3.5,3.4,3.3
1499362770,2.906888,0.5,3.5,3.4,3.3
1499362773,2.906888,0.5,3.5,3.4,3.3
1499362776,2.906888,0.5,3.5,3.4,3.3
1499362779,2.906888,0.5,3.5,3.4,3.3
1499362782,2.906888,0.5,3.5,3.4,3.3
1499362785,2.906888,0.5,3.5,3.4,3.3
1499362788,2.906888,0.5,3.5,3.4,3.3
1499362791,2.906888,0.5,3.5,3.4,3.3
1499362794,2.906888,0.5,3.5,3.4,3.3
1499362797,2.906888,0.5,3.5,3.4,3.3
1499362800,2.906888,0.5,3.5,3.4,3.3
1499362803,2.906888,0.5,3.5,3.4,3.3
1499362806,2.906888,0.5,3.5,3.4,3.3
1499362809,2.906888,0.5,3.5,3.4,3.3
1499362812,2.906888,0.5,3.5,3.4,3.3
1499362815,2.906888,0.5,3.5,3.4,3.3
1499362818,2.906888,0.5,3.5,3.4,3.3
1499362821,2.906888,0.5,3.5,3.4,3.3
1499362824,2.906888,0.5,3.5,3.4,3.3
1499362827,2.906888,0.5,3.5,3.4,3.3
1499362830,2.906888,0.5,3.5,3.4,3.3
1499362833,2.906888,0.5,3.5,3.4,3.3
1499362836,2.906888,0.5,3.5,3.4,3.3
1499362839,2.906888,0.5,3.5,3.4,3.3
1499362842,2.906888,0.5,3.5,3.4,3.3
1499362845,2.906888,0.5,3.5,3.4,3.3
1499362848,2.906888,0.5,3.5,3.4,3.3
1499362851,2.906888,0.5,3.5,3.4,3.3
1499362854,2.906888,0.5,3.5,3.4,3.3
1499362857,2.906888,0.5,3.5,3.4,3.3
1499362860,2.906888,0.5,3.5,3.4,3.3
1499362863,2.906888,0.5,3.5,3.4,3.3
1499362866,2.906888,0.5,3.5,3.4,3.3
1499362869,2.906888,0.5,3.5,3.4,3.3
1499362872,2.906888,0.5,3.5,3.4,3.3
1499362875,2.906888,0.5,3.5,3.4,3.3
1499362878,2.906888,0.5,3.5,3.4,3.3
1499362881,2.906888,0.5,3.5,3.4,3.3
1499362884,2.906888,0.5,3.5,3.4,3.3
1499362887,2.906888,0.5,3.5,3.4,3.3
1499362890,2.906888,0.5,3.5,3.4,3.3
1499362891,2.906888,0.5,3.5,3.4,3.3
1499362892,2.906888,0.5,3.5,3.4,3.3
1499362893,2.906888,0.5,3.5,3.4,3.3
1499362894,2.906888,0.5,3.5,3.4,3.3
1499362896,2.906888,0.5,3.5,3.4,3.3
1499362899,2.906888,0.5,3.5,3.4,3.3
1499362900,2.906888,0.5,3.5,3.4,3.3
1499362901,2.906888,0.5,3.5,3.4,3.3
1499362902,2.906888,0.5,3.5,3.4,3.3
1499362903,2.906888,0.5,3.5,3.4,3.3
1499362904,2.906888,0.5,3.5,3.4,3.3
1499362905,2.906888,0.5,3.5,3.4,3.3
1499362908,2.906888,0.5,3.5,3.4,3.3
1499362911,2.906888,0.5,3.5,3.4,3.3
1499362914,2.906888,0.5,3.5,3.4,3.3
1499362917,2.906888,0.5,3.5,3.4,3.3
1499362920,2.906888,0.5,3.5,3.4,3.3
1499362923,2.906888,0.5,3.5,3.4,3.3
1499362926,2.906888,0.5,3.5,3.4,3.3
1499362929,2.906888,0.5,3.5,3.4,3.3
1499362932,2.906888,0.5,3.5,3.4,3.3
1499362935,2.906888,0.5,3.5,3.4,3.3
1499362938,2.906888,0.5,3.5,3.4,3.3
1499362941,2.906888,0.5,3.5,3.4,3.3
1499362944,2.906888,0.5,3.5,3.4,3.3
1499362947,2.906888,0.5,3.5,3.4,3.3
1499362950,2.906888,0.5,3.5,3.4,3.3
1499362953,2.906888,0.5,3.5,3.4,3.3
1499362954,2.906888,0.5,3.5,3.4,3.3
1499362955,2.906888,0.5,3.5,3.4,3.3
1499362956,2.906888,0.5,3.5,3.4,3.3
1499362957,2.906888,0.5,3.5,3.4,3.3
1499362958,2.906888,0.5,3.5,3.4,3.3
1499362959,2.906888,0.5,3.5,3.4,3.3
1499362960,2.906888,0.5,3.5,3.4,3.3
1499362962,2.906888,0.5,3.5,3.4,3.3
1499362964,2.906888,0.5,3.5,3.4,3.3
1499362965,2.906888,0.5,3.5,3.4,3.3
1499362968,2.906888,0.5,3.5,3.4,3.3
1499362970,2.906888,0.5,3.5,3.4,3.3
1499362971,2.906888,0.5,3.5,3.4,3.3
1499362972,2.906888,0.5,3.5,3.4,3.3
1499362973,2.906888,0.5,3.5,3.4,3.3
1499362974,2.906888,0.5,3.5,3.4,3.3
1499362975,2.906888,0.5,3.5,3.4,3.3
1499362976,2.906888,0.5,3.5,3.4,3.3
1499362977,2.906888,0.5,3.5,3.4,3.3
1499362978,2.906888,0.5,3.5,3.4,3.3
1499362979,2.906888,0.5,3.5,3.4,3.3
1499362980,2.906888,0.5,3.5,3.4,3.3
1499362983,2.906888,0.5,3.5,3.4,3.3
1499362986,2.906888,0.5,3.5,3.4,3.3
1499362992,2.953536,5.492308,5.384615,3.4,3.3
1499362995,2.953536,5.492308,5.384615,3.4,3.3
1499362998,2.953536,5.492308,5.384615,3.4,3.3
1499363001,2.953536,5.492308,5.384615,3.4,3.3
1499363004,2.953536,5.492308,5.384615,3.4,3.3
1499363007,2.953536,5.492308,5.384615,3.4,3.3
1499363010,2.953536,5.492308,5.384615,3.4,3.3
1499363012,1.118034,3.9,2.3,3.4,3.3
1499363013,1.118034,3.9,2.3,3.4,3.3
1499363014,1.118034,3.9,2.3,3.4,3.3
1499363015,1.118034,3.9,2.3,3.4,3.3
1499363016,1.118034,3.9,2.3,3.4,3.3
1499363019,1.118034,3.9,2.3,3.4,3.3
1499363022,1.118034,3.9,2.3,3.4,3.3
1499363025,1.118034,3.9,2.3,3.4,3.3
1499363028,1.118034,3.9,2.3,3.4,3.3
1499363031,1.118034,3.9,2.3,3.4,3.3
1499363034,1.118034,3.9,2.3,3.4,3.3
1499363037,1.118034,3.9,2.3,3.4,3.3
1499363040,1.118034,3.9,2.3,3.4,3.3
1499363043,1.118034,3.9,2.3,3.4,3.3
1499363046,1.118034,3.9,2.3,3.4,3.3
1499363049,1.118034,3.9,2.3,3.4,3.3
1499363052,1.118034,3.9,2.3,3.4,3.3
1499363055,1.118034,3.9,2.3,3.4,3.3
1499363058,1.118034,3.9,2.3,3.4,3.3
1499363061,1.118034,3.9,2.3,3.4,3.3
1499363064,1.118034,3.9,2.3,3.4,3.3
1499363067,1.118034,3.9,2.3,3.4,3.3
1499363070,1.118034,3.9,2.3,3.4,3.3
1499363073,1.118034,3.9,2.3,3.4,3.3
1499363076,1.118034,3.9,2.3,3.4,3.3
1499363079,1.118034,3.9,2.3,3.4,3.3
1499363082,1.118034,3.9,2.3,3.4,3.3
1499363085,1.118034,3.9,2.3,3.4,3.3
1499363088,1.118034,3.9,2.3,3.4,3.3
1499363089,1.118034,3.9,2.3,3.4,3.3
1499363090,1.118034,3.9,2.3,3.4,3.3
1499363091,1.118034,3.9,2.3,3.4,3.3
1499363092,1.118034,3.9,2.3,3.4,3.3
1499363093,1.118034,3.9,2.3,3.4,3.3
1499363094,1.118034,3.9,2.3,3.4,3.3
1499363095,1.118034,3.9,2.3,3.4,3.3
1499363096,1.118034,3.9,2.3,3.4,3.3
1499363097,1.118034,3.9,2.3,3.4,3.3
1499363098,1.118034,3.9,2.3,3.4,3.3
1499363099,1.118034,3.9,2.3,3.4,3.3
1499363100,1.118034,3.9,2.3,3.4,3.3
1499363101,1.118034,3.9,2.3,3.4,3.3
1499363102,1.118034,3.9,2.3,3.4,3.3
1499363103,1.118034,3.9,2.3,3.4,3.3
1499363104,1.118034,3.9,2.3,3.4,3.3
1499363105,1.118034,3.9,2.3,3.4,3.3
1499363106,1.118034,3.9,2.3,3.4,3.3
1499363107,1.118034,3.9,2.3,3.4,3.3
1499363108,1.118034,3.9,2.3,3.4,3.3
1499363109,1.118034,3.9,2.3,3.4,3.3
1499363110,1.118034,3.9,2.3,3.4,3.3
1499363111,1.118034,3.9,2.3,3.4,3.3
1499363112,1.118034,3.9,2.3,3.4,3.3
1499363113,1.118034,3.9,2.3,3.4,3.3
1499363114,1.118034,3.9,2.3,3.4,3.3
1499363115,1.118034,3.9,2.3,3.4,3.3
1499363116,1.118034,3.9,2.3,3.4,3.3
1499363117,1.118034,3.9,2.3,3.4,3.3
1499363118,1.118034,3.9,2.3,3.4,3.3
1499363119,1.118034,3.9,2.3,3.4,3.3
1499363120,1.118034,3.9,2.3,3.4,3.3
1499363121,1.118034,3.9,2.3,3.4,3.3
1499363122,1.118034,3.9,2.3,3.4,3.3
1499363123,1.118034,3.9,2.3,3.4,3.3
1499363124,1.118034,3.9,2.3,3.4,3.3
1499363125,1.118034,3.9,2.3,3.4,3.3
1499363126,1.118034,3.9,2.3,3.4,3.3
1499363127,1.118034,3.9,2.3,3.4,3.3
1499363128,1.118034,3.9,2.3,3.4,3.3
1499363129,1.118034,3.9,2.3,3.4,3.3
1499363130,1.118034,3.9,2.3,3.4,3.3
1499363131,1.118034,3.9,2.3,3.4,3.3
1499363133,1.118034,3.9,2.3,3.4,3.3
1499363136,1.118034,3.9,2.3,3.4,3.3
1499363139,1.118034,3.9,2.3,3.4,3.3
1499363142,1.118034,3.9,2.3,3.4,3.3
1499363145,1.118034,3.9,2.3,3.4,3.3
1499363147,1.118034,3.9,2.3,3.4,3.3
1499363148,1.118034,3.9,2.3,3.4,3.3
1499363149,1.118034,3.9,2.3,3.4,3.3
1499363151,1.118034,3.9,2.3,3.4,3.3
1499363154,1.118034,3.9,2.3,3.4,3.3
1499363157,1.118034,3.9,2.3,3.4,3.3
1499363160,1.118034,3.9,2.3,3.4,3.3
1499363163,1.118034,3.9,2.3,3.4,3.3
1499363166,1.118034,3.9,2.3,3.4,3.3
1499363169,1.118034,3.9,2.3,3.4,3.3
1499363172,1.118034,3.9,2.3,3.4,3.3
1499363175,1.118034,3.9,2.3,3.4,3.3
1499363178,1.118034,3.9,2.3,3.4,3.3
1499363179,1.118034,3.9,2.3,3.4,3.3
1499363180,1.118034,3.9,2.3,3.4,3.3
1499363181,1.118034,3.9,2.3,3.4,3.3
1499363184,1.118034,3.9,2.3,3.4,3.3
1499363187,1.118034,3.9,2.3,3.4,3.3
1499363190,1.118034,3.9,2.3,3.4,3.3
1499363193,1.118034,3.9,2.3,3.4,3.3
1499363196,1.118034,3.9,2.3,3.4,3.3
1499363199,1.118034,3.9,2.3,3.4,3.3
1499363202,1.118034,3.9,2.3,3.4,3.3
1499363205,1.118034,3.9,2.3,3.4,3.3
1499363208,1.118034,3.9,2.3,3.4,3.3
1499363211,1.118034,3.9,2.3,3.4,3.3
1499363214,1.118034,3.9,2.3,3.4,3.3
1499363217,1.118034,3.9,2.3,3.4,3.3
1499363219,1.118034,3.9,2.3,3.4,3.3
1499363220,1.118034,3.9,2.3,3.4,3.3
1499363221,1.118034,3.9,2.3,3.4,3.3
1499363222,1.118034,3.9,2.3,3.4,3.3
1499363223,1.118034,3.9,2.3,3.4,3.3
1499363224,1.118034,3.9,2.3,3.4,3.3
1499363226,1.118034,3.9,2.3,3.4,3.3
1499363229,1.118034,3.9,2.3,3.4,3.3
1499363232,1.118034,3.9,2.3,3.4,3.3
1499363235,1.118034,3.9,2.3,3.4,3.3
1499363238,1.118034,3.9,2.3,3.4,3.3
1499363241,1.118034,3.9,2.3,3.4,3.3
1499363244,1.118034,3.9,2.3,3.4,3.3
1499363247,1.118034,3.9,2.3,3.4,3.3
1499363250,1.118034,3.9,2.3,3.4,3.3
1499363252,0.223607,3.5,3.5,3.4,3.3
1499363253,0.223607,3.5,3.5,3.4,3.3
1499363254,0.223607,3.5,3.5,3.4,3.3
1499363255,0.223607,3.5,3.5,3.4,3.3
1499363256,0.223607,3.5,3.5,3.4,3.3
1499363257,0.223607,3.5,3.5,3.4,3.3
1499363259,0.223607,3.5,3.5,3.4,3.3
1499363262,0.223607,3.5,3.5,3.4,3.3
1499363265,0.223607,3.5,3.5,3.4,3.3
1499363268,0.223607,3.5,3.5,3.4,3.3
1499363271,0.223607,3.5,3.5,3.4,3.3
1499363274,0.223607,3.5,3.5,3.4,3.3
1499363277,0.223607,3.5,3.5,3.4,3.3
1499363280,0.223607,3.5,3.5,3.4,3.3
1499363283,0.223607,3.5,3.5,3.4,3.3
1499363286,0.223607,3.5,3.5,3.4,3.3
1499363289,0.223607,3.5,3.5,3.4,3.3
1499363292,0.223607,3.5,3.5,3.4,3.3
1499363295,0.223607,3.5,3.5,3.4,3.3
1499363298,0.223607,3.5,3.5,3.4,3.3
1499363301,0.223607,3.5,3.5,3.4,3.3
1499363304,0.223607,3.5,3.5,3.4,3.3
1499363307,0.223607,3.5,3.5,3.4,3.3
1499363310,0.223607,3.5,3.5,3.4,3.3
1499363313,0.223607,3.5,3.5,3.4,3.3
1499363316,0.223607,3.5,3.5,3.4,3.3
1499363319,0.223607,3.5,3.5,3.4,3.3
1499363322,0.223607,3.5,3.5,3.4,3.3
1499363325,0.223607,3.5,3.5,3.4,3.3
1499363328,0.223607,3.5,3.5,3.4,3.3
1499363331,0.223607,3.5,3.5,3.4,3.3
1499363334,0.223607,3.5,3.5,3.4,3.3
1499363337,0.111803,3.5,3.5,3.4,3.45
1499363340,0.111803,3.5,3.5,3.4,3.45
1499363343,0.111803,3.5,3.5,3.4,3.45
1499363346,0.111803,3.5,3.5,3.4,3.45
1499363349,0.111803,3.5,3.5,3.4,3.45
1499363352,0.111803,3.5,3.5,3.4,3.45
1499363355,0.111803,3.5,3.5,3.4,3.45
1499363358,0.111803,3.5,3.5,3.4,3.45
1499363361,0.111803,3.5,3.5,3.4,3.45
1499363364,0.111803,3.5,3.5,3.4,3.45
1499363367,0.111803,3.5,3.5,3.4,3.45
1499363370,0.111803,3.5,3.5,3.4,3.45
1499363373,0.111803,3.5,3.5,3.4,3.45
1499363376,0.111803,3.5,3.5,3.4,3.45
1499363379,0.111803,3.5,3.5,3.4,3.45
1499363382,0.111803,3.5,3.5,3.4,3.45
1499363385,0.111803,3.5,3.5,3.4,3.45
1499363388,0.111803,3.5,3.5,3.4,3.45
1499363391,0.111803,3.5,3.5,3.4,3.45
1499363394,0.111803,3.5,3.5,3.4,3.45
1499363397,0.111803,3.5,3.5,3.4,3.45
1499363400,0.111803,3.5,3.5,3.4,3.45
1499363403,0.111803,3.5,3.5,3.4,3.45
1499363406,0.111803,3.5,3.5,3.4,3.45
1499363409,0.111803,3.5,3.5,3.4,3.45
1499363412,0.111803,3.5,3.5,3.4,3.45
1499363415,0.111803,3.5,3.5,3.4,3.45
1499363418,0.111803,3.5,3.5,3.4,3.45
1499363421,0.111803,3.5,3.5,3.4,3.45
1499363424,0.111803,3.5,3.5,3.4,3.45
1499363427,0.111803,3.5,3.5,3.4,3.45
1499363430,0.111803,3.5,3.5,3.4,3.45
1499363433,0.111803,3.5,3.5,3.4,3.45
1499363436,0.111803,3.5,3.5,3.4,3.45
1499363439,0.111803,3.5,3.5,3.4,3.45
1499363442,0.111803,3.5,3.5,3.4,3.45
1499363445,0.111803,3.5,3.5,3.4,3.45
1499363448,0.111803,3.5,3.5,3.4,3.45
1499363451,0.111803,3.5,3.5,3.4,3.45
1499363454,0.111803,3.5,3.5,3.4,3.45
1499363457,0.111803,3.5,3.5,3.4,3.45
1499363460,0.111803,3.5,3.5,3.4,3.45
1499363463,0.111803,3.5,3.5,3.4,3.45
1499363466,0.111803,3.5,3.5,3.4,3.45
1499363469,0.111803,3.5,3.5,3.4,3.45
1499363472,0.111803,3.5,3.5,3.4,3.45
1499363475,0.111803,3.5,3.5,3.4,3.45
1499363478,0.111803,3.5,3.5,3.4,3.45
1499363481,0.111803,3.5,3.5,3.4,3.45
1499363484,0.111803,3.5,3.5,3.4,3.45
1499363487,0.111803,3.5,3.5,3.4,3.45
1499363490,0.111803,3.5,3.5,3.4,3.45
1499363493,0.111803,3.5,3.5,3.4,3.45
1499363496,0.111803,3.5,3.5,3.4,3.45
1499363499,0.111803,3.5,3.5,3.4,3.45
1499363502,0.111803,3.5,3.5,3.4,3.45
1499363505,0.111803,3.5,3.5,3.4,3.45
1499363508,0.111803,3.5,3.5,3.4,3.45
1499363511,0.111803,3.5,3.5,3.4,3.45
1499363514,0.111803,3.5,3.5,3.4,3.45
1499363517,0.111803,3.5,3.5,3.4,3.45
1499363520,0.111803,3.5,3.5,3.4,3.45
1499363523,0.111803,3.5,3.5,3.4,3.45
1499363526,0.111803,3.5,3.5,3.4,3.45
1499363529,0.111803,3.5,3.5,3.4,3.45
1499363532,0.111803,3.5,3.5,3.4,3.45
1499363535,0.111803,3.5,3.5,3.4,3.45
1499363538,0.111803,3.5,3.5,3.4,3.45
1499363541,0.111803,3.5,3.5,3.4,3.45
1499363544,0.111803,3.5,3.5,3.4,3.45
1499363547,0.111803,3.5,3.5,3.4,3.45
1499363550,0.111803,3.5,3.5,3.4,3.45
1499363553,0.111803,3.5,3.5,3.4,3.45
1499363556,0.111803,3.5,3.5,3.4,3.45
1499363559,0.111803,3.5,3.5,3.4,3.45
1499363562,0.111803,3.5,3.5,3.4,3.45
1499363565,0.111803,3.5,3.5,3.4,3.45
1499363568,0.111803,3.5,3.5,3.4,3.45
1499363571,0.111803,3.5,3.5,3.4,3.45
1499363574,0.111803,3.5,3.5,3.4,3.45
1499363577,0.111803,3.5,3.5,3.4,3.45
1499363580,0.577108,3.5,3.5,3.994828,3.796983
1499363583,0.559145,3.5,3.5,3.97931,3.787931
1499363586,0.541182,3.5,3.5,3.963793,3.778879
1499363589,0.523219,3.5,3.5,3.948276,3.769828
1499363592,0.505256,3.5,3.5,3.932759,3.760776
1499363595,0.487294,3.5,3.5,3.917241,3.751724
1499363598,0.469332,3.5,3.5,3.901724,3.742672
1499363601,0.451369,3.5,3.5,3.886207,3.733621
1499363604,0.433407,3.5,3.5,3.87069,3.724569
1499363607,0.415446,3.5,3.5,3.855172,3.715517
1499363610,0.397484,3.5,3.5,3.839655,3.706466
1499363613,0.379523,3.5,3.5,3.824138,3.697414
1499363616,0.361562,3.5,3.5,3.808621,3.688362
1499363619,0.343601,3.5,3.5,3.793103,3.67931
1499363622,0.325641,3.5,3.5,3.777586,3.670259
1499363625,0.307681,3.5,3.5,3.762069,3.661207
1499363628,0.289722,3.5,3.5,3.746552,3.652155
1499363631,0.271764,3.5,3.5,3.731034,3.643103
1499363634,0.253806,3.5,3.5,3.715517,3.634052
1499363637,0.23585,3.5,3.5,3.7,3.625
1499363640,0.217894,3.5,3.5,3.684483,3.615948
1499363643,0.199941,3.5,3.5,3.668966,3.606897
1499363646,0.181989,3.5,3.5,3.653448,3.597845
1499363649,0.16404,3.5,3.5,3.637931,3.588793
1499363652,0.146095,3.5,3.5,3.622414,3.579741
1499363655,0.128156,3.5,3.5,3.606897,3.57069
1499363658,0.110224,3.5,3.5,3.591379,3.561638
1499363661,0.092306,3.5,3.5,3.575862,3.552586
1499363664,0.074409,3.5,3.5,3.560345,3.543534
1499363667,0.056556,3.5,3.5,3.544828,3.534483
1499363670,0.038805,3.5,3.5,3.52931,3.525431
1499363673,0.021413,3.5,3.5,3.513793,3.516379
1499363676,0.007528,3.5,3.5,3.498276,3.507328
1499363679,0.017327,3.5,3.5,3.482759,3.498276
1499363682,0.034485,3.5,3.5,3.467241,3.489224
1499363685,0.052189,3.5,3.5,3.451724,3.480172
1499363688,0.070026,3.5,3.5,3.436207,3.471121
1499363691,0.087914,3.5,3.5,3.42069,3.462069
1499363694,0.105828,3.5,3.5,3.405172,3.453017
1499363697,0.111803,3.5,3.5,3.4,3.45
1499363700,0.111803,3.5,3.5,3.4,3.45
1499363703,0.111803,3.5,3.5,3.4,3.45
1499363706,0.111803,3.5,3.5,3.4,3.45
1499363709,3.905125,3.5,3.5,6,6.5
1499363712,3.905125,3.5,3.5,6,6.5
1499363715,3.905125,3.5,3.5,6,6.5
1499363718,3.905125,3.5,3.5,6,6.5
1499363721,3.905125,3.5,3.5,6,6.5
1499363724,3.905125,3.5,3.5,6,6.5
1499363730,1.225494,5.492308,5.384615,6,6.5
1499363733,1.225494,5.492308,5.384615,6,6.5
1499363736,1.225494,5.492308,5.384615,6,6.5
1499363739,1.225494,5.492308,5.384615,6,6.5
1499363742,1.225494,5.492308,5.384615,6,6.5
1499363745,1.043244,5.492308,5.384615,5.947059,6.323529
1499363748,0.762463,5.5,6.5,5.788235,5.794118
1499363749,0.913187,5.5,6.5,5.735294,5.617647
1499363750,1.074411,5.5,6.5,5.682353,5.441176
1499363751,1.242054,5.5,6.5,5.629412,5.264706
1499363752,1.413834,5.5,6.5,5.576471,5.088235
1499363753,1.58841,5.5,6.5,5.523529,4.911765
1499363754,1.764951,5.5,6.5,5.470588,4.735294
1499363755,1.942923,5.5,6.5,5.417647,4.558824
1499363760,1.936903,4.5,5.5,5.152941,3.676471
1499363762,2.24417,4.5,5.5,5.047059,3.323529
1499363763,2.404264,4.5,5.5,4.994118,3.147059
1499363764,2.567598,4.5,5.5,4.941176,2.970588
1499363765,2.733592,4.5,5.5,4.888235,2.794118
1499363766,2.901789,4.5,5.5,4.835294,2.617647
1499363767,3.071828,4.5,5.5,4.782353,2.441176
1499363768,3.243418,4.5,5.5,4.729412,2.264706
1499363769,3.416326,4.5,5.5,4.676471,2.088235
1499363770,3.590361,4.5,5.5,4.623529,1.911765
1499363771,3.765368,4.5,5.5,4.570588,1.735294
1499363772,3.941216,4.5,5.5,4.517647,1.558824
1499363773,4.117798,4.5,5.5,4.464706,1.382353
1499363774,4.295024,4.5,5.5,4.411765,1.205882
1499363775,4.472817,4.5,5.5,4.358824,1.029412
1499363776,4.651111,4.5,5.5,4.305882,0.852941
1499363777,4.829852,4.5,5.5,4.252941,0.676471
1499363778,5.008992,4.5,5.5,4.2,0.5
1499363781,5.008992,4.5,5.5,4.2,0.5
1499363784,5.008992,4.5,5.5,4.2,0.5
1499363787,5.008992,4.5,5.5,4.2,0.5
1499363789,0.3,4.5,0.5,4.2,0.5
1499363790,0.3,4.5,0.5,4.2,0.5
1499363791,0.3,4.5,0.5,4.2,0.5
1499363793,0.3,4.5,0.5,4.2,0.5
1499363796,0.3,4.5,0.5,4.2,0.5
1499363799,0.3,4.5,0.5,4.2,0.5
1499363802,0.3,4.5,0.5,4.2,0.5
1499363805,0.3,4.5,0.5,4.2,0.5
1499363808,0.3,4.5,0.5,4.2,0.5
1499363810,0.3,4.5,0.5,4.2,0.5
1499363811,0.3,4.5,0.5,4.2,0.5
1499363814,0.3,4.5,0.5,4.2,0.5
1499363817,0.3,4.5,0.5,4.2,0.5
1499363818,0.3,4.5,0.5,4.2,0.5
1499363819,0.3,4.5,0.5,4.2,0.5
1499363820,0.3,4.5,0.5,4.2,0.5
1499363821,0.3,4.5,0.5,4.2,0.5
1499363822,0.3,4.5,0.5,4.2,0.5
1499363823,0.3,4.5,0.5,4.2,0.5
1499363826,0.3,4.5,0.5,4.2,0.5
1499363829,0.3,4.5,0.5,4.2,0.5
1499363832,0.3,4.5,0.5,4.2,0.5
1499363835,0.3,4.5,0.5,4.2,0.5
1499363838,0.3,4.5,0.5,4.2,0.5
1499363841,0.3,4.5,0.5,4.2,0.5
1499363844,0.3,4.5,0.5,4.2,0.5
1499363847,0.3,4.5,0.5,4.2,0.5
1499363850,0.3,4.5,0.5,4.2,0.5
1499363853,0.3,4.5,0.5,4.2,0.5
1499363856,0.3,4.5,0.5,4.2,0.5
1499363859,0.3,4.5,0.5,4.2,0.5
1499363862,0.3,4.5,0.5,4.2,0.5
1499363865,0.3,4.5,0.5,4.2,0.5
1499363868,0.3,4.5,0.5,4.2,0.5
1499363871,0.3,4.5,0.5,4.2,0.5
1499363874,0.3,4.5,0.5,4.2,0.5
1499363877,0.3,4.5,0.5,4.2,0.5
1499363880,0.3,4.5,0.5,4.2,0.5
1499363883,0.3,4.5,0.5,4.2,0.5
1499363886,0.3,4.5,0.5,4.2,0.5
1499363889,0.3,4.5,0.5,4.2,0.5
1499363892,0.3,4.5,0.5,4.2,0.5
1499363895,6.184658,4.5,0.5,6,6.5
1499363898,6.184658,4.5,0.5,6,6.5
1499363901,6.184658,4.5,0.5,6,6.5
1499363916,3.847799,4.833333,2.833333,6,6.5
1499363919,3.847799,4.833333,2.833333,6,6.5
1499363928,2.061553,5.5,4.5,6,6.5
1499363931,2.061553,5.5,4.5,6,6.5
1499363934,2.061553,5.5,4.5,6,6.5
1499363937,2.061553,5.5,4.5,6,6.5
1499363940,2.061553,5.5,4.5,6,6.5
1499363943,2.061553,5.5,4.5,6,6.5
1499363946,2.061553,5.5,4.5,6,6.5
1499363949,2.061553,5.5,4.5,6,6.5
1499363956,0.425,5.8,6.125,6,6.5
1499363957,0.425,5.8,6.125,6,6.5
1499363958,0.425,5.8,6.125,6,6.5
1499363959,0.425,5.8,6.125,6,6.5
1499363960,0.425,5.8,6.125,6,6.5
1499363961,0.425,5.8,6.125,6,6.5
1499363962,0.425,5.8,6.125,6,6.5
1499363963,0.425,5.8,6.125,6,6.5
1499363964,0.425,5.8,6.125,6,6.5
1499363965,0.425,5.8,6.125,6,6.5
1499363966,0.425,5.8,6.125,6,6.5
1499363967,0.425,5.8,6.125,6,6.5
1499363968,0.425,5.8,6.125,6,6.5
1499363970,0.425,5.8,6.125,6,6.5
1499363973,0.425,5.8,6.125,6,6.5
1499363974,0.425,5.8,6.125,6,6.5
1499363975,0.425,5.8,6.125,6,6.5
1499363976,0.425,5.8,6.125,6,6.5
1499363977,0.014286,6.014286,6.5,6,6.5
1499363978,0.014286,6.014286,6.5,6,6.5
1499363979,0.014286,6.014286,6.5,6,6.5
1499363980,0.014286,6.014286,6.5,6,6.5
1499363981,0.014286,6.014286,6.5,6,6.5
1499363982,0.014286,6.014286,6.5,6,6.5
1499363983,0.014286,6.014286,6.5,6,6.5
1499363987,0.425,5.8,6.125,6,6.5
1499363988,0.425,5.8,6.125,6,6.5
1499363989,0.425,5.8,6.125,6,6.5
1499363990,0.425,5.8,6.125,6,6.5
1499363991,0.425,5.8,6.125,6,6.5
1499363992,0.425,5.8,6.125,6,6.5
1499363993,0.425,5.8,6.125,6,6.5
1499363994,0.425,5.8,6.125,6,6.5
1499363995,0.425,5.8,6.125,6,6.5
1499363996,0.425,5.8,6.125,6,6.5
1499363997,0.425,5.8,6.125,6,6.5
1499363998,0.425,5.8,6.125,6,6.5
1499363999,1.409122,5.8,6.125,6.4,7.4
1499364000,1.409122,5.8,6.125,6.4,7.4
1499364003,1.409122,5.8,6.125,6.4,7.4
1499364006,1.409122,5.8,6.125,6.4,7.4
1499364007,1.409122,5.8,6.125,6.4,7.4
1499364008,0.979171,6.014286,6.5,6.4,7.4
1499364009,0.979171,6.014286,6.5,6.4,7.4
1499364010,0.979171,6.014286,6.5,6.4,7.4
1499364012,0.979171,6.014286,6.5,6.4,7.4
1499364015,0.979171,6.014286,6.5,6.4,7.4
1499364018,0.979171,6.014286,6.5,6.4,7.4
1499364019,0.979171,6.014286,6.5,6.4,7.4
1499364020,0.979171,6.014286,6.5,6.4,7.4
1499364021,0.979171,6.014286,6.5,6.4,7.4
1499364024,0.979171,6.014286,6.5,6.4,7.4
1499364027,0.979171,6.014286,6.5,6.4,7.4
1499364030,0.979171,6.014286,6.5,6.4,7.4
1499364033,0.979171,6.014286,6.5,6.4,7.4
1499364036,0.979171,6.014286,6.5,6.4,7.4
1499364039,0.979171,6.014286,6.5,6.4,7.4
1499364042,0.979171,6.014286,6.5,6.4,7.4
1499364045,0.979171,6.014286,6.5,6.4,7.4
1499364048,0.979171,6.014286,6.5,6.4,7.4
1499364051,0.979171,6.014286,6.5,6.4,7.4
1499364054,0.979171,6.014286,6.5,6.4,7.4
1499364057,0.979171,6.014286,6.5,6.4,7.4
1499364060,0.732979,6.014286,6.5,6.3,7.175
1499364063,0.014286,6.014286,6.5,6,6.5
1499364066,0.480213,6.014286,6.5,6,6.02
1499364067,0.640159,6.014286,6.5,6,5.86
1499364068,0.800128,6.014286,6.5,6,5.7
1499364069,0.960106,6.014286,6.5,6,5.54
1499364072,1.440071,6.014286,6.5,6,5.06
1499364075,1.600064,6.014286,6.5,6,4.9
1499364078,1.600064,6.014286,6.5,6,4.9
1499364081,1.600064,6.014286,6.5,6,4.9
1499364084,1.600064,6.014286,6.5,6,4.9
1499364087,1.600064,6.014286,6.5,6,4.9
1499364090,1.600064,6.014286,6.5,6,4.9
1499364093,1.600064,6.014286,6.5,6,4.9
1499364096,1.600064,6.014286,6.5,6,4.9
1499364098,0.67082,6.3,5.5,6,4.9
1499364099,0.67082,6.3,5.5,6,4.9
1499364100,0.67082,6.3,5.5,6,4.9
1499364101,0.67082,6.3,5.5,6,4.9
1499364102,0.67082,6.3,5.5,6,4.9
1499364105,0.67082,6.3,5.5,6,4.9
1499364108,0.67082,6.3,5.5,6,4.9
1499364111,0.67082,6.3,5.5,6,4.9
1499364123,0.67082,6.3,5.5,6,4.9
1499364125,0.67082,6.3,5.5,6,4.9
1499364126,0.67082,6.3,5.5,6,4.9
1499364127,0.67082,6.3,5.5,6,4.9
1499364128,0.67082,6.3,5.5,6,4.9
1499364129,0.67082,6.3,5.5,6,4.9
1499364130,0.67082,6.3,5.5,6,4.9
1499364131,0.67082,6.3,5.5,6,4.9
1499364132,1.009748,6.3,5.5,5.871429,4.585714
1499364135,2.027817,6.3,5.5,5.485714,3.642857
1499364138,3.046309,6.3,5.5,5.1,2.7
1499364141,4.064907,6.3,5.5,4.714286,1.757143
1499364144,5.083547,6.3,5.5,4.328571,0.814286
1499364151,3.956008,3.1,4.3,4.2,0.5
1499364152,3.956008,3.1,4.3,4.2,0.5
1499364153,5.052675,5.492308,5.384615,4.2,0.5
1499364159,4.205948,5.5,4.5,4.2,0.5
1499364165,2.417758,4.833333,2.833333,4.2,0.5
1499364168,2.417758,4.833333,2.833333,4.2,0.5
1499364171,2.417758,4.833333,2.833333,4.2,0.5
1499364174,2.417758,4.833333,2.833333,4.2,0.5
1499364177,1.344292,4.833333,2.833333,3.95,1.82
1499364186,3.641772,5.5,4.5,2.95,7.1
1499364187,2.227667,4.5,5.5,2.95,7.1
1499364188,2.227667,4.5,5.5,2.95,7.1
1499364189,1.900658,4.5,6,2.95,7.1
1499364190,1.900658,4.5,6,2.95,7.1
1499364191,1.900658,4.5,6,2.95,7.1
1499364199,1.772595,1.5,7.5,3.014286,6.578571
1499364200,2.138627,1.5,7.5,3.078571,6.057143
1499364201,2.560742,1.5,7.5,3.142857,5.535714
1499364202,3.015479,1.5,7.5,3.207143,5.014286
1499364203,3.49011,1.5,7.5,3.271429,4.492857
1499364204,3.97752,1.5,7.5,3.335714,3.971429
1499364205,4.473533,1.5,7.5,3.4,3.45
1499364206,4.473533,1.5,7.5,3.4,3.45
1499364207,4.473533,1.5,7.5,3.4,3.45
1499364210,4.473533,1.5,7.5,3.4,3.45
1499364213,4.473533,1.5,7.5,3.4,3.45
1499364216,4.473533,1.5,7.5,3.4,3.45
1499364219,4.473533,1.5,7.5,3.4,3.45
1499364231,2.238861,4.5,1.5,3.4,3.45
1499364234,2.238861,4.5,1.5,3.4,3.45
1499364237,2.238861,4.5,1.5,3.4,3.45
1499364240,2.238861,4.5,1.5,3.4,3.45
1499364243,2.238861,4.5,1.5,3.4,3.45
1499364246,2.238861,4.5,1.5,3.4,3.45
1499364249,2.238861,4.5,1.5,3.4,3.45
1499364252,2.238861,4.5,1.5,3.4,3.45
1499364255,2.238861,4.5,1.5,3.4,3.45
1499364258,2.238861,4.5,1.5,3.4,3.45
1499364261,2.238861,4.5,1.5,3.4,3.45
1499364264,2.238861,4.5,1.5,3.4,3.45
1499364267,2.238861,4.5,1.5,3.4,3.45
1499364270,2.238861,4.5,1.5,3.4,3.45
1499364273,2.238861,4.5,1.5,3.4,3.45
1499364276,2.238861,4.5,1.5,3.4,3.45
1499364279,2.238861,4.5,1.5,3.4,3.45
1499364282,2.238861,4.5,1.5,3.4,3.45
1499364283,2.238861,4.5,1.5,3.4,3.45
1499364284,2.238861,4.5,1.5,3.4,3.45
1499364285,2.238861,4.5,1.5,3.4,3.45
1499364286,2.238861,4.5,1.5,3.4,3.45
1499364287,2.238861,4.5,1.5,3.4,3.45
1499364288,2.815261,4.5,1.5,3.325,4.058333
1499364289,3.40445,4.5,1.5,3.25,4.666667
1499364290,4.000781,4.5,1.5,3.175,5.275
1499364291,4.601479,4.5,1.5,3.1,5.883333
1499364292,5.205032,4.5,1.5,3.025,6.491667
1499364293,5.810551,4.5,1.5,2.95,7.1
1499364294,5.810551,4.5,1.5,2.95,7.1
1499364295,5.810551,4.5,1.5,2.95,7.1
1499364297,5.810551,4.5,1.5,2.95,7.1
1499364298,6.432573,4.5,1.5,2.86,7.72
1499364299,7.055388,4.5,1.5,2.77,8.34
1499364300,7.678802,4.5,1.5,2.68,8.96
1499364301,8.30268,4.5,1.5,2.59,9.58
1499364302,8.926926,4.5,1.5,2.5,10.2
1499364303,8.926926,4.5,1.5,2.5,10.2
1499364304,8.926926,4.5,1.5,2.5,10.2
1499364305,8.926926,4.5,1.5,2.5,10.2
1499364306,8.926926,4.5,1.5,2.5,10.2
1499364309,8.926926,4.5,1.5,2.5,10.2
1499364312,8.926926,4.5,1.5,2.5,10.2
1499364315,8.926926,4.5,1.5,2.5,10.2
1499364316,8.926926,4.5,1.5,2.5,10.2
1499364317,8.926926,4.5,1.5,2.5,10.2
1499364318,8.926926,4.5,1.5,2.5,10.2
1499364319,1.220656,1.5,9.5,2.5,10.2
1499364320,1.220656,1.5,9.5,2.5,10.2
1499364321,1.220656,1.5,9.5,2.5,10.2
1499364323,1.220656,1.5,9.5,2.5,10.2
1499364324,1.220656,1.5,9.5,2.5,10.2
1499364326,1.220656,1.5,9.5,2.5,10.2
1499364327,1.220656,1.5,9.5,2.5,10.2
1499364328,1.220656,1.5,9.5,2.5,10.2
1499364329,1.220656,1.5,9.5,2.5,10.2
1499364330,1.220656,1.5,9.5,2.5,10.2
1499364331,1.220656,1.5,9.5,2.5,10.2
1499364332,1.220656,1.5,9.5,2.5,10.2
1499364333,1.220656,1.5,9.5,2.5,10.2
1499364334,1.220656,1.5,9.5,2.5,10.2
1499364335,1.220656,1.5,9.5,2.5,10.2
1499364336,1.220656,1.5,9.5,2.5,10.2
1499364337,1.220656,1.5,9.5,2.5,10.2
1499364338,1.220656,1.5,9.5,2.5,10.2
1499364339,1.220656,1.5,9.5,2.5,10.2
1499364342,1.220656,1.5,9.5,2.5,10.2
1499364345,0.860233,2,9.5,2.5,10.2
1499364346,0.860233,2,9.5,2.5,10.2
1499364347,0.860233,2,9.5,2.5,10.2
1499364348,0.860233,2,9.5,2.5,10.2
1499364349,0.860233,2,9.5,2.5,10.2
1499364350,0.860233,2,9.5,2.5,10.2
1499364351,0.860233,2,9.5,2.5,10.2
1499364352,0.860233,2,9.5,2.5,10.2
1499364353,0.860233,2,9.5,2.5,10.2
1499364354,0.860233,2,9.5,2.5,10.2
1499364357,0.860233,2,9.5,2.5,10.2
1499364358,0.860233,2,9.5,2.5,10.2
1499364359,0.860233,2,9.5,2.5,10.2
1499364360,0.860233,2,9.5,2.5,10.2
1499364361,0.860233,2,9.5,2.5,10.2
1499364362,0.860233,2,9.5,2.5,10.2
1499364363,0.860233,2,9.5,2.5,10.2
1499364364,0.860233,2,9.5,2.5,10.2
1499364365,0.860233,2,9.5,2.5,10.2
1499364366,0.860233,2,9.5,2.5,10.2
1499364367,0.860233,2,9.5,2.5,10.2
1499364368,0.860233,2,9.5,2.5,10.2
1499364369,0.617075,2,9.5,2.6125,9.425
1499364372,2.581182,2,9.5,2.95,7.1
1499364374,2.581182,2,9.5,2.95,7.1
1499364375,2.581182,2,9.5,2.95,7.1
1499364376,2.581182,2,9.5,2.95,7.1
1499364377,2.581182,2,9.5,2.95,7.1
1499364378,2.581182,2,9.5,2.95,7.1
1499364379,2.581182,2,9.5,2.95,7.1
1499364380,2.581182,2,9.5,2.95,7.1
1499364381,2.581182,2,9.5,2.95,7.1
1499364382,2.581182,2,9.5,2.95,7.1
1499364383,2.581182,2,9.5,2.95,7.1
1499364384,2.581182,2,9.5,2.95,7.1
1499364387,2.581182,2,9.5,2.95,7.1
1499364390,2.581182,2,9.5,2.95,7.1
1499364392,2.581182,2,9.5,2.95,7.1
1499364393,2.581182,2,9.5,2.95,7.1
1499364394,2.581182,2,9.5,2.95,7.1
1499364396,2.581182,2,9.5,2.95,7.1
1499364399,2.581182,2,9.5,2.95,7.1
1499364402,2.581182,2,9.5,2.95,7.1
1499364403,2.581182,2,9.5,2.95,7.1
1499364404,2.581182,2,9.5,2.95,7.1
1499364405,2.581182,2,9.5,2.95,7.1
1499364406,2.581182,2,9.5,2.95,7.1
1499364407,2.581182,2,9.5,2.95,7.1
1499364408,2.581182,2,9.5,2.95,7.1
1499364409,2.581182,2,9.5,2.95,7.1
1499364410,2.581182,2,9.5,2.95,7.1
1499364411,2.581182,2,9.5,2.95,7.1
1499364412,2.581182,2,9.5,2.95,7.1
1499364413,2.581182,2,9.5,2.95,7.1
1499364414,2.581182,2,9.5,2.95,7.1
1499364415,2.581182,2,9.5,2.95,7.1
1499364416,2.581182,2,9.5,2.95,7.1
1499364417,2.581182,2,9.5,2.95,7.1
1499364419,2.581182,2,9.5,2.95,7.1
1499364420,2.581182,2,9.5,2.95,7.1
1499364423,2.581182,2,9.5,2.95,7.1
1499364426,2.581182,2,9.5,2.95,7.1
1499364429,2.581182,2,9.5,2.95,7.1
1499364430,2.581182,2,9.5,2.95,7.1
1499364431,2.581182,2,9.5,2.95,7.1
1499364432,2.581182,2,9.5,2.95,7.1
1499364433,2.581182,2,9.5,2.95,7.1
1499364434,2.581182,2,9.5,2.95,7.1
1499364435,2.581182,2,9.5,2.95,7.1
1499364436,2.581182,2,9.5,2.95,7.1
1499364437,2.581182,2,9.5,2.95,7.1
1499364438,2.581182,2,9.5,2.95,7.1
1499364439,2.581182,2,9.5,2.95,7.1
1499364440,2.581182,2,9.5,2.95,7.1
1499364441,2.581182,2,9.5,2.95,7.1
1499364442,2.581182,2,9.5,2.95,7.1
1499364443,2.581182,2,9.5,2.95,7.1
1499364444,2.581182,2,9.5,2.95,7.1
1499364445,2.581182,2,9.5,2.95,7.1
1499364446,2.581182,2,9.5,2.95,7.1
1499364447,2.581182,2,9.5,2.95,7.1
1499364448,2.581182,2,9.5,2.95,7.1
1499364449,2.581182,2,9.5,2.95,7.1
1499364450,2.581182,2,9.5,2.95,7.1
1499364453,2.581182,2,9.5,2.95,7.1
1499364455,2.581182,2,9.5,2.95,7.1
1499364456,2.581182,2,9.5,2.95,7.1
1499364457,2.581182,2,9.5,2.95,7.1
1499364458,2.581182,2,9.5,2.95,7.1
1499364459,2.581182,2,9.5,2.95,7.1
1499364460,2.581182,2,9.5,2.95,7.1
1499364461,2.581182,2,9.5,2.95,7.1
1499364462,2.581182,2,9.5,2.95,7.1
1499364463,2.581182,2,9.5,2.95,7.1
1499364464,2.581182,2,9.5,2.95,7.1
1499364465,2.581182,2,9.5,2.95,7.1
1499364466,2.581182,2,9.5,2.95,7.1
1499364467,2.581182,2,9.5,2.95,7.1
1499364468,2.581182,2,9.5,2.95,7.1
1499364471,2.581182,2,9.5,2.95,7.1
1499364474,2.581182,2,9.5,2.95,7.1
1499364475,2.581182,2,9.5,2.95,7.1
1499364476,2.581182,2,9.5,2.95,7.1
1499364477,2.581182,2,9.5,2.95,7.1
1499364478,2.581182,2,9.5,2.95,7.1
1499364479,2.581182,2,9.5,2.95,7.1
1499364480,2.581182,2,9.5,2.95,7.1
1499364481,2.581182,2,9.5,2.95,7.1
1499364482,2.581182,2,9.5,2.95,7.1
1499364483,2.581182,2,9.5,2.95,7.1
1499364485,2.581182,2,9.5,2.95,7.1
1499364486,2.581182,2,9.5,2.95,7.1
1499364487,2.581182,2,9.5,2.95,7.1
1499364488,2.581182,2,9.5,2.95,7.1
1499364489,2.581182,2,9.5,2.95,7.1
1499364490,2.581182,2,9.5,2.95,7.1
1499364491,2.581182,2,9.5,2.95,7.1
1499364492,2.581182,2,9.5,2.95,7.1
1499364493,2.581182,2,9.5,2.95,7.1
1499364494,2.581182,2,9.5,2.95,7.1
1499364495,2.581182,2,9.5,2.95,7.1
1499364496,2.581182,2,9.5,2.95,7.1
1499364497,2.581182,2,9.5,2.95,7.1
1499364498,2.581182,2,9.5,2.95,7.1
1499364501,2.581182,2,9.5,2.95,7.1
1499364503,2.581182,2,9.5,2.95,7.1
1499364504,2.581182,2,9.5,2.95,7.1
1499364505,2.581182,2,9.5,2.95,7.1
1499364506,2.581182,2,9.5,2.95,7.1
1499364507,2.581182,2,9.5,2.95,7.1
1499364508,2.581182,2,9.5,2.95,7.1
1499364509,2.581182,2,9.5,2.95,7.1
1499364510,2.581182,2,9.5,2.95,7.1
1499364512,2.581182,2,9.5,2.95,7.1
1499364513,2.581182,2,9.5,2.95,7.1
1499364514,2.581182,2,9.5,2.95,7.1
1499364515,2.581182,2,9.5,2.95,7.1
1499364516,2.581182,2,9.5,2.95,7.1
1499364517,2.581182,2,9.5,2.95,7.1
1499364518,2.581182,2,9.5,2.95,7.1
1499364519,2.581182,2,9.5,2.95,7.1
1499364522,2.581182,2,9.5,2.95,7.1
1499364525,2.581182,2,9.5,2.95,7.1
1499364526,3.05596,2,9.5,2.733333,6.533333
1499364527,3.570909,2,9.5,2.516667,5.966667
1499364528,4.110961,2,9.5,2.3,5.4
1499364529,3.810197,2,9.5,2.278571,5.7
1499364531,3.20867,2,9.5,2.235714,6.3
1499364534,2.30638,2,9.5,2.171429,7.2
1499364537,2.216151,2,9.5,2.165,7.29
1499364540,2.531952,2,9.5,2.1875,6.975
1499364543,2.847754,2,9.5,2.21,6.66
1499364546,3.163555,2,9.5,2.2325,6.345
1499364549,3.479357,2,9.5,2.255,6.03
1499364552,3.795159,2,9.5,2.2775,5.715
1499364554,4.005694,2,9.5,2.2925,5.505
1499364555,4.110961,2,9.5,2.3,5.4
1499364558,4.110961,2,9.5,2.3,5.4
1499364561,4.110961,2,9.5,2.3,5.4
1499364564,4.110961,2,9.5,2.3,5.4
1499364567,4.110961,2,9.5,2.3,5.4
1499364570,4.110961,2,9.5,2.3,5.4
1499364573,4.110961,2,9.5,2.3,5.4
1499364576,4.110961,2,9.5,2.3,5.4
1499364579,2.581182,2,9.5,2.95,7.1
1499364580,2.581182,2,9.5,2.95,7.1
1499364581,2.581182,2,9.5,2.95,7.1
1499364582,2.581182,2,9.5,2.95,7.1
1499364583,2.581182,2,9.5,2.95,7.1
1499364584,2.581182,2,9.5,2.95,7.1
1499364585,2.581182,2,9.5,2.95,7.1
1499364588,2.581182,2,9.5,2.95,7.1
1499364589,2.581182,2,9.5,2.95,7.1
1499364590,2.581182,2,9.5,2.95,7.1
1499364591,2.581182,2,9.5,2.95,7.1
1499364592,2.581182,2,9.5,2.95,7.1
1499364593,2.581182,2,9.5,2.95,7.1
1499364594,2.581182,2,9.5,2.95,7.1
1499364595,2.581182,2,9.5,2.95,7.1
1499364596,2.581182,2,9.5,2.95,7.1
1499364597,2.581182,2,9.5,2.95,7.1
1499364600,2.581182,2,9.5,2.95,7.1
1499364602,2.581182,2,9.5,2.95,7.1
1499364603,2.581182,2,9.5,2.95,7.1
1499364604,2.581182,2,9.5,2.95,7.1
1499364605,2.581182,2,9.5,2.95,7.1
1499364606,2.581182,2,9.5,2.95,7.1
1499364609,2.581182,2,9.5,2.95,7.1
1499364612,2.581182,2,9.5,2.95,7.1
1499364615,2.581182,2,9.5,2.95,7.1
1499364618,2.581182,2,9.5,2.95,7.1
1499364621,2.581182,2,9.5,2.95,7.1
1499364624,2.581182,2,9.5,2.95,7.1
1499364627,2.581182,2,9.5,2.95,7.1
1499364630,2.581182,2,9.5,2.95,7.1
1499364633,2.581182,2,9.5,2.95,7.1
1499364636,2.581182,2,9.5,2.95,7.1
1499364639,2.581182,2,9.5,2.95,7.1
1499364642,2.581182,2,9.5,2.95,7.1
1499364645,2.581182,2,9.5,2.95,7.1
1499364648,2.581182,2,9.5,2.95,7.1
1499364649,2.581182,2,9.5,2.95,7.1
1499364650,1.504161,1.5,7.5,2.95,7.1
1499364651,1.504161,1.5,7.5,2.95,7.1
1499364652,1.504161,1.5,7.5,2.95,7.1
1499364653,1.504161,1.5,7.5,2.95,7.1
1499364654,1.504161,1.5,7.5,2.95,7.1
1499364657,1.504161,1.5,7.5,2.95,7.1
1499364660,1.504161,1.5,7.5,2.95,7.1
1499364663,1.504161,1.5,7.5,2.95,7.1
1499364664,1.504161,1.5,7.5,2.95,7.1
1499364665,1.504161,1.5,7.5,2.95,7.1
1499364666,1.504161,1.5,7.5,2.95,7.1
1499364667,1.504161,1.5,7.5,2.95,7.1
1499364668,1.504161,1.5,7.5,2.95,7.1
1499364669,1.504161,1.5,7.5,2.95,7.1
1499364672,1.504161,1.5,7.5,2.95,7.1
1499364675,1.504161,1.5,7.5,2.95,7.1
1499364677,1.567021,1.5,7.5,2.733333,6.533333
1499364678,1.839761,1.5,7.5,2.516667,5.966667
1499364679,2.247221,1.5,7.5,2.3,5.4
1499364680,2.247221,1.5,7.5,2.3,5.4
1499364681,2.247221,1.5,7.5,2.3,5.4
1499364682,2.247221,1.5,7.5,2.3,5.4
1499364684,1.504161,1.5,7.5,2.95,7.1
1499364687,1.504161,1.5,7.5,2.95,7.1
1499364690,1.504161,1.5,7.5,2.95,7.1
1499364692,1.504161,1.5,7.5,2.95,7.1
1499364693,1.504161,1.5,7.5,2.95,7.1
1499364696,1.287561,1.5,7.5,2.5375,8.2625
1499364699,2.023919,1.5,7.5,2.125,9.425
1499364702,2.722591,1.5,7.5,1.85,10.2
1499364705,2.722591,1.5,7.5,1.85,10.2
1499364708,2.722591,1.5,7.5,1.85,10.2
1499364711,2.722591,1.5,7.5,1.85,10.2
1499364714,2.722591,1.5,7.5,1.85,10.2
1499364717,2.722591,1.5,7.5,1.85,10.2
1499364720,2.722591,1.5,7.5,1.85,10.2
1499364723,2.722591,1.5,7.5,1.85,10.2
1499364726,2.722591,1.5,7.5,1.85,10.2
1499364729,2.722591,1.5,7.5,1.85,10.2
1499364732,2.722591,1.5,7.5,1.85,10.2
1499364735,2.722591,1.5,7.5,1.85,10.2
1499364738,2.722591,1.5,7.5,1.85,10.2
1499364741,1.179502,1.5,7.5,1.271429,8.657143
1499364744,0.89457,1.5,7.5,0.692857,7.114286
1499364747,1.345362,1.5,7.5,0.5,6.6
1499364750,2.173131,2.5,5.75,0.5,6.6
1499364751,2.173131,2.5,5.75,0.5,6.6
1499364752,2.173131,2.5,5.75,0.5,6.6
1499364753,2.173131,2.5,5.75,0.5,6.6
1499364754,2.173131,2.5,5.75,0.5,6.6
1499364755,2.173131,2.5,5.75,0.5,6.6
1499364756,2.173131,2.5,5.75,0.5,6.6
1499364759,2.173131,2.5,5.75,0.5,6.6
1499364762,2.173131,2.5,5.75,0.5,6.6
1499364765,2.173131,2.5,5.75,0.5,6.6
1499364768,2.173131,2.5,5.75,0.5,6.6
1499364771,2.173131,2.5,5.75,0.5,6.6
1499364774,2.173131,2.5,5.75,0.5,6.6
1499364777,1.784657,2.5,5.75,2.15,7.5
1499364780,1.784657,2.5,5.75,2.15,7.5
1499364783,3.592353,2.5,5.75,1.95,9.3
1499364786,4.497221,2.5,5.75,1.85,10.2
1499364787,4.497221,2.5,5.75,1.85,10.2
1499364788,4.497221,2.5,5.75,1.85,10.2
1499364789,4.497221,2.5,5.75,1.85,10.2
1499364792,4.497221,2.5,5.75,1.85,10.2
1499364795,4.497221,2.5,5.75,1.85,10.2
1499364797,0.955249,2.5,9.5,1.85,10.2
1499364798,0.955249,2.5,9.5,1.85,10.2
1499364799,0.585235,2.5,9.5,1.95,9.3
1499364800,1.188486,2.5,9.5,2.05,8.4
1499364801,2.030394,2.5,9.5,2.15,7.5
1499364802,2.030394,2.5,9.5,2.15,7.5
1499364803,2.030394,2.5,9.5,2.15,7.5
1499364804,2.030394,2.5,9.5,2.15,7.5
1499364805,2.030394,2.5,9.5,2.15,7.5
1499364806,2.030394,2.5,9.5,2.15,7.5
1499364807,2.030394,2.5,9.5,2.15,7.5
1499364810,2.030394,2.5,9.5,2.15,7.5
1499364811,2.030394,2.5,9.5,2.15,7.5
1499364812,2.030394,2.5,9.5,2.15,7.5
1499364813,2.030394,2.5,9.5,2.15,7.5
1499364814,2.030394,2.5,9.5,2.15,7.5
1499364816,2.030394,2.5,9.5,2.15,7.5
1499364819,2.030394,2.5,9.5,2.15,7.5
1499364820,2.030394,2.5,9.5,2.15,7.5
1499364821,2.030394,2.5,9.5,2.15,7.5
1499364822,2.030394,2.5,9.5,2.15,7.5
1499364823,2.030394,2.5,9.5,2.15,7.5
1499364824,2.030394,2.5,9.5,2.15,7.5
1499364825,2.030394,2.5,9.5,2.15,7.5
1499364826,2.030394,2.5,9.5,2.15,7.5
1499364827,2.030394,2.5,9.5,2.15,7.5
1499364828,2.030394,2.5,9.5,2.15,7.5
1499364831,2.030394,2.5,9.5,2.15,7.5
1499364834,2.030394,2.5,9.5,2.15,7.5
1499364837,2.030394,2.5,9.5,2.15,7.5
1499364840,2.030394,2.5,9.5,2.15,7.5
1499364843,2.030394,2.5,9.5,2.15,7.5
1499364846,2.030394,2.5,9.5,2.15,7.5
1499364849,2.030394,2.5,9.5,2.15,7.5
1499364852,2.030394,2.5,9.5,2.15,7.5
1499364855,2.030394,2.5,9.5,2.15,7.5
1499364857,2.030394,2.5,9.5,2.15,7.5
1499364858,2.030394,2.5,9.5,2.15,7.5
1499364861,2.030394,2.5,9.5,2.15,7.5
1499364864,2.036594,2.5,9.5,2.169048,7.490476
1499364867,2.056406,2.5,9.5,2.22619,7.461905
1499364869,2.070603,2.5,9.5,2.264286,7.442857
1499364870,2.077993,2.5,9.5,2.283333,7.433333
1499364871,2.085574,2.5,9.5,2.302381,7.42381
1499364872,2.093345,2.5,9.5,2.321429,7.414286
1499364873,2.101302,2.5,9.5,2.340476,7.404762
1499364874,2.109445,2.5,9.5,2.359524,7.395238
1499364875,2.11777,2.5,9.5,2.378571,7.385714
1499364876,2.126276,2.5,9.5,2.397619,7.37619
1499364879,2.152856,2.5,9.5,2.454762,7.347619
1499364882,2.180985,2.5,9.5,2.511905,7.319048
1499364885,2.210602,2.5,9.5,2.569048,7.290476
1499364888,1.274379,3.9,7.3,2.62619,7.261905
1499364889,1.255665,3.9,7.3,2.645238,7.252381
1499364890,1.237035,3.9,7.3,2.664286,7.242857
1499364891,1.218492,3.9,7.3,2.683333,7.233333
1499364892,1.20004,3.9,7.3,2.702381,7.22381
1499364893,1.181684,3.9,7.3,2.721429,7.214286
1499364894,1.163428,3.9,7.3,2.740476,7.204762
1499364895,1.145278,3.9,7.3,2.759524,7.195238
1499364896,1.127237,3.9,7.3,2.778571,7.185714
1499364897,1.109312,3.9,7.3,2.797619,7.17619
1499364900,1.056287,3.9,7.3,2.854762,7.147619
1499364903,1.004528,3.9,7.3,2.911905,7.119048
1499364904,0.98759,3.9,7.3,2.930952,7.109524
1499364905,0.970824,3.9,7.3,2.95,7.1
1499364906,1.015197,3.9,7.3,2.9,7.125
1499364907,1.06066,3.9,7.3,2.85,7.15
1499364908,1.107079,3.9,7.3,2.8,7.175
1499364909,1.15434,3.9,7.3,2.75,7.2
1499364912,1.30024,3.9,7.3,2.6,7.275
1499364915,1.450862,3.9,7.3,2.45,7.35
1499364918,1.604875,3.9,7.3,2.3,7.425
1499364919,0.751665,1.5,7.5,2.25,7.45
1499364920,0.700446,1.5,7.5,2.2,7.475
1499364921,0.65,1.5,7.5,2.15,7.5
1499364924,0.65,1.5,7.5,2.15,7.5
1499364927,2.879236,1.5,7.5,2.5,10.2
1499364930,2.879236,1.5,7.5,2.5,10.2
1499364933,2.879236,1.5,7.5,2.5,10.2
1499364936,0.65,1.5,7.5,2.15,7.5
1499364939,0.555439,1.5,7.5,1.7,8.018182
1499364942,1.066091,1.5,7.5,1.25,8.536364
1499364945,1.704879,1.5,7.5,0.8,9.054545
1499364948,1.832737,1.5,7.5,0.745,9.17
1499364951,0.980204,1.5,7.5,1.48,8.48
1499364954,0.771573,1.5,7.5,2.215,7.79
1499364957,1.504161,1.5,7.5,2.95,7.1
1499364960,1.504161,1.5,7.5,2.95,7.1
1499364963,1.504161,1.5,7.5,2.95,7.1
1499364964,1.504161,1.5,7.5,2.95,7.1
1499364965,1.504161,1.5,7.5,2.95,7.1
1499364966,1.504161,1.5,7.5,2.95,7.1
1499364969,2.722591,1.5,7.5,1.85,10.2
1499364972,2.722591,1.5,7.5,1.85,10.2
1499364975,2.722591,1.5,7.5,1.85,10.2
1499364978,2.722591,1.5,7.5,1.85,10.2
1499364981,0.65,1.5,7.5,2.15,7.5
1499364984,0.65,1.5,7.5,2.15,7.5
1499364987,0.65,1.5,7.5,2.15,7.5
1499364990,0.65,1.5,7.5,2.15,7.5
1499364993,0.65,1.5,7.5,2.15,7.5
1499364996,0.65,1.5,7.5,2.15,7.5
1499364999,0.65,1.5,7.5,2.15,7.5
1499365002,0.65,1.5,7.5,2.15,7.5
1499365005,0.65,1.5,7.5,2.15,7.5
1499365007,1.761391,3.9,7.3,2.15,7.5
1499365008,1.761391,3.9,7.3,2.15,7.5
1499365009,1.761391,3.9,7.3,2.15,7.5
1499365010,1.761391,3.9,7.3,2.15,7.5
1499365011,1.761391,3.9,7.3,2.15,7.5
1499365014,1.761391,3.9,7.3,2.15,7.5
1499365017,1.761391,3.9,7.3,2.15,7.5
1499365020,1.761391,3.9,7.3,2.15,7.5
1499365023,1.761391,3.9,7.3,2.15,7.5
1499365026,1.761391,3.9,7.3,2.15,7.5
1499365029,2.483948,3.9,7.3,2.3,5.4
1499365032,1.743067,3.9,7.3,2.1875,6.975
1499365035,1.761391,3.9,7.3,2.15,7.5
1499365036,1.761391,3.9,7.3,2.15,7.5
1499365037,1.761391,3.9,7.3,2.15,7.5
1499365038,1.761391,3.9,7.3,2.15,7.5
1499365039,1.761391,3.9,7.3,2.15,7.5
1499365040,1.761391,3.9,7.3,2.15,7.5
1499365041,1.784657,2.5,5.75,2.15,7.5
1499365042,1.784657,2.5,5.75,2.15,7.5
1499365043,1.784657,2.5,5.75,2.15,7.5
1499365044,1.784657,2.5,5.75,2.15,7.5
1499365045,1.784657,2.5,5.75,2.15,7.5
1499365046,1.784657,2.5,5.75,2.15,7.5
1499365047,1.784657,2.5,5.75,2.15,7.5
1499365050,1.784657,2.5,5.75,2.15,7.5
1499365053,4.497221,2.5,5.75,1.85,10.2
1499365056,4.497221,2.5,5.75,1.85,10.2
1499365059,4.497221,2.5,5.75,1.85,10.2
1499365062,4.497221,2.5,5.75,1.85,10.2
1499365065,4.497221,2.5,5.75,1.85,10.2
1499365066,4.497221,2.5,5.75,1.85,10.2
1499365067,4.497221,2.5,5.75,1.85,10.2
1499365068,4.497221,2.5,5.75,1.85,10.2
1499365069,4.497221,2.5,5.75,1.85,10.2
1499365071,4.497221,2.5,5.75,1.85,10.2
1499365074,4.497221,2.5,5.75,1.85,10.2
1499365077,4.497221,2.5,5.75,1.85,10.2
1499365080,4.497221,2.5,5.75,1.85,10.2
1499365083,4.497221,2.5,5.75,1.85,10.2
1499365086,4.497221,2.5,5.75,1.85,10.2
1499365089,4.497221,2.5,5.75,1.85,10.2
1499365092,4.497221,2.5,5.75,1.85,10.2
1499365095,4.497221,2.5,5.75,1.85,10.2
1499365096,4.497221,2.5,5.75,1.85,10.2
1499365097,4.497221,2.5,5.75,1.85,10.2
1499365098,4.497221,2.5,5.75,1.85,10.2
1499365099,4.497221,2.5,5.75,1.85,10.2
1499365100,4.497221,2.5,5.75,1.85,10.2
1499365101,4.497221,2.5,5.75,1.85,10.2
1499365104,4.497221,2.5,5.75,1.85,10.2
1499365107,4.497221,2.5,5.75,1.85,10.2
1499365110,4.497221,2.5,5.75,1.85,10.2
1499365111,3.534643,2.5,5.75,1.94,9.24
1499365112,2.573286,2.5,5.75,2.03,8.28
1499365113,2.212871,2.5,9.5,2.12,7.32
1499365114,3.153363,2.5,9.5,2.21,6.36
1499365115,4.104875,2.5,9.5,2.3,5.4
1499365116,4.104875,2.5,9.5,2.3,5.4
1499365117,4.104875,2.5,9.5,2.3,5.4
1499365118,4.104875,2.5,9.5,2.3,5.4
1499365119,4.104875,2.5,9.5,2.3,5.4
1499365120,4.104875,2.5,9.5,2.3,5.4
1499365121,4.104875,2.5,9.5,2.3,5.4
1499365122,4.104875,2.5,9.5,2.3,5.4
1499365123,4.104875,2.5,9.5,2.3,5.4
1499365124,4.104875,2.5,9.5,2.3,5.4
1499365125,4.104875,2.5,9.5,2.3,5.4
1499365126,4.104875,2.5,9.5,2.3,5.4
1499365127,4.104875,2.5,9.5,2.3,5.4
1499365128,4.104875,2.5,9.5,2.3,5.4
1499365129,4.104875,2.5,9.5,2.3,5.4
1499365130,4.104875,2.5,9.5,2.3,5.4
1499365131,4.104875,2.5,9.5,2.3,5.4
1499365132,4.104875,2.5,9.5,2.3,5.4
1499365133,4.104875,2.5,9.5,2.3,5.4
1499365134,4.104875,2.5,9.5,2.3,5.4
1499365135,4.104875,2.5,9.5,2.3,5.4
1499365136,4.104875,2.5,9.5,2.3,5.4
1499365137,4.104875,2.5,9.5,2.3,5.4
1499365138,4.104875,2.5,9.5,2.3,5.4
1499365139,4.104875,2.5,9.5,2.3,5.4
1499365140,4.104875,2.5,9.5,2.3,5.4
1499365143,4.104875,2.5,9.5,2.3,5.4
1499365144,4.104875,2.5,9.5,2.3,5.4
1499365145,4.104875,2.5,9.5,2.3,5.4
1499365146,4.104875,2.5,9.5,2.3,5.4
1499365149,4.104875,2.5,9.5,2.3,5.4
1499365152,4.104875,2.5,9.5,2.3,5.4
1499365155,4.104875,2.5,9.5,2.3,5.4
1499365158,0.7,2.5,9.5,2.5,10.2
1499365159,0.265057,2.5,9.5,2.564286,9.757143
1499365161,0.657492,2.5,9.5,2.692857,8.871429
1499365164,1.994789,2.5,9.5,2.885714,7.542857
1499365167,2.441823,2.5,9.5,2.95,7.1
1499365170,4.066701,2.5,9.5,2.516667,5.433333
1499365173,4.90408,2.5,9.5,2.3,4.6
1499365174,4.90408,2.5,9.5,2.3,4.6
1499365175,4.90408,2.5,9.5,2.3,4.6
1499365176,4.90408,2.5,9.5,2.3,4.6
1499365177,4.90408,2.5,9.5,2.3,4.6
1499365178,1.167262,2.5,5.75,2.3,4.6
1499365179,1.167262,2.5,5.75,2.3,4.6
1499365180,1.167262,2.5,5.75,2.3,4.6
1499365181,1.167262,2.5,5.75,2.3,4.6
1499365182,1.167262,2.5,5.75,2.3,4.6
1499365185,1.167262,2.5,5.75,2.3,4.6
1499365188,1.167262,2.5,5.75,2.3,4.6
1499365191,1.167262,2.5,5.75,2.3,4.6
1499365194,1.167262,2.5,5.75,2.3,4.6
1499365197,1.167262,2.5,5.75,2.3,4.6
1499365200,1.167262,2.5,5.75,2.3,4.6
1499365203,1.423025,2.5,5.75,2.95,7.1
1499365206,1.224848,2.5,5.75,2.9,6.907692
1499365209,1.026873,2.5,5.75,2.85,6.715385
1499365212,0.829245,2.5,5.75,2.8,6.523077
1499365215,0.632292,2.5,5.75,2.75,6.330769
1499365218,0.436924,2.5,5.75,2.7,6.138462
1499365221,0.246934,2.5,5.75,2.65,5.946154
1499365224,0.100074,2.5,5.75,2.6,5.753846
1499365227,0.194981,2.5,5.75,2.55,5.561538
1499365229,0.317105,2.5,5.75,2.516667,5.433333
1499365230,0.380769,2.5,5.75,2.5,5.369231
1499365231,0.445184,2.5,5.75,2.483333,5.305128
1499365232,0.510065,2.5,5.75,2.466667,5.241026
1499365233,0.575254,2.5,5.75,2.45,5.176923
1499365234,0.640658,2.5,5.75,2.433333,5.112821
1499365235,0.706216,2.5,5.75,2.416667,5.048718
1499365236,0.77189,2.5,5.75,2.4,4.984615
1499365237,0.837652,2.5,5.75,2.383333,4.920513
1499365238,0.903482,2.5,5.75,2.366667,4.85641
1499365239,0.969368,2.5,5.75,2.35,4.792308
1499365242,1.167262,2.5,5.75,2.3,4.6
1499365244,1.167262,2.5,5.75,2.3,4.6
1499365245,1.167262,2.5,5.75,2.3,4.6
1499365248,1.167262,2.5,5.75,2.3,4.6
1499365249,1.167262,2.5,5.75,2.3,4.6
1499365250,1.167262,2.5,5.75,2.3,4.6
1499365251,1.167262,2.5,5.75,2.3,4.6
1499365252,1.167262,2.5,5.75,2.3,4.6
1499365253,1.167262,2.5,5.75,2.3,4.6
1499365254,1.167262,2.5,5.75,2.3,4.6
1499365257,1.167262,2.5,5.75,2.3,4.6
1499365260,1.167262,2.5,5.75,2.3,4.6
1499365263,1.167262,2.5,5.75,2.3,4.6
1499365266,1.167262,2.5,5.75,2.3,4.6
1499365269,1.167262,2.5,5.75,2.3,4.6
1499365272,1.167262,2.5,5.75,2.3,4.6
1499365275,1.167262,2.5,5.75,2.3,4.6
1499365278,1.167262,2.5,5.75,2.3,4.6
1499365279,1.167262,2.5,5.75,2.3,4.6
1499365280,1.167262,2.5,5.75,2.3,4.6
1499365281,1.167262,2.5,5.75,2.3,4.6
1499365284,1.167262,2.5,5.75,2.3,4.6
1499365287,1.167262,2.5,5.75,2.3,4.6
1499365290,1.167262,2.5,5.75,2.3,4.6
1499365293,1.167262,2.5,5.75,2.3,4.6
1499365294,1.167262,2.5,5.75,2.3,4.6
1499365295,1.167262,2.5,5.75,2.3,4.6
1499365296,1.167262,2.5,5.75,2.3,4.6
1499365297,1.167262,2.5,5.75,2.3,4.6
1499365298,1.167262,2.5,5.75,2.3,4.6
1499365299,1.167262,2.5,5.75,2.3,4.6
1499365302,1.167262,2.5,5.75,2.3,4.6
1499365305,1.167262,2.5,5.75,2.3,4.6
1499365308,1.167262,2.5,5.75,2.3,4.6
1499365311,1.167262,2.5,5.75,2.3,4.6
1499365314,1.167262,2.5,5.75,2.3,4.6
1499365317,1.167262,2.5,5.75,2.3,4.6
1499365320,1.167262,2.5,5.75,2.3,4.6
1499365323,1.167262,2.5,5.75,2.3,4.6
1499365326,1.167262,2.5,5.75,2.3,4.6
1499365329,1.167262,2.5,5.75,2.3,4.6
1499365332,1.167262,2.5,5.75,2.3,4.6
1499365335,1.167262,2.5,5.75,2.3,4.6
1499365338,1.167262,2.5,5.75,2.3,4.6
1499365341,1.167262,2.5,5.75,2.3,4.6
1499365344,1.167262,2.5,5.75,2.3,4.6
1499365347,1.167262,2.5,5.75,2.3,4.6
1499365350,1.167262,2.5,5.75,2.3,4.6
1499365353,1.167262,2.5,5.75,2.3,4.6
1499365356,1.167262,2.5,5.75,2.3,4.6
1499365359,1.167262,2.5,5.75,2.3,4.6
1499365362,1.167262,2.5,5.75,2.3,4.6
1499365365,1.167262,2.5,5.75,2.3,4.6
1499365368,1.167262,2.5,5.75,2.3,4.6
1499365371,1.167262,2.5,5.75,2.3,4.6
1499365374,1.167262,2.5,5.75,2.3,4.6
1499365377,1.167262,2.5,5.75,2.3,4.6
1499365380,1.167262,2.5,5.75,2.3,4.6
1499365383,1.167262,2.5,5.75,2.3,4.6
1499365386,1.167262,2.5,5.75,2.3,4.6
1499365389,1.167262,2.5,5.75,2.3,4.6
1499365392,1.167262,2.5,5.75,2.3,4.6
1499365395,1.167262,2.5,5.75,2.3,4.6
1499365398,1.167262,2.5,5.75,2.3,4.6
1499365401,1.167262,2.5,5.75,2.3,4.6
1499365404,1.167262,2.5,5.75,2.3,4.6
1499365407,1.167262,2.5,5.75,2.3,4.6
1499365410,1.167262,2.5,5.75,2.3,4.6
1499365413,1.167262,2.5,5.75,2.3,4.6
1499365416,1.167262,2.5,5.75,2.3,4.6
1499365417,1.167262,2.5,5.75,2.3,4.6
1499365418,1.167262,2.5,5.75,2.3,4.6
1499365419,1.167262,2.5,5.75,2.3,4.6
1499365422,1.167262,2.5,5.75,2.3,4.6
1499365425,1.167262,2.5,5.75,2.3,4.6
1499365428,1.167262,2.5,5.75,2.3,4.6
1499365431,1.167262,2.5,5.75,2.3,4.6
1499365434,1.167262,2.5,5.75,2.3,4.6
1499365437,1.167262,2.5,5.75,2.3,4.6
1499365440,1.167262,2.5,5.75,2.3,4.6
1499365443,1.167262,2.5,5.75,2.3,4.6
1499365446,1.167262,2.5,5.75,2.3,4.6
1499365448,1.167262,2.5,5.75,2.3,4.6
1499365449,1.167262,2.5,5.75,2.3,4.6
1499365452,1.167262,2.5,5.75,2.3,4.6
1499365455,1.167262,2.5,5.75,2.3,4.6
1499365458,1.167262,2.5,5.75,2.3,4.6
1499365461,1.167262,2.5,5.75,2.3,4.6
1499365464,1.167262,2.5,5.75,2.3,4.6
1499365467,1.167262,2.5,5.75,2.3,4.6
1499365470,1.167262,2.5,5.75,2.3,4.6
1499365473,1.167262,2.5,5.75,2.3,4.6
1499365476,1.167262,2.5,5.75,2.3,4.6
1499365479,1.167262,2.5,5.75,2.3,4.6
1499365482,1.167262,2.5,5.75,2.3,4.6
1499365485,1.167262,2.5,5.75,2.3,4.6
1499365488,1.167262,2.5,5.75,2.3,4.6
1499365491,1.167262,2.5,5.75,2.3,4.6
1499365494,1.167262,2.5,5.75,2.3,4.6
1499365497,1.167262,2.5,5.75,2.3,4.6
1499365500,1.167262,2.5,5.75,2.3,4.6
1499365503,1.167262,2.5,5.75,2.3,4.6
1499365506,1.167262,2.5,5.75,2.3,4.6
1499365509,1.167262,2.5,5.75,2.3,4.6
1499365512,1.167262,2.5,5.75,2.3,4.6
1499365513,1.167262,2.5,5.75,2.3,4.6
1499365514,1.167262,2.5,5.75,2.3,4.6
1499365515,1.167262,2.5,5.75,2.3,4.6
1499365516,1.167262,2.5,5.75,2.3,4.6
1499365517,1.167262,2.5,5.75,2.3,4.6
1499365518,1.167262,2.5,5.75,2.3,4.6
1499365521,1.167262,2.5,5.75,2.3,4.6
1499365524,1.167262,2.5,5.75,2.3,4.6
1499365527,1.167262,2.5,5.75,2.3,4.6
1499365530,1.167262,2.5,5.75,2.3,4.6
1499365533,1.167262,2.5,5.75,2.3,4.6
1499365536,1.167262,2.5,5.75,2.3,4.6
1499365539,1.167262,2.5,5.75,2.3,4.6
1499365542,1.167262,2.5,5.75,2.3,4.6
1499365543,1.167262,2.5,5.75,2.3,4.6
1499365544,1.167262,2.5,5.75,2.3,4.6
1499365545,1.167262,2.5,5.75,2.3,4.6
1499365548,1.167262,2.5,5.75,2.3,4.6
1499365551,1.167262,2.5,5.75,2.3,4.6
1499365554,1.167262,2.5,5.75,2.3,4.6
1499365557,1.167262,2.5,5.75,2.3,4.6
1499365560,1.167262,2.5,5.75,2.3,4.6
1499365563,1.167262,2.5,5.75,2.3,4.6
1499365566,1.167262,2.5,5.75,2.3,4.6
1499365569,1.167262,2.5,5.75,2.3,4.6
1499365572,1.167262,2.5,5.75,2.3,4.6
1499365575,1.167262,2.5,5.75,2.3,4.6
1499365578,1.167262,2.5,5.75,2.3,4.6
1499365581,1.167262,2.5,5.75,2.3,4.6
1499365584,1.167262,2.5,5.75,2.3,4.6
1499365587,1.167262,2.5,5.75,2.3,4.6
1499365590,1.167262,2.5,5.75,2.3,4.6
1499365593,1.167262,2.5,5.75,2.3,4.6
1499365596,1.167262,2.5,5.75,2.3,4.6
1499365599,1.167262,2.5,5.75,2.3,4.6
1499365602,1.167262,2.5,5.75,2.3,4.6
1499365605,1.167262,2.5,5.75,2.3,4.6
1499365608,1.167262,2.5,5.75,2.3,4.6
1499365611,1.167262,2.5,5.75,2.3,4.6
1499365614,1.167262,2.5,5.75,2.3,4.6
1499365617,1.167262,2.5,5.75,2.3,4.6
1499365620,1.167262,2.5,5.75,2.3,4.6
1499365623,1.167262,2.5,5.75,2.3,4.6
1499365626,1.167262,2.5,5.75,2.3,4.6
1499365629,1.167262,2.5,5.75,2.3,4.6
1499365632,1.167262,2.5,5.75,2.3,4.6
1499365635,1.167262,2.5,5.75,2.3,4.6
1499365638,1.167262,2.5,5.75,2.3,4.6
1499365641,1.167262,2.5,5.75,2.3,4.6
1499365644,1.167262,2.5,5.75,2.3,4.6
1499365647,1.167262,2.5,5.75,2.3,4.6
1499365650,1.167262,2.5,5.75,2.3,4.6
1499365653,1.167262,2.5,5.75,2.3,4.6
1499365656,1.167262,2.5,5.75,2.3,4.6
1499365659,1.167262,2.5,5.75,2.3,4.6
1499365662,1.167262,2.5,5.75,2.3,4.6
1499365665,1.167262,2.5,5.75,2.3,4.6
1499365668,1.167262,2.5,5.75,2.3,4.6
1499365671,1.167262,2.5,5.75,2.3,4.6
1499365674,1.167262,2.5,5.75,2.3,4.6
1499365677,1.167262,2.5,5.75,2.3,4.6
1499365680,1.167262,2.5,5.75,2.3,4.6
1499365683,1.167262,2.5,5.75,2.3,4.6
1499365686,1.167262,2.5,5.75,2.3,4.6
1499365689,1.167262,2.5,5.75,2.3,4.6
1499365692,1.167262,2.5,5.75,2.3,4.6
1499365695,1.167262,2.5,5.75,2.3,4.6
1499365698,1.167262,2.5,5.75,2.3,4.6
1499365701,1.167262,2.5,5.75,2.3,4.6
1499365704,1.167262,2.5,5.75,2.3,4.6
1499365707,1.167262,2.5,5.75,2.3,4.6
1499365710,1.167262,2.5,5.75,2.3,4.6
1499365713,1.167262,2.5,5.75,2.3,4.6
1499365716,1.167262,2.5,5.75,2.3,4.6
1499365719,1.167262,2.5,5.75,2.3,4.6
1499365722,1.167262,2.5,5.75,2.3,4.6
1499365725,1.167262,2.5,5.75,2.3,4.6
1499365728,1.167262,2.5,5.75,2.3,4.6
1499365731,1.167262,2.5,5.75,2.3,4.6
1499365734,1.167262,2.5,5.75,2.3,4.6
1499365737,1.167262,2.5,5.75,2.3,4.6
1499365740,1.167262,2.5,5.75,2.3,4.6
1499365743,1.167262,2.5,5.75,2.3,4.6
1499365746,1.167262,2.5,5.75,2.3,4.6
1499365749,1.167262,2.5,5.75,2.3,4.6
1499365751,1.167262,2.5,5.75,2.3,4.6
1499365752,1.167262,2.5,5.75,2.3,4.6
1499365753,1.167262,2.5,5.75,2.3,4.6
1499365754,1.167262,2.5,5.75,2.3,4.6
1499365755,1.167262,2.5,5.75,2.3,4.6
1499365756,1.167262,2.5,5.75,2.3,4.6
1499365757,1.167262,2.5,5.75,2.3,4.6
1499365758,1.167262,2.5,5.75,2.3,4.6
1499365759,1.167262,2.5,5.75,2.3,4.6
1499365760,1.167262,2.5,5.75,2.3,4.6
1499365761,1.167262,2.5,5.75,2.3,4.6
1499365762,1.167262,2.5,5.75,2.3,4.6
1499365763,1.167262,2.5,5.75,2.3,4.6
1499365764,1.167262,2.5,5.75,2.3,4.6
1499365765,1.167262,2.5,5.75,2.3,4.6
1499365766,1.167262,2.5,5.75,2.3,4.6
1499365767,1.167262,2.5,5.75,2.3,4.6
1499365770,1.167262,2.5,5.75,2.3,4.6
1499365773,1.167262,2.5,5.75,2.3,4.6
1499365776,1.167262,2.5,5.75,2.3,4.6
1499365778,1.167262,2.5,5.75,2.3,4.6
1499365779,1.167262,2.5,5.75,2.3,4.6
1499365780,1.167262,2.5,5.75,2.3,4.6
1499365782,1.167262,2.5,5.75,2.3,4.6
1499365783,1.167262,2.5,5.75,2.3,4.6
1499365784,1.167262,2.5,5.75,2.3,4.6
1499365785,1.167262,2.5,5.75,2.3,4.6
1499365786,1.167262,2.5,5.75,2.3,4.6
1499365787,1.167262,2.5,5.75,2.3,4.6
1499365788,1.167262,2.5,5.75,2.3,4.6
1499365789,1.167262,2.5,5.75,2.3,4.6
1499365790,1.167262,2.5,5.75,2.3,4.6
1499365791,1.167262,2.5,5.75,2.3,4.6
1499365792,1.167262,2.5,5.75,2.3,4.6
1499365794,1.167262,2.5,5.75,2.3,4.6
1499365797,1.167262,2.5,5.75,2.3,4.6
1499365799,1.167262,2.5,5.75,2.3,4.6
1499365800,1.167262,2.5,5.75,2.3,4.6
1499365801,1.167262,2.5,5.75,2.3,4.6
1499365802,1.167262,2.5,5.75,2.3,4.6
1499365803,1.167262,2.5,5.75,2.3,4.6
1499365804,1.167262,2.5,5.75,2.3,4.6
1499365805,1.167262,2.5,5.75,2.3,4.6
1499365806,1.167262,2.5,5.75,2.3,4.6
1499365807,1.167262,2.5,5.75,2.3,4.6
1499365808,1.167262,2.5,5.75,2.3,4.6
1499365809,1.167262,2.5,5.75,2.3,4.6
1499365812,1.167262,2.5,5.75,2.3,4.6
1499365815,1.167262,2.5,5.75,2.3,4.6
1499365818,1.167262,2.5,5.75,2.3,4.6
1499365821,1.167262,2.5,5.75,2.3,4.6
1499365824,1.167262,2.5,5.75,2.3,4.6
1499365827,1.167262,2.5,5.75,2.3,4.6
1499365830,1.167262,2.5,5.75,2.3,4.6
1499365833,1.167262,2.5,5.75,2.3,4.6
1499365835,1.167262,2.5,5.75,2.3,4.6
1499365836,1.167262,2.5,5.75,2.3,4.6
1499365837,1.167262,2.5,5.75,2.3,4.6
1499365838,0.934672,2.5,5.75,1.7,5.266667
1499365839,1.411953,2.5,5.75,1.1,5.933333
1499365842,1.784657,2.5,5.75,2.15,7.5
1499365845,4.162031,2.5,5.75,0.5,9.4
1499365848,2.14819,2.5,5.75,2.133333,7.866667
1499365851,4.490267,2.5,5.75,5.7,8.9
1499365854,1.423025,2.5,5.75,2.95,7.1
1499365857,4.162031,2.5,5.75,0.5,9.4
1499365860,3.203514,2.5,5.75,0.7,3.1
1499365863,4.490267,2.5,5.75,5.7,8.9
1499365866,3.203514,2.5,5.75,0.7,3.1
1499365869,3.203514,2.5,5.75,0.7,3.1
1499365872,3.203514,2.5,5.75,0.7,3.1
1499365875,3.203514,2.5,5.75,0.7,3.1
1499365878,3.203514,2.5,5.75,0.7,3.1
1499365881,1.167262,2.5,5.75,2.3,4.6
1499365884,4.490267,2.5,5.75,5.7,8.9
1499365887,1.735655,2.5,5.75,1.2,4.6
1499365890,3.320015,2.5,5.75,0.5,8.4
1499365892,2.469818,2.5,5.75,3.4,3.45
1499365893,3.320015,2.5,5.75,0.5,8.4
1499365896,4.162031,2.5,5.75,0.5,9.4
1499365899,1.423025,2.5,5.75,2.95,7.1
1499365902,2.586987,2.5,5.75,4.45,7.45
1499365905,3.203514,2.5,5.75,0.7,3.1
1499365908,4.490267,2.5,5.75,5.7,8.9
1499365911,3.203514,2.5,5.75,0.7,3.1
1499365914,3.203514,2.5,5.75,0.7,3.1
1499365917,3.203514,2.5,5.75,0.7,3.1
1499365920,3.203514,2.5,5.75,0.7,3.1
1499365921,3.203514,2.5,5.75,0.7,3.1
1499365922,3.203514,2.5,5.75,0.7,3.1
1499365923,3.203514,2.5,5.75,0.7,3.1
1499365924,5.403702,0.5,8.5,0.7,3.1
1499365925,5.403702,0.5,8.5,0.7,3.1
1499365926,5.403702,0.5,8.5,0.7,3.1
1499365927,5.403702,0.5,8.5,0.7,3.1
1499365928,5.403702,0.5,8.5,0.7,3.1
1499365929,5.403702,0.5,8.5,0.7,3.1
1499365930,5.403702,0.5,8.5,0.7,3.1
1499365932,5.403702,0.5,8.5,0.7,3.1
1499365935,5.403702,0.5,8.5,0.7,3.1
1499365936,5.403702,0.5,8.5,0.7,3.1
1499365937,5.403702,0.5,8.5,0.7,3.1
1499365938,5.403702,0.5,8.5,0.7,3.1
1499365939,5.403702,0.5,8.5,0.7,3.1
1499365940,5.403702,0.5,8.5,0.7,3.1
1499365941,5.403702,0.5,8.5,0.7,3.1
1499365942,5.903389,0.5,9,0.7,3.1
1499365943,6.261989,0.5,9,3.4,3.45
1499365944,5.903389,0.5,9,0.7,3.1
1499365945,5.903389,0.5,9,0.7,3.1
1499365946,5.903389,0.5,9,0.7,3.1
1499365947,5.903389,0.5,9,0.7,3.1
1499365948,5.903389,0.5,9,0.7,3.1
1499365949,5.903389,0.5,9,0.7,3.1
1499365950,5.903389,0.5,9,0.7,3.1
1499365953,5.903389,0.5,9,0.7,3.1
1499365956,5.903389,0.5,9,0.7,3.1
1499365957,5.903389,0.5,9,0.7,3.1
1499365958,5.903389,0.5,9,0.7,3.1
1499365959,5.903389,0.5,9,0.7,3.1
1499365960,5.903389,0.5,9,0.7,3.1
1499365961,5.903389,0.5,9,0.7,3.1
1499365962,5.903389,0.5,9,0.7,3.1
1499365964,5.903389,0.5,9,0.7,3.1
1499365965,5.903389,0.5,9,0.7,3.1
1499365966,5.903389,0.5,9,0.7,3.1
1499365967,5.903389,0.5,9,0.7,3.1
1499365968,5.903389,0.5,9,0.7,3.1
1499365969,5.903389,0.5,9,0.7,3.1
1499365970,5.903389,0.5,9,0.7,3.1
1499365971,5.903389,0.5,9,0.7,3.1
1499365972,5.903389,0.5,9,0.7,3.1
1499365973,5.903389,0.5,9,0.7,3.1
1499365974,5.903389,0.5,9,0.7,3.1
1499365977,5.903389,0.5,9,0.7,3.1
1499365980,5.903389,0.5,9,0.7,3.1
1499365983,5.903389,0.5,9,0.7,3.1
1499365985,5.903389,0.5,9,0.7,3.1
1499365986,5.903389,0.5,9,0.7,3.1
1499365987,5.903389,0.5,9,0.7,3.1
1499365988,5.903389,0.5,9,0.7,3.1
1499365989,5.903389,0.5,9,0.7,3.1
1499365990,5.903389,0.5,9,0.7,3.1
1499365991,5.903389,0.5,9,0.7,3.1
1499365992,5.903389,0.5,9,0.7,3.1
1499365995,5.903389,0.5,9,0.7,3.1
1499365996,5.903389,0.5,9,0.7,3.1
1499365997,5.903389,0.5,9,0.7,3.1
1499365998,5.903389,0.5,9,0.7,3.1
1499365999,5.903389,0.5,9,0.7,3.1
1499366000,5.903389,0.5,9,0.7,3.1
1499366001,5.903389,0.5,9,0.7,3.1
1499366002,5.903389,0.5,9,0.7,3.1
1499366004,5.903389,0.5,9,0.7,3.1
1499366007,5.903389,0.5,9,0.7,3.1
1499366009,5.903389,0.5,9,0.7,3.1
1499366010,5.903389,0.5,9,0.7,3.1
1499366011,5.903389,0.5,9,0.7,3.1
1499366012,5.903389,0.5,9,0.7,3.1
1499366013,5.903389,0.5,9,0.7,3.1
1499366014,5.903389,0.5,9,0.7,3.1
1499366015,5.903389,0.5,9,0.7,3.1
1499366016,5.903389,0.5,9,0.7,3.1
1499366017,5.903389,0.5,9,0.7,3.1
1499366018,5.903389,0.5,9,0.7,3.1
1499366019,5.903389,0.5,9,0.7,3.1
1499366022,5.903389,0.5,9,0.7,3.1
1499366025,5.903389,0.5,9,0.7,3.1
1499366026,5.903389,0.5,9,0.7,3.1
1499366027,5.903389,0.5,9,0.7,3.1
1499366028,5.903389,0.5,9,0.7,3.1
1499366031,5.903389,0.5,9,0.7,3.1
1499366034,5.903389,0.5,9,0.7,3.1
1499366037,5.903389,0.5,9,0.7,3.1
1499366038,5.903389,0.5,9,0.7,3.1
1499366039,5.903389,0.5,9,0.7,3.1
1499366040,5.903389,0.5,9,0.7,3.1
1499366041,5.903389,0.5,9,0.7,3.1
1499366042,5.903389,0.5,9,0.7,3.1
1499366043,5.903389,0.5,9,0.7,3.1
1499366044,5.903389,0.5,9,0.7,3.1
1499366045,5.903389,0.5,9,0.7,3.1
1499366046,5.903389,0.5,9,0.7,3.1
1499366049,5.903389,0.5,9,0.7,3.1
1499366050,5.903389,0.5,9,0.7,3.1
1499366051,5.903389,0.5,9,0.7,3.1
1499366052,5.903389,0.5,9,0.7,3.1
1499366053,5.903389,0.5,9,0.7,3.1
1499366054,5.903389,0.5,9,0.7,3.1
1499366055,5.903389,0.5,9,0.7,3.1
1499366056,5.903389,0.5,9,0.7,3.1
1499366057,5.903389,0.5,9,0.7,3.1
1499366059,5.903389,0.5,9,0.7,3.1
1499366060,5.903389,0.5,9,0.7,3.1
1499366061,5.903389,0.5,9,0.7,3.1
1499366062,5.903389,0.5,9,0.7,3.1
1499366063,5.903389,0.5,9,0.7,3.1
1499366064,5.903389,0.5,9,0.7,3.1
1499366065,5.903389,0.5,9,0.7,3.1
1499366068,5.903389,0.5,9,0.7,3.1
1499366069,5.903389,0.5,9,0.7,3.1
1499366070,5.903389,0.5,9,0.7,3.1
1499366078,5.903389,0.5,9,0.7,3.1
1499366079,5.903389,0.5,9,0.7,3.1
1499366080,5.903389,0.5,9,0.7,3.1
1499366081,5.903389,0.5,9,0.7,3.1
1499366082,5.903389,0.5,9,0.7,3.1
1499366083,5.903389,0.5,9,0.7,3.1
1499366085,5.903389,0.5,9,0.7,3.1
1499366086,5.903389,0.5,9,0.7,3.1
1499366089,5.903389,0.5,9,0.7,3.1
1499366090,5.903389,0.5,9,0.7,3.1
1499366091,5.903389,0.5,9,0.7,3.1
1499366092,5.903389,0.5,9,0.7,3.1
1499366093,5.903389,0.5,9,0.7,3.1
1499366094,5.903389,0.5,9,0.7,3.1
1499366095,5.903389,0.5,9,0.7,3.1
1499366096,5.903389,0.5,9,0.7,3.1
1499366107,5.903389,0.5,9,0.7,3.1
1499366108,5.903389,0.5,9,0.7,3.1
1499366118,5.903389,0.5,9,0.7,3.1
1499366119,5.903389,0.5,9,0.7,3.1
1499366120,5.903389,0.5,9,0.7,3.1
1499366121,5.903389,0.5,9,0.7,3.1
1499366122,5.903389,0.5,9,0.7,3.1
1499366123,5.903389,0.5,9,0.7,3.1
1499366124,5.903389,0.5,9,0.7,3.1
1499366125,5.903389,0.5,9,0.7,3.1
1499366126,5.903389,0.5,9,0.7,3.1
1499366127,5.903389,0.5,9,0.7,3.1
1499366128,5.903389,0.5,9,0.7,3.1
1499366129,5.903389,0.5,9,0.7,3.1
1499366130,5.903389,0.5,9,0.7,3.1
1499366131,5.903389,0.5,9,0.7,3.1
1499366132,5.903389,0.5,9,0.7,3.1
1499366133,5.903389,0.5,9,0.7,3.1
1499366134,5.903389,0.5,9,0.7,3.1
1499366135,5.903389,0.5,9,0.7,3.1
1499366136,5.903389,0.5,9,0.7,3.1
1499366138,5.903389,0.5,9,0.7,3.1
1499366139,5.903389,0.5,9,0.7,3.1
1499366140,5.903389,0.5,9,0.7,3.1
1499366141,5.903389,0.5,9,0.7,3.1
1499366142,5.903389,0.5,9,0.7,3.1
1499366143,5.903389,0.5,9,0.7,3.1
1499366144,5.903389,0.5,9,0.7,3.1
1499366145,5.903389,0.5,9,0.7,3.1
1499366146,5.903389,0.5,9,0.7,3.1
1499366147,5.903389,0.5,9,0.7,3.1
1499366148,5.903389,0.5,9,0.7,3.1
1499366153,6.648308,2.5,9.5,0.7,3.1
1499366154,6.648308,2.5,9.5,0.7,3.1
1499366155,6.648308,2.5,9.5,0.7,3.1
1499366156,6.648308,2.5,9.5,0.7,3.1
1499366157,6.648308,2.5,9.5,0.7,3.1
1499366158,6.648308,2.5,9.5,0.7,3.1
1499366161,6.648308,2.5,9.5,0.7,3.1
1499366162,6.648308,2.5,9.5,0.7,3.1
1499366164,6.648308,2.5,9.5,0.7,3.1
1499366165,6.648308,2.5,9.5,0.7,3.1
1499366166,6.648308,2.5,9.5,0.7,3.1
1499366167,6.648308,2.5,9.5,0.7,3.1
1499366168,6.648308,2.5,9.5,0.7,3.1
1499366169,6.648308,2.5,9.5,0.7,3.1
1499366170,6.648308,2.5,9.5,0.7,3.1
1499366171,6.648308,2.5,9.5,0.7,3.1
1499366172,6.648308,2.5,9.5,0.7,3.1
1499366173,6.648308,2.5,9.5,0.7,3.1
1499366174,6.648308,2.5,9.5,0.7,3.1
1499366175,6.648308,2.5,9.5,0.7,3.1
1499366176,6.648308,2.5,9.5,0.7,3.1
1499366177,6.648308,2.5,9.5,0.7,3.1
1499366178,6.648308,2.5,9.5,0.7,3.1
1499366179,6.648308,2.5,9.5,0.7,3.1
1499366180,6.648308,2.5,9.5,0.7,3.1
1499366181,6.648308,2.5,9.5,0.7,3.1
1499366182,6.648308,2.5,9.5,0.7,3.1
1499366183,6.648308,2.5,9.5,0.7,3.1
1499366184,6.648308,2.5,9.5,0.7,3.1
1499366185,6.648308,2.5,9.5,0.7,3.1
1499366186,6.648308,2.5,9.5,0.7,3.1
1499366187,6.648308,2.5,9.5,0.7,3.1
1499366188,6.648308,2.5,9.5,0.7,3.1
1499366190,6.648308,2.5,9.5,0.7,3.1
1499366191,6.648308,2.5,9.5,0.7,3.1
1499366192,6.648308,2.5,9.5,0.7,3.1
1499366193,6.648308,2.5,9.5,0.7,3.1
1499366194,6.648308,2.5,9.5,0.7,3.1
1499366195,6.648308,2.5,9.5,0.7,3.1
1499366196,6.648308,2.5,9.5,0.7,3.1
1499366197,6.648308,2.5,9.5,0.7,3.1
1499366199,6.648308,2.5,9.5,0.7,3.1
1499366200,6.648308,2.5,9.5,0.7,3.1
1499366201,6.648308,2.5,9.5,0.7,3.1
1499366202,6.648308,2.5,9.5,0.7,3.1
1499366203,6.648308,2.5,9.5,0.7,3.1
1499366204,6.648308,2.5,9.5,0.7,3.1
1499366205,6.648308,2.5,9.5,0.7,3.1
1499366206,6.648308,2.5,9.5,0.7,3.1
1499366207,6.648308,2.5,9.5,0.7,3.1
1499366208,6.648308,2.5,9.5,0.7,3.1
1499366209,6.648308,2.5,9.5,0.7,3.1
1499366210,6.648308,2.5,9.5,0.7,3.1
1499366211,6.648308,2.5,9.5,0.7,3.1
1499366212,6.648308,2.5,9.5,0.7,3.1
1499366213,6.648308,2.5,9.5,0.7,3.1
1499366214,6.648308,2.5,9.5,0.7,3.1
1499366216,6.648308,2.5,9.5,0.7,3.1
1499366217,6.648308,2.5,9.5,0.7,3.1
1499366218,6.648308,2.5,9.5,0.7,3.1
1499366219,6.648308,2.5,9.5,0.7,3.1
1499366220,6.648308,2.5,9.5,0.7,3.1
1499366221,6.648308,2.5,9.5,0.7,3.1
1499366222,6.648308,2.5,9.5,0.7,3.1
1499366223,6.648308,2.5,9.5,0.7,3.1
1499366224,6.648308,2.5,9.5,0.7,3.1
1499366225,6.648308,2.5,9.5,0.7,3.1
1499366226,6.648308,2.5,9.5,0.7,3.1
1499366227,6.648308,2.5,9.5,0.7,3.1
1499366228,6.648308,2.5,9.5,0.7,3.1
1499366231,6.648308,2.5,9.5,0.7,3.1
1499366232,6.648308,2.5,9.5,0.7,3.1
1499366233,6.648308,2.5,9.5,0.7,3.1
1499366234,6.648308,2.5,9.5,0.7,3.1
1499366235,6.648308,2.5,9.5,0.7,3.1
1499366236,6.648308,2.5,9.5,0.7,3.1
1499366237,6.648308,2.5,9.5,0.7,3.1
1499366238,6.648308,2.5,9.5,0.7,3.1
1499366239,6.648308,2.5,9.5,0.7,3.1
1499366240,6.648308,2.5,9.5,0.7,3.1
1499366241,6.648308,2.5,9.5,0.7,3.1
1499366242,6.648308,2.5,9.5,0.7,3.1
1499366243,6.648308,2.5,9.5,0.7,3.1
1499366244,6.648308,2.5,9.5,0.7,3.1
1499366245,6.648308,2.5,9.5,0.7,3.1
1499366246,6.648308,2.5,9.5,0.7,3.1
1499366247,6.648308,2.5,9.5,0.7,3.1
1499366248,6.648308,2.5,9.5,0.7,3.1
1499366249,6.648308,2.5,9.5,0.7,3.1
1499366254,4.472136,1.5,7.5,0.7,3.1
1499366255,4.472136,1.5,7.5,0.7,3.1
1499366256,4.472136,1.5,7.5,0.7,3.1
1499366261,4.472136,1.5,7.5,0.7,3.1
1499366262,4.472136,1.5,7.5,0.7,3.1
1499366263,4.472136,1.5,7.5,0.7,3.1
1499366264,4.472136,1.5,7.5,0.7,3.1
1499366265,4.472136,1.5,7.5,0.7,3.1
1499366266,4.472136,1.5,7.5,0.7,3.1
1499366267,4.472136,1.5,7.5,0.7,3.1
1499366268,4.472136,1.5,7.5,0.7,3.1
1499366269,4.472136,1.5,7.5,0.7,3.1
1499366280,4.472136,1.5,7.5,0.7,3.1
1499366281,4.472136,1.5,7.5,0.7,3.1
1499366282,6.203225,0.5,9.3,0.7,3.1
1499366283,6.203225,0.5,9.3,0.7,3.1
1499366284,6.203225,0.5,9.3,0.7,3.1
1499366285,6.203225,0.5,9.3,0.7,3.1
1499366286,6.203225,0.5,9.3,0.7,3.1
1499366287,6.203225,0.5,9.3,0.7,3.1
1499366288,6.203225,0.5,9.3,0.7,3.1
1499366289,6.203225,0.5,9.3,0.7,3.1
1499366290,6.203225,0.5,9.3,0.7,3.1
1499366291,6.203225,0.5,9.3,0.7,3.1
1499366295,6.203225,0.5,9.3,0.7,3.1
1499366296,6.203225,0.5,9.3,0.7,3.1
1499366297,6.203225,0.5,9.3,0.7,3.1
1499366298,6.203225,0.5,9.3,0.7,3.1
1499366311,6.203225,0.5,9.3,0.7,3.1
1499366312,6.203225,0.5,9.3,0.7,3.1
1499366313,6.203225,0.5,9.3,0.7,3.1
1499366314,6.203225,0.5,9.3,0.7,3.1
1499366315,6.203225,0.5,9.3,0.7,3.1
1499366316,6.203225,0.5,9.3,0.7,3.1
1499366319,6.203225,0.5,9.3,0.7,3.1
1499366320,6.203225,0.5,9.3,0.7,3.1
1499366321,6.203225,0.5,9.3,0.7,3.1
1499366322,6.203225,0.5,9.3,0.7,3.1
1499366330,6.203225,0.5,9.3,0.7,3.1
1499366331,6.203225,0.5,9.3,0.7,3.1
1499366332,6.203225,0.5,9.3,0.7,3.1
1499366333,6.203225,0.5,9.3,0.7,3.1
1499366334,6.203225,0.5,9.3,0.7,3.1
1499366335,6.203225,0.5,9.3,0.7,3.1
1499366336,6.203225,0.5,9.3,0.7,3.1
1499366337,6.203225,0.5,9.3,0.7,3.1
1499366341,6.203225,0.5,9.3,0.7,3.1
1499366342,6.203225,0.5,9.3,0.7,3.1
1499366343,6.203225,0.5,9.3,0.7,3.1
1499366344,6.203225,0.5,9.3,0.7,3.1
1499366345,6.203225,0.5,9.3,0.7,3.1
1499366346,6.203225,0.5,9.3,0.7,3.1
1499366347,6.203225,0.5,9.3,0.7,3.1
1499366348,6.203225,0.5,9.3,0.7,3.1
1499366349,6.203225,0.5,9.3,0.7,3.1
1499366350,6.203225,0.5,9.3,0.7,3.1
1499366359,6.203225,0.5,9.3,0.7,3.1
1499366360,6.203225,0.5,9.3,0.7,3.1
1499366361,6.203225,0.5,9.3,0.7,3.1
1499366362,6.203225,0.5,9.3,0.7,3.1
1499366363,6.203225,0.5,9.3,0.7,3.1
1499366368,6.203225,0.5,9.3,0.7,3.1
1499366369,6.203225,0.5,9.3,0.7,3.1
1499366370,6.203225,0.5,9.3,0.7,3.1
1499366371,6.203225,0.5,9.3,0.7,3.1
1499366372,6.203225,0.5,9.3,0.7,3.1
1499366374,6.203225,0.5,9.3,0.7,3.1
1499366375,6.203225,0.5,9.3,0.7,3.1
1499366376,6.203225,0.5,9.3,0.7,3.1
1499366377,6.203225,0.5,9.3,0.7,3.1
1499366378,6.203225,0.5,9.3,0.7,3.1
1499366379,6.203225,0.5,9.3,0.7,3.1
1499366380,6.203225,0.5,9.3,0.7,3.1
1499366381,6.203225,0.5,9.3,0.7,3.1
1499366382,6.203225,0.5,9.3,0.7,3.1
1499366383,6.203225,0.5,9.3,0.7,3.1
1499366384,6.203225,0.5,9.3,0.7,3.1
1499366385,6.203225,0.5,9.3,0.7,3.1
1499366386,6.203225,0.5,9.3,0.7,3.1
1499366418,6.203225,0.5,9.3,0.7,3.1
1499366419,6.203225,0.5,9.3,0.7,3.1
1499366420,6.203225,0.5,9.3,0.7,3.1
1499366421,6.203225,0.5,9.3,0.7,3.1
1499366422,6.203225,0.5,9.3,0.7,3.1
1499366435,6.203225,0.5,9.3,0.7,3.1
1499366436,6.203225,0.5,9.3,0.7,3.1
1499366437,6.203225,0.5,9.3,0.7,3.1
1499366470,6.403124,0.5,9.5,0.7,3.1
1499366471,6.403124,0.5,9.5,0.7,3.1
1499366472,6.403124,0.5,9.5,0.7,3.1
1499366473,6.403124,0.5,9.5,0.7,3.1
1499366507,6.403124,0.5,9.5,0.7,3.1
1499366508,6.403124,0.5,9.5,0.7,3.1
1499366509,6.403124,0.5,9.5,0.7,3.1
1499366510,6.403124,0.5,9.5,0.7,3.1
1499366511,6.403124,0.5,9.5,0.7,3.1
1499366512,6.403124,0.5,9.5,0.7,3.1
1499366513,6.403124,0.5,9.5,0.7,3.1
1499366514,6.403124,0.5,9.5,0.7,3.1
1499366515,6.403124,0.5,9.5,0.7,3.1
1499366516,6.403124,0.5,9.5,0.7,3.1
1499366517,6.403124,0.5,9.5,0.7,3.1
1499366519,6.403124,0.5,9.5,0.7,3.1
1499366520,6.403124,0.5,9.5,0.7,3.1
1499366521,6.403124,0.5,9.5,0.7,3.1
1499366522,6.403124,0.5,9.5,0.7,3.1
1499366523,6.403124,0.5,9.5,0.7,3.1
1499366524,6.403124,0.5,9.5,0.7,3.1
1499366525,6.403124,0.5,9.5,0.7,3.1
1499366526,6.403124,0.5,9.5,0.7,3.1
1499366527,6.403124,0.5,9.5,0.7,3.1
1499366528,6.403124,0.5,9.5,0.7,3.1
1499366529,6.403124,0.5,9.5,0.7,3.1
1499366530,6.403124,0.5,9.5,0.7,3.1
1499366531,6.403124,0.5,9.5,0.7,3.1
1499366551,6.530697,2,9.5,0.7,3.1
1499366552,6.530697,2,9.5,0.7,3.1
1499366553,6.530697,2,9.5,0.7,3.1
1499366554,6.530697,2,9.5,0.7,3.1
1499366555,6.530697,2,9.5,0.7,3.1
1499366576,6.530697,2,9.5,0.7,3.1
1499366577,6.530697,2,9.5,0.7,3.1
1499366578,6.530697,2,9.5,0.7,3.1
1499366579,6.530697,2,9.5,0.7,3.1
1499366580,6.530697,2,9.5,0.7,3.1
1499366582,6.530697,2,9.5,0.7,3.1
1499366583,6.530697,2,9.5,0.7,3.1
1499366584,6.530697,2,9.5,0.7,3.1
1499366585,6.530697,2,9.5,0.7,3.1
1499366588,6.530697,2,9.5,0.7,3.1
1499366595,6.530697,2,9.5,0.7,3.1
1499366596,6.530697,2,9.5,0.7,3.1
1499366597,6.530697,2,9.5,0.7,3.1
1499366598,6.530697,2,9.5,0.7,3.1
1499366599,6.530697,2,9.5,0.7,3.1
1499366600,6.530697,2,9.5,0.7,3.1
1499366601,6.530697,2,9.5,0.7,3.1
1499366602,6.530697,2,9.5,0.7,3.1
1499366613,6.530697,2,9.5,0.7,3.1
1499366614,6.530697,2,9.5,0.7,3.1
1499366615,6.530697,2,9.5,0.7,3.1
1499366618,6.530697,2,9.5,0.7,3.1
1499366619,6.530697,2,9.5,0.7,3.1
1499366620,6.530697,2,9.5,0.7,3.1
1499366621,6.530697,2,9.5,0.7,3.1
1499366622,6.530697,2,9.5,0.7,3.1
1499366623,6.530697,2,9.5,0.7,3.1
1499366624,6.530697,2,9.5,0.7,3.1
1499366625,6.530697,2,9.5,0.7,3.1
1499366639,6.530697,2,9.5,0.7,3.1
1499366640,6.530697,2,9.5,0.7,3.1
1499366641,6.530697,2,9.5,0.7,3.1
1499366642,6.530697,2,9.5,0.7,3.1
1499366643,6.530697,2,9.5,0.7,3.1
1499366644,6.530697,2,9.5,0.7,3.1
1499366645,6.530697,2,9.5,0.7,3.1
1499366646,6.530697,2,9.5,0.7,3.1
1499366647,6.530697,2,9.5,0.7,3.1
1499366648,6.530697,2,9.5,0.7,3.1
1499366659,2.683282,3.1,4.3,0.7,3.1
1499366660,2.683282,3.1,4.3,0.7,3.1
1499366665,2.683282,3.1,4.3,0.7,3.1
1499366666,2.683282,3.1,4.3,0.7,3.1
1499366667,2.683282,3.1,4.3,0.7,3.1
1499366668,2.683282,3.1,4.3,0.7,3.1
1499366669,2.683282,3.1,4.3,0.7,3.1
1499366670,2.683282,3.1,4.3,0.7,3.1
1499366671,2.683282,3.1,4.3,0.7,3.1
1499366672,3.687818,3.5,5.5,0.7,3.1
1499366673,3.687818,3.5,5.5,0.7,3.1
1499366674,3.687818,3.5,5.5,0.7,3.1
1499366678,3.687818,3.5,5.5,0.7,3.1
1499366679,3.687818,3.5,5.5,0.7,3.1
1499366680,3.687818,3.5,5.5,0.7,3.1
1499366681,3.687818,3.5,5.5,0.7,3.1
1499366682,3.687818,3.5,5.5,0.7,3.1
1499366690,7.061338,5.25,8.5,0.7,3.1
1499366691,7.061338,5.25,8.5,0.7,3.1
1499366734,7.061338,5.25,8.5,0.7,3.1
1499366735,7.061338,5.25,8.5,0.7,3.1
1499366736,7.061338,5.25,8.5,0.7,3.1
1499366737,7.061338,5.25,8.5,0.7,3.1
1499366738,7.061338,5.25,8.5,0.7,3.1
1499366739,7.061338,5.25,8.5,0.7,3.1
1499366740,7.061338,5.25,8.5,0.7,3.1
1499366741,7.061338,5.25,8.5,0.7,3.1
1499366742,7.061338,5.25,8.5,0.7,3.1
1499366743,7.061338,5.25,8.5,0.7,3.1
1499366744,7.061338,5.25,8.5,0.7,3.1
1499366747,7.061338,5.25,8.5,0.7,3.1
1499366748,7.061338,5.25,8.5,0.7,3.1
1499366749,7.061338,5.25,8.5,0.7,3.1
1499366750,7.061338,5.25,8.5,0.7,3.1
1499366751,7.061338,5.25,8.5,0.7,3.1
1499366752,7.061338,5.25,8.5,0.7,3.1
1499366753,7.061338,5.25,8.5,0.7,3.1
1499366755,7.061338,5.25,8.5,0.7,3.1
1499366756,7.061338,5.25,8.5,0.7,3.1
1499366757,7.061338,5.25,8.5,0.7,3.1
1499366758,7.061338,5.25,8.5,0.7,3.1
1499366759,7.061338,5.25,8.5,0.7,3.1
1499366760,7.061338,5.25,8.5,0.7,3.1
1499366761,7.061338,5.25,8.5,0.7,3.1
1499366762,7.061338,5.25,8.5,0.7,3.1
1499366763,7.061338,5.25,8.5,0.7,3.1
1499366764,7.061338,5.25,8.5,0.7,3.1
1499366765,7.061338,5.25,8.5,0.7,3.1
1499366766,7.061338,5.25,8.5,0.7,3.1
1499366767,7.061338,5.25,8.5,0.7,3.1
1499366768,7.061338,5.25,8.5,0.7,3.1
1499366769,7.061338,5.25,8.5,0.7,3.1
1499366770,7.061338,5.25,8.5,0.7,3.1
1499366771,7.061338,5.25,8.5,0.7,3.1
1499366772,7.061338,5.25,8.5,0.7,3.1
1499366773,7.061338,5.25,8.5,0.7,3.1
1499366807,7.061338,5.25,8.5,0.7,3.1
1499366808,7.061338,5.25,8.5,0.7,3.1
1499366810,7.061338,5.25,8.5,0.7,3.1
1499366823,6.449806,1.5,9.5,0.7,3.1
1499366824,6.449806,1.5,9.5,0.7,3.1
1499366825,6.449806,1.5,9.5,0.7,3.1
1499366836,6.449806,1.5,9.5,0.7,3.1
1499366837,6.449806,1.5,9.5,0.7,3.1
1499366838,6.449806,1.5,9.5,0.7,3.1
1499366839,6.449806,1.5,9.5,0.7,3.1
1499366840,6.449806,1.5,9.5,0.7,3.1
1499366841,6.449806,1.5,9.5,0.7,3.1
1499366842,6.449806,1.5,9.5,0.7,3.1
1499366843,6.449806,1.5,9.5,0.7,3.1
1499366844,6.449806,1.5,9.5,0.7,3.1
1499366874,6.403124,0.5,9.5,0.7,3.1
1499366875,6.403124,0.5,9.5,0.7,3.1
1499366876,6.403124,0.5,9.5,0.7,3.1
1499366877,6.403124,0.5,9.5,0.7,3.1
1499366878,6.403124,0.5,9.5,0.7,3.1
1499366912,6.403124,0.5,9.5,0.7,3.1
1499366913,6.403124,0.5,9.5,0.7,3.1
1499366914,6.203225,0.5,9.3,0.7,3.1
1499366915,6.203225,0.5,9.3,0.7,3.1
1499366916,6.203225,0.5,9.3,0.7,3.1
1499366917,6.203225,0.5,9.3,0.7,3.1
1499366918,6.203225,0.5,9.3,0.7,3.1
1499366919,6.203225,0.5,9.3,0.7,3.1
1499366929,6.203225,0.5,9.3,0.7,3.1
1499366930,6.203225,0.5,9.3,0.7,3.1
1499366934,5.903389,0.5,9,0.7,3.1
1499366935,5.903389,0.5,9,0.7,3.1
1499366936,5.903389,0.5,9,0.7,3.1
1499366937,5.903389,0.5,9,0.7,3.1
1499366938,5.903389,0.5,9,0.7,3.1
1499366939,5.903389,0.5,9,0.7,3.1
1499366947,5.903389,0.5,9,0.7,3.1
1499366948,5.903389,0.5,9,0.7,3.1
1499366949,6.403124,0.5,9.5,0.7,3.1
1499366950,6.403124,0.5,9.5,0.7,3.1
1499366951,6.403124,0.5,9.5,0.7,3.1
1499366954,6.403124,0.5,9.5,0.7,3.1
1499366955,6.403124,0.5,9.5,0.7,3.1
1499366956,6.403124,0.5,9.5,0.7,3.1
1499366957,6.403124,0.5,9.5,0.7,3.1
1499366958,6.403124,0.5,9.5,0.7,3.1
1499366959,6.403124,0.5,9.5,0.7,3.1
1499366960,6.403124,0.5,9.5,0.7,3.1
1499366961,6.403124,0.5,9.5,0.7,3.1
1499366962,6.403124,0.5,9.5,0.7,3.1
1499366963,6.403124,0.5,9.5,0.7,3.1
1499366964,6.403124,0.5,9.5,0.7,3.1
1499366965,6.403124,0.5,9.5,0.7,3.1
1499366966,6.403124,0.5,9.5,0.7,3.1
1499366975,6.403124,0.5,9.5,0.7,3.1
1499366976,6.403124,0.5,9.5,0.7,3.1
1499366978,6.403124,0.5,9.5,0.7,3.1
1499366979,6.403124,0.5,9.5,0.7,3.1
1499366980,6.403124,0.5,9.5,0.7,3.1
1499366981,6.403124,0.5,9.5,0.7,3.1
1499366988,6.403124,0.5,9.5,0.7,3.1
1499366989,6.403124,0.5,9.5,0.7,3.1
1499366990,6.403124,0.5,9.5,0.7,3.1
1499366991,6.403124,0.5,9.5,0.7,3.1
1499366992,6.403124,0.5,9.5,0.7,3.1
1499367004,6.403124,0.5,9.5,0.7,3.1
1499367005,6.403124,0.5,9.5,0.7,3.1
1499367006,6.403124,0.5,9.5,0.7,3.1
1499367007,6.403124,0.5,9.5,0.7,3.1
1499367008,6.403124,0.5,9.5,0.7,3.1
1499367009,6.403124,0.5,9.5,0.7,3.1
1499367019,6.403124,0.5,9.5,0.7,3.1
1499367020,6.403124,0.5,9.5,0.7,3.1
1499367021,6.403124,0.5,9.5,0.7,3.1
1499367031,6.403124,0.5,9.5,0.7,3.1
1499367032,6.403124,0.5,9.5,0.7,3.1
1499367033,6.403124,0.5,9.5,0.7,3.1
1499367035,6.403124,0.5,9.5,0.7,3.1
1499367036,6.403124,0.5,9.5,0.7,3.1
1499367037,6.403124,0.5,9.5,0.7,3.1
1499367038,6.403124,0.5,9.5,0.7,3.1
1499367039,6.449806,1.5,9.5,0.7,3.1
1499367040,6.449806,1.5,9.5,0.7,3.1
1499367041,6.403124,0.5,9.5,0.7,3.1
1499367042,6.403124,0.5,9.5,0.7,3.1
1499367043,6.403124,0.5,9.5,0.7,3.1
1499367044,6.403124,0.5,9.5,0.7,3.1
1499367045,6.403124,0.5,9.5,0.7,3.1
1499367046,6.403124,0.5,9.5,0.7,3.1
1499367047,6.403124,0.5,9.5,0.7,3.1
1499367048,6.403124,0.5,9.5,0.7,3.1
1499367049,6.403124,0.5,9.5,0.7,3.1
1499367050,6.403124,0.5,9.5,0.7,3.1
1499367051,6.403124,0.5,9.5,0.7,3.1
1499367052,6.403124,0.5,9.5,0.7,3.1
1499367053,6.403124,0.5,9.5,0.7,3.1
1499367054,6.403124,0.5,9.5,0.7,3.1
1499367055,6.403124,0.5,9.5,0.7,3.1
1499367056,6.403124,0.5,9.5,0.7,3.1
1499367057,6.403124,0.5,9.5,0.7,3.1
1499367061,6.403124,0.5,9.5,0.7,3.1
1499367062,6.403124,0.5,9.5,0.7,3.1
1499367063,6.403124,0.5,9.5,0.7,3.1
1499367076,6.403124,0.5,9.5,0.7,3.1
1499367077,6.403124,0.5,9.5,0.7,3.1
1499367078,6.403124,0.5,9.5,0.7,3.1
1499367079,6.403124,0.5,9.5,0.7,3.1
1499367080,6.403124,0.5,9.5,0.7,3.1
1499367081,6.403124,0.5,9.5,0.7,3.1
1499367082,6.403124,0.5,9.5,0.7,3.1
1499367083,6.403124,0.5,9.5,0.7,3.1
1499367084,6.403124,0.5,9.5,0.7,3.1
1499367085,6.403124,0.5,9.5,0.7,3.1
1499367092,6.403124,0.5,9.5,0.7,3.1
1499367093,6.203225,0.5,9.3,0.7,3.1
1499367094,6.403124,0.5,9.5,0.7,3.1
1499367095,6.403124,0.5,9.5,0.7,3.1
1499367096,6.403124,0.5,9.5,0.7,3.1
1499367097,6.403124,0.5,9.5,0.7,3.1
1499367098,6.403124,0.5,9.5,0.7,3.1
1499367099,6.403124,0.5,9.5,0.7,3.1
1499367100,6.403124,0.5,9.5,0.7,3.1
1499367101,6.403124,0.5,9.5,0.7,3.1
1499367102,6.403124,0.5,9.5,0.7,3.1
1499367103,6.403124,0.5,9.5,0.7,3.1
1499367104,6.403124,0.5,9.5,0.7,3.1
1499367105,6.403124,0.5,9.5,0.7,3.1
1499367106,6.403124,0.5,9.5,0.7,3.1
1499367107,6.403124,0.5,9.5,0.7,3.1
1499367108,6.403124,0.5,9.5,0.7,3.1
1499367109,6.449806,1.5,9.5,0.7,3.1
1499367110,6.449806,1.5,9.5,0.7,3.1
1499367111,6.449806,1.5,9.5,0.7,3.1
1499367112,6.449806,1.5,9.5,0.7,3.1
1499367113,6.449806,1.5,9.5,0.7,3.1
1499367114,6.403124,0.5,9.5,0.7,3.1
1499367115,6.403124,0.5,9.5,0.7,3.1
1499367116,6.403124,0.5,9.5,0.7,3.1
1499367117,6.403124,0.5,9.5,0.7,3.1
1499367170,6.403124,0.5,9.5,0.7,3.1
1499367171,6.403124,0.5,9.5,0.7,3.1
1499367172,6.403124,0.5,9.5,0.7,3.1
1499367173,6.403124,0.5,9.5,0.7,3.1
1499367174,6.403124,0.5,9.5,0.7,3.1
1499367217,6.403124,0.5,9.5,0.7,3.1
1499367218,6.403124,0.5,9.5,0.7,3.1
1499367219,6.403124,0.5,9.5,0.7,3.1
1499367258,6.403124,0.5,9.5,0.7,3.1
1499367259,6.403124,0.5,9.5,0.7,3.1
1499367260,6.403124,0.5,9.5,0.7,3.1
1499367261,6.403124,0.5,9.5,0.7,3.1
1499367262,6.403124,0.5,9.5,0.7,3.1
1499367279,0.948683,1,4,0.7,3.1
1499367280,0.948683,1,4,0.7,3.1
1499367281,0.948683,1,4,0.7,3.1
1499367283,0.948683,1,4,0.7,3.1
1499367284,0.948683,1,4,0.7,3.1
1499367285,0.948683,1,4,0.7,3.1
1499367286,0.948683,1,4,0.7,3.1
1499367287,0.948683,1,4,0.7,3.1
1499367288,0.948683,1,4,0.7,3.1
1499367289,0.948683,1,4,0.7,3.1
1499367290,0.948683,1,4,0.7,3.1
1499367291,0.948683,1,4,0.7,3.1
1499367292,0.948683,1,4,0.7,3.1
1499367293,0.948683,1,4,0.7,3.1
1499367388,0.948683,1,4,0.7,3.1
1499367389,0.948683,1,4,0.7,3.1
1499367390,0.948683,1,4,0.7,3.1
1499367391,0.948683,1,4,0.7,3.1
1499367392,0.948683,1,4,0.7,3.1
1499367393,0.948683,1,4,0.7,3.1
1499367394,0.948683,1,4,0.7,3.1
1499367395,0.948683,1,4,0.7,3.1
1499367396,0.948683,1,4,0.7,3.1
1499367397,0.948683,1,4,0.7,3.1
1499367398,0.948683,1,4,0.7,3.1
1499367586,0.948683,1,4,0.7,3.1
1499367587,0.948683,1,4,0.7,3.1
1499367588,0.948683,1,4,0.7,3.1
1499367601,0.948683,1,4,0.7,3.1
1499367602,0.948683,1,4,0.7,3.1
1499367615,0.948683,1,4,0.7,3.1
1499367617,0.948683,1,4,0.7,3.1
1499367618,0.948683,1,4,0.7,3.1
1499367620,0.948683,1,4,0.7,3.1
1499367621,0.948683,1,4,0.7,3.1
1499367622,0.948683,1,4,0.7,3.1
1499367628,0.948683,1,4,0.7,3.1
1499367629,0.948683,1,4,0.7,3.1
1499367630,0.948683,1,4,0.7,3.1
1499367631,0.948683,1,4,0.7,3.1
1499367632,0.948683,1,4,0.7,3.1
1499367633,0.948683,1,4,0.7,3.1
1499367638,0.948683,1,4,0.7,3.1
1499367639,0.948683,1,4,0.7,3.1
1499367640,0.948683,1,4,0.7,3.1
1499367690,0.948683,1,4,0.7,3.1
1499367691,0.948683,1,4,0.7,3.1
1499367692,0.948683,1,4,0.7,3.1
1499367693,0.948683,1,4,0.7,3.1
1499367694,0.948683,1,4,0.7,3.1
1499367737,0.948683,1,4,0.7,3.1
1499367738,0.948683,1,4,0.7,3.1
1499367739,0.948683,1,4,0.7,3.1
1499367780,0.948683,1,4,0.7,3.1
1499367781,0.948683,1,4,0.7,3.1
1499367782,0.948683,1,4,0.7,3.1
1499367783,0.948683,1,4,0.7,3.1
1499367784,0.948683,1,4,0.7,3.1
1499367799,0.948683,1,4,0.7,3.1
1499367800,0.948683,1,4,0.7,3.1
1499367801,0.948683,1,4,0.7,3.1
1499367955,0.948683,1,4,0.7,3.1
1499367956,0.948683,1,4,0.7,3.1
1499367957,0.948683,1,4,0.7,3.1
1499367966,0.948683,1,4,0.7,3.1
1499367967,0.948683,1,4,0.7,3.1
1499367968,0.948683,1,4,0.7,3.1
1499367969,0.948683,1,4,0.7,3.1
1499367970,0.948683,1,4,0.7,3.1
1499367971,0.948683,1,4,0.7,3.1
1499367972,0.948683,1,4,0.7,3.1
1499367986,0.948683,1,4,0.7,3.1
1499367987,0.948683,1,4,0.7,3.1
1499367988,0.948683,1,4,0.7,3.1
1499367989,0.948683,1,4,0.7,3.1
1499367990,0.948683,1,4,0.7,3.1
1499367991,0.948683,1,4,0.7,3.1
1499367992,0.948683,1,4,0.7,3.1
1499367993,0.948683,1,4,0.7,3.1
1499368013,0.948683,1,4,0.7,3.1
1499368014,0.948683,1,4,0.7,3.1
1499368190,0.948683,1,4,0.7,3.1
1499368191,0.948683,1,4,0.7,3.1
1499368221,0.948683,1,4,0.7,3.1
1499368222,0.948683,1,4,0.7,3.1
1499368231,0.948683,1,4,0.7,3.1
1499368232,0.948683,1,4,0.7,3.1
1499368233,0.948683,1,4,0.7,3.1
1499368234,0.948683,1,4,0.7,3.1
1499368235,0.948683,1,4,0.7,3.1
1499368236,0.948683,1,4,0.7,3.1
1499368237,0.948683,1,4,0.7,3.1
1499368238,0.948683,1,4,0.7,3.1
1499368239,0.948683,1,4,0.7,3.1
1499368240,0.948683,1,4,0.7,3.1
1499368241,0.948683,1,4,0.7,3.1
1499368327,0.948683,1,4,0.7,3.1
1499368328,0.948683,1,4,0.7,3.1
1499368329,0.948683,1,4,0.7,3.1
1499368920,0.948683,1,4,0.7,3.1
