1498662065,80,540,ADL
1498662065,80,540,ADL
1498662066,240,540,ADL
1498662069,240,540,ADL
1498662072,570,890,ADL
1498662075,570,890,ADL
1498662078,570,890,ADL
1498662081,570,890,ADL
1498662084,570,890,ADL
1498662087,570,890,ADL
1498662090,570,890,ADL
1498662093,570,890,ADL
1498662096,570,890,ADL
1498662099,570,890,ADL
1498662102,570,890,ADL
1498662105,570,890,ADL
1498662108,570,890,ADL
1498662111,570,890,ADL
1498662114,570,890,ADL
1498662117,570,890,ADL
1498662120,80,540,ADL
1498662123,80,540,ADL
1498662126,80,540,ADL
1498662129,80,540,ADL
1498662132,80,540,ADL
1498662135,80,540,ADL
1498662138,80,540,ADL
1498662141,80,540,ADL
1498662144,80,540,ADL
1498662147,80,540,ADL
1498662150,80,540,ADL
1498662153,80,540,ADL
1498662156,80,540,ADL
1498662159,80,540,ADL
1498662162,80,540,ADL
1498662165,80,540,ADL
1498662168,80,540,ADL
1498662171,80,540,ADL
1498662174,80,540,ADL
1498662177,80,540,ADL
1498662180,80,540,ADL
1498662183,80,540,ADL
1498662186,80,540,ADL
1498662189,80,540,ADL
1498662192,80,540,ADL
1498662195,80,540,ADL
1498662198,80,540,ADL
1498662201,80,540,ADL
1498662204,80,540,ADL
1498662207,80,540,ADL
1498662210,80,540,ADL
1498662213,80,540,ADL
1498662216,80,540,ADL
1498662219,80,540,ADL
1498662222,80,540,ADL
1498662225,80,540,ADL
1498662228,80,540,ADL
1498662231,80,540,ADL
1498662234,80,540,ADL
1498662237,80,540,ADL
1498662240,80,540,ADL
1498662243,80,540,ADL
1498662246,80,540,ADL
1498662249,80,540,ADL
1498662252,80,540,ADL
1498662255,80,540,ADL
1498662258,80,540,ADL
1498662261,80,540,ADL
1498662264,80,540,ADL
1498662267,80,540,ADL
1498662270,80,540,ADL
1498662273,80,540,ADL
1498662276,80,540,ADL
1498662279,80,540,ADL
1498662282,80,540,ADL
1498662285,80,540,ADL
1498662288,80,540,ADL
1498662291,80,540,ADL
1498662294,80,540,ADL
1498662297,80,540,ADL
1498662300,80,540,ADL
1498662303,80,540,ADL
1498662306,80,540,ADL
1498662309,80,540,ADL
1498662312,80,540,ADL
1498662315,80,540,ADL
1498662318,80,540,ADL
1498662321,80,540,ADL
1498662324,340,330,ADL
1498662327,340,330,ADL
1498662330,340,330,ADL
1498662333,340,330,ADL
1498662336,340,330,ADL
1498662339,340,330,ADL
1498662342,340,330,ADL
1498662345,340,330,ADL
1498662348,340,330,ADL
1498662351,340,330,ADL
1498662354,340,330,ADL
1498662357,340,330,ADL
1498662360,340,330,ADL
1498662363,340,330,ADL
1498662366,340,330,ADL
1498662369,340,330,ADL
1498662372,340,330,ADL
1498662375,340,330,ADL
1498662378,340,330,ADL
1498662381,340,330,ADL
1498662384,340,330,ADL
1498662387,340,330,ADL
1498662390,340,330,ADL
1498662393,340,330,ADL
1498662396,340,330,ADL
1498662399,340,330,ADL
1498662402,340,330,ADL
1498662405,340,330,ADL
1498662408,340,330,ADL
1498662411,340,330,ADL
1498662414,340,330,ADL
1498662417,340,330,ADL
1498662420,340,330,ADL
1498662423,340,330,ADL
1498662426,340,330,ADL
1498662429,340,330,ADL
1498662432,340,330,ADL
1498662435,340,330,ADL
1498662438,340,330,ADL
1498662441,340,330,ADL
1498662444,340,330,ADL
1498662447,340,330,ADL
1498662450,340,330,ADL
1498662453,340,330,ADL
1498662456,340,330,ADL
1498662459,340,330,ADL
1498662462,340,330,ADL
1498662465,340,330,ADL
1498662468,340,330,ADL
1498662471,340,330,ADL
1498662474,340,330,ADL
1498662477,340,330,ADL
1498662480,340,330,ADL
1498662483,340,330,ADL
1498662486,340,330,ADL
1498662489,340,330,ADL
1498662492,340,330,ADL
1498662495,340,330,ADL
1498662498,340,330,ADL
1498662501,340,330,ADL
1498662504,340,330,ADL
1498662507,340,330,ADL
1498662510,340,330,ADL
1498662513,340,330,ADL
1498662516,340,330,ADL
1498662519,340,330,ADL
1498662522,340,330,ADL
1498662525,340,330,ADL
1498662528,340,330,ADL
1498662531,340,330,ADL
1498662534,340,330,ADL
1498662537,340,330,ADL
1498662540,340,330,ADL
1498662543,340,330,ADL
1498662546,340,330,ADL
1498662549,340,330,ADL
1498662552,340,330,ADL
1498662555,340,330,ADL
1498662558,340,330,ADL
1498662561,340,330,ADL
1498662564,340,330,ADL
1498662567,340,330,ADL
1498662570,340,330,ADL
1498662573,340,330,ADL
1498662576,340,330,ADL
1498662579,340,330,ADL
1498662582,340,330,ADL
1498662585,340,330,ADL
1498662588,340,330,ADL
1498662591,340,330,ADL
1498662594,340,330,ADL
1498662597,340,330,ADL
1498662600,340,330,ADL
1498662603,340,330,ADL
1498662606,340,330,ADL
1498662609,340,330,ADL
1498662612,340,330,ADL
1498662615,340,330,ADL
1498662618,340,330,ADL
1498662621,340,330,ADL
1498662624,340,330,ADL
1498662627,340,330,ADL
1498662630,340,330,ADL
1498662633,340,330,ADL
1498662636,340,330,ADL
1498662639,340,330,ADL
1498662642,340,330,ADL
1498662645,340,330,ADL
1498662648,340,330,ADL
1498662651,340,330,ADL
1498662654,340,330,ADL
1498662657,340,330,ADL
1498662660,340,330,ADL
1498662663,340,330,ADL
1498662666,340,330,ADL
1498662669,340,330,ADL
1498662672,340,330,ADL
1498662675,340,330,ADL
1498662678,340,330,ADL
1498662681,340,330,ADL
1498662684,340,330,ADL
1498662687,340,330,ADL
1498662690,340,330,ADL
1498662693,340,330,ADL
1498662696,340,330,ADL
1498662699,340,330,ADL
1498662702,340,330,ADL
1498662705,340,330,ADL
1498662708,340,330,ADL
1498662711,340,330,ADL
1498662714,340,330,ADL
1498662717,340,330,ADL
1498662720,340,330,ADL
1498662723,340,330,ADL
1498662726,340,330,ADL
1498662729,340,330,ADL
1498662732,340,330,ADL
1498662735,340,330,ADL
1498662738,340,330,ADL
1498662741,340,330,ADL
1498662744,340,330,ADL
1498662747,340,330,ADL
1498662750,340,330,ADL
1498662753,340,330,ADL
1498662756,340,330,ADL
1498662759,340,330,ADL
1498662762,340,330,ADL
1498662765,340,330,ADL
1498662768,340,330,ADL
1498662771,340,330,ADL
1498662774,340,330,ADL
1498662777,340,330,ADL
1498662780,340,330,ADL
1498662783,340,330,ADL
1498662786,340,330,ADL
1498662789,340,330,ADL
1498662792,340,330,ADL
1498662795,340,330,ADL
1498662798,340,330,ADL
1498662801,340,330,ADL
1498662804,340,330,ADL
1498662807,340,330,ADL
1498662810,340,330,ADL
1498662813,340,330,ADL
1498662816,340,330,ADL
1498662819,340,330,ADL
1498662822,340,330,ADL
1498662825,340,330,ADL
1498662828,340,330,ADL
1498662831,340,330,ADL
1498662834,340,330,ADL
1498662837,340,330,ADL
1498662840,340,330,ADL
1498662843,340,330,ADL
1498662846,340,330,ADL
1498662849,340,330,ADL
1498662852,340,330,ADL
1498662855,340,330,ADL
1498662858,340,330,ADL
1498662861,340,330,ADL
1498662864,340,330,ADL
1498662867,340,330,ADL
1498662870,340,330,ADL
1498662873,340,330,ADL
1498662876,340,330,ADL
1498662879,340,330,ADL
1498662882,340,330,ADL
1498662885,340,330,ADL
1498662888,340,330,ADL
1498662891,340,330,ADL
1498662894,340,330,ADL
1498662897,340,330,ADL
1498662900,340,330,ADL
1498662903,340,330,ADL
1498662906,340,330,ADL
1498662909,340,330,ADL
1498662912,340,330,ADL
1498662915,340,330,ADL
1498662918,340,330,ADL
1498662921,340,330,ADL
1498662924,340,330,ADL
1498662927,340,330,ADL
1498662930,340,330,ADL
1498662933,340,330,ADL
1498662936,340,330,ADL
1498662939,340,330,ADL
1498662942,340,330,ADL
1498662945,340,330,ADL
1498662948,340,330,ADL
1498662951,340,330,ADL
1498662954,340,330,ADL
1498662957,340,330,ADL
1498662960,340,330,ADL
1498662963,340,330,ADL
1498662966,340,330,ADL
1498662969,340,330,ADL
1498662972,340,330,ADL
1498662975,340,330,ADL
1498662978,340,330,ADL
1498662981,340,330,ADL
1498662984,340,330,ADL
1498662987,340,330,ADL
1498662990,340,330,ADL
1498662993,340,330,ADL
1498662996,340,330,ADL
1498662999,340,330,ADL
1498663002,340,330,ADL
1498663005,340,330,ADL
1498663008,340,330,ADL
1498663011,340,330,ADL
1498663014,340,330,ADL
1498663017,340,330,ADL
1498663020,340,330,ADL
1498663023,340,330,ADL
1498663026,340,330,ADL
1498663029,340,330,ADL
1498663032,340,330,ADL
1498663035,340,330,ADL
1498663038,340,330,ADL
1498663041,340,330,ADL
1498663044,340,330,ADL
1498663047,340,330,ADL
1498663050,340,330,ADL
1498663053,340,330,ADL
1498663056,340,330,ADL
1498663059,340,330,ADL
1498663062,340,330,ADL
1498663065,340,330,ADL
1498663068,340,330,ADL
1498663071,340,330,ADL
1498663074,340,330,ADL
1498663077,340,330,ADL
1498663080,340,330,ADL
1498663083,340,330,ADL
1498663086,340,330,ADL
1498663089,340,330,ADL
1498663092,340,330,ADL
1498663095,340,330,ADL
1498663098,340,330,ADL
1498663101,340,330,ADL
1498663104,340,330,ADL
1498663107,340,330,ADL
1498663110,340,330,ADL
1498663113,340,330,ADL
1498663116,340,330,ADL
1498663119,340,330,ADL
1498663122,340,330,ADL
1498663125,340,330,ADL
1498663128,340,330,ADL
1498663131,340,330,ADL
1498663134,340,330,ADL
1498663137,340,330,ADL
1498663140,340,330,ADL
1498663143,340,330,ADL
1498663146,340,330,ADL
1498663149,340,330,ADL
1498663152,340,330,ADL
1498663155,340,330,ADL
1498663158,340,330,ADL
1498663161,340,330,ADL
1498663164,340,330,ADL
1498663167,340,330,ADL
1498663170,340,330,ADL
1498663173,340,330,ADL
1498663176,340,330,ADL
1498663179,340,330,ADL
1498663182,340,330,ADL
1498663185,340,330,ADL
1498663188,340,330,ADL
1498663191,340,330,ADL
1498663194,340,330,ADL
1498663197,340,330,ADL
1498663200,340,330,ADL
1498663203,340,330,ADL
1498663206,340,330,ADL
1498663209,340,330,ADL
1498663212,340,330,ADL
1498663215,340,330,ADL
1498663218,340,330,ADL
1498663221,340,330,ADL
1498663224,340,330,ADL
1498663227,340,330,ADL
1498663230,80,540,ADL
1498663233,80,540,ADL
1498663236,80,540,ADL
1498663239,80,540,ADL
1498663242,80,540,ADL
1498663245,80,540,ADL
1498663248,80,540,ADL
1498663251,80,540,ADL
1498663254,80,540,ADL
1498663257,80,540,ADL
1498663260,80,540,ADL
1498663263,80,540,ADL
1498663266,80,540,ADL
1498663269,80,540,ADL
1498663272,80,540,ADL
1498663275,80,540,ADL
1498663278,80,540,ADL
1498663281,80,540,ADL
1498663284,80,540,ADL
1498663287,80,540,ADL
1498663290,80,540,ADL
1498663293,80,540,ADL
1498663296,80,540,ADL
1498663299,80,540,ADL
1498663302,80,540,ADL
1498663305,80,540,ADL
1498663308,80,540,ADL
1498663311,80,540,ADL
1498663314,80,540,ADL
1498663317,80,540,ADL
1498663320,80,540,ADL
1498663323,80,540,ADL
1498663326,80,540,ADL
1498663329,80,540,ADL
1498663332,80,540,ADL
1498663335,80,540,ADL
1498663338,80,540,ADL
1498663341,80,540,ADL
1498663344,80,540,ADL
1498663347,80,540,ADL
1498663350,80,540,ADL
1498663353,80,540,ADL
1498663356,80,540,ADL
1498663359,80,540,ADL
1498663362,80,540,ADL
1498663365,80,540,ADL
1498663368,80,540,ADL
1498663371,80,540,ADL
1498663374,80,540,ADL
1498663377,80,540,ADL
1498663380,80,540,ADL
1498663383,80,540,ADL
1498663386,80,540,ADL
1498663389,80,540,ADL
1498663392,80,540,ADL
1498663395,80,540,ADL
1498663398,80,540,ADL
1498663401,80,540,ADL
1498663404,80,540,ADL
1498663407,80,540,ADL
1498663410,80,540,ADL
1498663413,80,540,ADL
1498663416,80,540,ADL
1498663419,80,540,ADL
1498663422,80,540,ADL
1498663425,80,540,ADL
1498663428,80,540,ADL
1498663431,80,540,ADL
1498663434,80,540,ADL
1498663437,80,540,ADL
1498663440,80,540,ADL
1498663443,80,540,ADL
1498663446,80,540,ADL
1498663449,80,540,ADL
1498663452,80,540,ADL
1498663455,80,540,ADL
1498663458,80,540,ADL
1498663461,80,540,ADL
1498663464,80,540,ADL
1498663467,80,540,ADL
1498663470,80,540,ADL
1498663473,80,540,ADL
1498663476,80,540,ADL
1498663479,80,540,ADL
1498663482,80,540,ADL
1498663485,80,540,ADL
1498663488,80,540,ADL
1498663491,80,540,ADL
1498663494,80,540,ADL
1498663497,80,540,ADL
1498663500,80,540,ADL
1498663503,80,540,ADL
1498663506,80,540,ADL
1498663509,80,540,ADL
1498663512,80,540,ADL
1498663515,80,540,ADL
1498663518,80,540,ADL
1498663521,80,540,ADL
1498663524,80,540,ADL
1498663527,80,540,ADL
1498663530,80,540,ADL
1498663533,80,540,ADL
1498663536,80,540,ADL
1498663539,80,540,ADL
1498663542,80,540,ADL
1498663545,80,540,ADL
1498663548,80,540,ADL
1498663551,80,540,ADL
1498663554,80,540,ADL
1498663557,80,540,ADL
1498663560,80,540,ADL
1498663563,80,540,ADL
1498663566,80,540,ADL
1498663569,80,540,ADL
1498663572,80,540,ADL
1498663575,80,540,ADL
1498663578,80,540,ADL
1498663581,80,540,ADL
1498663584,80,540,ADL
1498663587,80,540,ADL
1498663590,80,540,ADL
1498663593,80,540,ADL
1498663596,80,540,ADL
1498663599,80,540,ADL
1498663602,80,540,ADL
1498663605,80,540,ADL
1498663608,80,540,ADL
1498663611,80,540,ADL
1498663614,80,540,ADL
1498663617,80,540,ADL
1498663620,80,540,ADL
1498663623,80,540,ADL
1498663626,80,540,ADL
1498663629,80,540,ADL
1498663632,80,540,ADL
1498663635,80,540,ADL
1498663638,80,540,ADL
1498663641,80,540,ADL
1498663644,80,540,ADL
1498663647,80,540,ADL
1498663650,80,540,ADL
1498663653,80,540,ADL
1498663656,80,540,ADL
1498663659,80,540,ADL
1498663662,80,540,ADL
1498663665,80,540,ADL
1498663668,80,540,ADL
1498663671,80,540,ADL
1498663674,80,540,ADL
1498663677,80,540,ADL
1498663680,80,540,ADL
1498663683,80,540,ADL
1498663686,80,540,ADL
1498663689,80,540,ADL
1498663692,80,540,ADL
1498663695,80,540,ADL
1498663698,80,540,ADL
1498663701,80,540,ADL
1498663704,80,540,ADL
1498663707,80,540,ADL
1498663710,80,540,ADL
1498663713,80,540,ADL
1498663716,80,540,ADL
1498663719,80,540,ADL
1498663722,80,540,ADL
1498663725,80,540,ADL
1498663728,80,540,ADL
1498663731,80,540,ADL
1498663734,80,540,ADL
1498663737,80,540,ADL
1498663740,80,540,ADL
1498663743,80,540,ADL
1498663746,80,540,ADL
1498663749,80,540,ADL
1498663752,80,540,ADL
1498663755,80,540,ADL
1498663758,80,540,ADL
1498663761,640,650,ADL
1498663764,640,650,ADL
1498663767,640,650,ADL
1498663770,640,650,ADL
1498663773,640,650,ADL
1498663776,640,650,ADL
1498663779,640,650,ADL
1498663782,640,650,ADL
1498663785,640,650,ADL
1498663788,640,650,ADL
1498663791,640,650,ADL
1498663794,640,650,ADL
1498663797,640,650,ADL
1498663800,640,650,ADL
1498663803,640,650,ADL
1498663806,640,650,ADL
1498663809,640,650,ADL
1498663812,640,650,ADL
1498663815,295,710,ADL
1498663818,295,710,ADL
1498663821,295,710,ADL
1498663824,420,450,ADL
1498663827,420,450,ADL
1498663830,420,450,ADL
1498663833,420,450,ADL
1498663836,420,50,ADL
1498663839,420,50,ADL
1498663842,420,50,ADL
1498663845,420,50,ADL
1498663848,420,50,ADL
1498663851,420,50,ADL
1498663854,420,50,ADL
1498663857,420,50,ADL
1498663860,420,50,ADL
1498663863,420,50,ADL
1498663866,420,50,ADL
1498663869,420,50,ADL
1498663872,420,50,ADL
1498663875,420,50,ADL
1498663878,420,50,ADL
1498663881,420,50,ADL
1498663884,420,50,ADL
1498663887,420,50,ADL
1498663890,420,50,ADL
1498663893,420,50,ADL
1498663896,420,50,ADL
1498663899,420,50,ADL
1498663902,420,50,ADL
1498663905,420,50,ADL
1498663908,420,50,ADL
1498663911,420,50,ADL
1498663914,420,50,ADL
1498663917,420,50,ADL
1498663920,420,50,ADL
1498663923,420,50,ADL
1498663926,420,50,ADL
1498663929,420,50,ADL
1498663932,420,50,ADL
1498663935,420,50,ADL
1498663938,420,50,ADL
1498663941,420,50,ADL
1498663944,640,650,ADL
1498663947,640,650,ADL
1498663950,640,650,ADL
1498663953,640,740,ADL
1498663956,640,740,ADL
1498663959,640,740,ADL
1498663962,640,740,ADL
1498663965,640,740,ADL
1498663968,640,740,ADL
1498663971,640,740,ADL
1498663974,640,740,ADL
1498663977,640,740,ADL
1498663980,640,740,ADL
1498663983,640,740,ADL
1498663986,640,740,ADL
1498663989,640,740,ADL
1498663992,640,740,ADL
1498663995,640,740,ADL
1498663998,640,740,ADL
1498664001,640,740,ADL
1498664004,640,740,ADL
1498664007,640,740,ADL
1498664010,640,740,ADL
1498664013,640,740,ADL
1498664016,640,740,ADL
1498664019,640,740,ADL
1498664022,640,740,ADL
1498664025,640,740,ADL
1498664028,640,740,ADL
1498664031,640,740,ADL
1498664034,640,740,ADL
1498664037,640,740,ADL
1498664040,640,740,ADL
1498664043,640,740,ADL
1498664046,640,740,ADL
1498664049,640,740,ADL
1498664052,640,740,ADL
1498664055,640,740,ADL
1498664058,640,740,ADL
1498664061,640,740,ADL
1498664064,640,740,ADL
1498664067,640,740,ADL
1498664070,640,740,ADL
1498664073,640,740,ADL
1498664076,640,740,ADL
1498664079,640,740,ADL
1498664082,640,650,ADL
1498664085,640,650,ADL
1498664088,640,650,ADL
1498664091,640,650,ADL
1498664094,640,650,ADL
1498664097,640,650,ADL
1498664100,640,650,ADL
1498664103,640,650,ADL
1498664106,640,650,ADL
1498664109,640,650,ADL
1498664112,640,490,ADL
1498664115,640,490,ADL
1498664118,640,490,ADL
1498664121,640,490,ADL
1498664124,640,490,ADL
1498664127,640,490,ADL
1498664130,640,490,ADL
1498664133,640,490,ADL
1498664136,640,490,ADL
1498664139,640,490,ADL
1498664142,640,490,ADL
1498664145,640,490,ADL
1498664148,640,490,ADL
1498664151,640,490,ADL
1498664154,640,490,ADL
1498664157,640,490,ADL
1498664160,640,490,ADL
1498664163,640,490,ADL
1498664166,640,490,ADL
1498664169,640,490,ADL
1498664172,420,50,ADL
1498664175,420,50,ADL
1498664178,420,50,ADL
1498664181,420,50,ADL
1498664184,295,710,ADL
1498664187,295,710,ADL
1498664190,295,710,ADL
1498664193,295,710,ADL
1498664196,295,710,ADL
1498664199,295,710,ADL
1498664202,295,710,ADL
1498664205,295,710,ADL
1498664208,295,710,ADL
1498664211,295,710,ADL
1498664214,295,710,ADL
1498664217,295,710,ADL
1498664220,295,710,ADL
1498664223,295,710,ADL
1498664226,50,940,ADL
1498664229,50,940,ADL
1498664232,50,940,ADL
1498664235,50,940,ADL
1498664238,50,940,ADL
1498664241,295,710,ADL
1498664244,295,710,ADL
1498664247,295,710,ADL
1498664250,295,710,ADL
1498664253,295,710,ADL
1498664256,295,710,ADL
1498664259,295,710,ADL
1498664262,295,710,ADL
1498664265,250,1020,ADL
1498664268,250,1020,ADL
1498664271,250,1020,ADL
1498664274,250,1020,ADL
1498664277,250,1020,ADL
1498664280,250,1020,ADL
1498664283,250,1020,ADL
1498664286,250,1020,ADL
1498664289,250,1020,ADL
1498664292,250,1020,ADL
1498664295,185,1020,ADL
1498664298,185,1020,ADL
1498664301,185,1020,ADL
1498664304,185,1020,ADL
1498664307,185,1020,ADL
1498664310,185,1020,ADL
1498664313,295,710,ADL
1498664316,295,710,ADL
1498664319,295,710,ADL
1498664322,295,710,ADL
1498664325,185,1020,ADL
1498664328,185,1020,ADL
1498664331,185,1020,ADL
1498664334,185,1020,ADL
1498664337,295,710,ADL
1498664340,295,710,ADL
1498664343,295,710,ADL
1498664346,295,710,ADL
1498664349,295,710,ADL
1498664352,295,710,ADL
1498664355,295,710,ADL
1498664358,295,710,ADL
1498664361,295,710,ADL
1498664364,295,710,ADL
1498664367,295,710,ADL
1498664370,295,710,ADL
1498664373,295,710,ADL
1498664376,295,710,ADL
1498664379,295,710,ADL
1498664382,295,710,ADL
1498664385,295,710,ADL
1498664388,295,710,ADL
1498664391,295,710,ADL
1498664394,295,710,ADL
1498664397,295,710,ADL
1498664400,295,710,ADL
1498664403,295,710,ADL
1498664406,295,710,ADL
1498664409,295,710,ADL
1498664412,295,710,ADL
1498664415,295,710,ADL
1498664418,295,710,ADL
1498664421,295,710,ADL
1498664424,295,710,ADL
1498664427,295,710,ADL
1498664430,295,710,ADL
1498664433,295,710,ADL
1498664436,295,710,ADL
1498664439,295,710,ADL
1498664442,295,710,ADL
1498664445,295,710,ADL
1498664448,295,710,ADL
1498664451,295,710,ADL
1498664454,295,710,ADL
1498664457,295,710,ADL
1498664460,295,710,ADL
1498664463,295,710,ADL
1498664466,295,710,ADL
1498664469,295,710,ADL
1498664472,295,710,ADL
1498664475,295,710,ADL
1498664478,295,710,ADL
1498664481,295,710,ADL
1498664484,295,710,ADL
1498664487,295,710,ADL
1498664490,295,710,ADL
1498664493,295,710,ADL
1498664496,295,710,ADL
1498664499,295,710,ADL
1498664502,295,710,ADL
1498664505,295,710,ADL
1498664508,295,710,ADL
1498664511,295,710,ADL
1498664514,295,710,ADL
1498664517,295,710,ADL
1498664520,295,710,ADL
1498664523,295,710,ADL
1498664526,295,710,ADL
1498664529,295,710,ADL
1498664532,295,710,ADL
1498664535,295,710,ADL
1498664538,295,710,ADL
1498664541,295,710,ADL
1498664544,295,710,ADL
1498664547,295,710,ADL
1498664550,295,710,ADL
1498664553,295,710,ADL
1498664556,295,710,ADL
1498664559,185,1020,ADL
1498664562,185,1020,ADL
1498664565,185,1020,ADL
1498664568,185,1020,ADL
1498664571,185,1020,ADL
1498664574,185,1020,ADL
1498664577,215,710,ADL
1498664580,295,710,ADL
1498664583,185,1020,ADL
1498664586,185,1020,ADL
1498664589,295,710,ADL
1498664592,295,710,ADL
1498664595,295,710,ADL
1498664598,295,710,ADL
1498664601,295,710,ADL
1498664604,295,710,ADL
1498664607,295,710,ADL
1498664610,295,710,ADL
1498664613,295,710,ADL
1498664616,295,710,ADL
1498664619,295,710,ADL
1498664622,295,710,ADL
1498664625,295,710,ADL
1498664628,295,710,ADL
1498664631,295,710,ADL
1498664634,50,660,ADL
1498664637,50,660,ADL
1498664640,295,710,ADL
1498664643,295,710,ADL
1498664646,250,1020,ADL
1498664649,250,1020,ADL
1498664652,250,1020,ADL
1498664655,250,1020,ADL
1498664658,250,1020,ADL
1498664661,295,710,ADL
1498664664,295,710,ADL
1498664667,295,710,ADL
1498664670,295,710,ADL
1498664673,295,710,ADL
1498664676,295,710,ADL
1498664679,295,710,ADL
1498664682,295,710,ADL
1498664685,295,710,ADL
1498664688,295,710,ADL
1498664691,295,710,ADL
1498664694,295,710,ADL
1498664697,295,710,ADL
1498664700,295,710,ADL
1498664703,295,710,ADL
1498664706,295,710,ADL
1498664709,295,710,ADL
1498664712,295,710,ADL
1498664715,295,710,ADL
1498664718,295,710,ADL
1498664721,295,710,ADL
1498664724,295,710,ADL
1498664727,295,710,ADL
1498664730,295,710,ADL
1498664733,295,710,ADL
1498664736,295,710,ADL
1498664739,295,710,ADL
1498664742,50,940,ADL
1498664745,50,940,ADL
1498664748,50,940,ADL
1498664751,50,940,ADL
1498664754,295,710,ADL
1498664757,295,710,ADL
1498664760,295,710,ADL
1498664763,295,710,ADL
1498664766,295,710,ADL
1498664769,295,710,ADL
1498664772,295,710,ADL
1498664775,50,660,ADL
1498664778,50,660,ADL
1498664781,50,660,ADL
1498664784,50,660,ADL
1498664787,50,660,ADL
1498664790,50,660,ADL
1498664793,50,660,ADL
1498664796,50,660,ADL
1498664799,50,660,ADL
1498664802,50,660,ADL
1498664805,50,660,ADL
1498664808,50,660,ADL
1498664811,50,660,ADL
1498664814,50,660,ADL
1498664817,50,660,ADL
1498664820,50,660,ADL
1498664823,50,660,ADL
1498664826,50,660,ADL
1498664829,50,660,ADL
1498664832,50,660,ADL
1498664835,50,660,ADL
1498664838,50,660,ADL
1498664841,50,660,ADL
1498664844,50,660,ADL
1498664847,50,660,ADL
1498664850,50,660,ADL
1498664853,50,660,ADL
1498664856,50,660,ADL
1498664859,50,660,ADL
1498664862,50,660,ADL
1498664865,50,660,ADL
1498664868,50,660,ADL
1498664871,50,660,ADL
1498664874,50,660,ADL
1498664877,50,660,ADL
1498664880,50,660,ADL
1498664883,50,660,ADL
1498664886,50,660,ADL
1498664889,50,660,ADL
1498664892,50,660,ADL
1498664895,50,660,ADL
1498664898,50,660,ADL
1498664901,50,660,ADL
1498664904,50,660,ADL
1498664907,50,660,ADL
1498664910,50,660,ADL
1498664913,50,660,ADL
1498664916,50,660,ADL
1498664919,50,660,ADL
1498664922,50,660,ADL
1498664925,50,660,ADL
1498664928,50,660,ADL
1498664931,50,660,ADL
1498664934,50,660,ADL
1498664937,50,660,ADL
1498664940,50,660,ADL
1498664943,50,660,ADL
1498664946,50,660,ADL
1498664949,50,660,ADL
1498664952,50,660,ADL
1498664955,50,660,ADL
1498664958,50,660,ADL
1498664961,50,660,ADL
1498664964,50,660,ADL
1498664967,50,660,ADL
1498664970,50,660,ADL
1498664973,50,660,ADL
1498664976,50,660,ADL
1498664979,50,660,ADL
1498664982,50,660,ADL
1498664985,50,660,ADL
1498664988,50,660,ADL
1498664991,50,660,ADL
1498664994,50,660,ADL
1498664997,50,660,ADL
1498665000,50,660,ADL
1498665003,50,660,ADL
1498665006,50,660,ADL
1498665009,50,660,ADL
1498665012,50,660,ADL
1498665015,50,660,ADL
1498665018,50,660,ADL
1498665021,50,660,ADL
1498665024,50,660,ADL
1498665027,50,660,ADL
1498665030,50,660,ADL
1498665033,50,660,ADL
1498665036,50,660,ADL
1498665039,50,660,ADL
1498665042,50,660,ADL
1498665045,50,660,ADL
1498665048,50,660,ADL
1498665051,50,660,ADL
1498665054,50,660,ADL
1498665057,50,660,ADL
1498665060,50,660,ADL
1498665063,50,660,ADL
1498665066,50,660,ADL
1498665069,50,660,ADL
1498665072,50,660,ADL
1498665075,50,660,ADL
1498665078,50,660,ADL
1498665081,50,660,ADL
1498665084,50,660,ADL
1498665087,50,660,ADL
1498665090,50,660,ADL
1498665093,50,660,ADL
1498665096,50,660,ADL
1498665099,50,660,ADL
1498665102,50,660,ADL
1498665105,50,660,ADL
1498665108,50,660,ADL
1498665111,50,660,ADL
1498665114,50,660,ADL
1498665117,50,660,ADL
1498665120,50,660,ADL
1498665123,50,660,ADL
1498665126,50,660,ADL
1498665129,50,660,ADL
1498665132,50,660,ADL
1498665135,50,660,ADL
1498665138,50,660,ADL
1498665141,50,660,ADL
1498665144,50,660,ADL
1498665147,50,660,ADL
1498665150,50,660,ADL
1498665153,50,660,ADL
1498665156,50,660,ADL
1498665159,50,660,ADL
1498665162,50,660,ADL
1498665165,50,660,ADL
1498665168,50,660,ADL
1498665171,50,660,ADL
1498665174,50,660,ADL
1498665177,50,660,ADL
1498665180,50,660,ADL
1498665183,50,660,ADL
1498665186,50,660,ADL
1498665189,50,660,ADL
1498665192,50,660,ADL
1498665195,50,660,ADL
1498665198,50,660,ADL
1498665201,50,660,ADL
1498665204,50,660,ADL
1498665207,50,660,ADL
1498665210,50,660,ADL
1498665213,50,660,ADL
1498665216,50,660,ADL
1498665219,50,660,ADL
1498665222,50,660,ADL
1498665225,50,660,ADL
1498665228,50,660,ADL
1498665231,50,660,ADL
1498665234,50,660,ADL
1498665237,50,660,ADL
1498665240,50,660,ADL
1498665243,50,660,ADL
1498665246,50,660,ADL
1498665249,50,660,ADL
1498665252,50,660,ADL
1498665255,50,660,ADL
1498665258,50,660,ADL
1498665261,50,660,ADL
1498665264,50,660,ADL
1498665267,50,660,ADL
1498665270,50,660,ADL
1498665273,50,660,ADL
1498665276,50,660,ADL
1498665279,50,660,ADL
1498665282,50,660,ADL
1498665285,50,660,ADL
1498665288,50,660,ADL
1498665291,50,660,ADL
1498665294,50,660,ADL
1498665297,50,660,ADL
1498665300,50,660,ADL
1498665303,50,660,ADL
1498665306,50,660,ADL
1498665309,50,660,ADL
1498665312,50,660,ADL
1498665315,50,660,ADL
1498665318,50,660,ADL
1498665321,50,660,ADL
1498665324,50,660,ADL
1498665327,50,660,ADL
1498665330,50,660,ADL
1498665333,50,660,ADL
1498665336,50,660,ADL
1498665339,50,660,ADL
1498665342,50,660,ADL
1498665345,50,660,ADL
1498665348,50,660,ADL
1498665351,50,660,ADL
1498665354,50,660,ADL
1498665357,50,660,ADL
1498665360,50,660,ADL
1498665363,50,660,ADL
1498665366,50,660,ADL
1498665369,50,660,ADL
1498665372,50,660,ADL
1498665375,50,660,ADL
1498665378,50,660,ADL
1498665381,50,660,ADL
1498665384,50,660,ADL
1498665387,50,660,ADL
1498665390,50,660,ADL
1498665393,50,660,ADL
1498665396,50,660,ADL
1498665399,50,660,ADL
1498665402,50,660,ADL
1498665405,50,660,ADL
1498665408,50,660,ADL
1498665411,50,660,ADL
1498665414,50,660,ADL
1498665417,50,660,ADL
1498665420,50,660,ADL
1498665423,50,660,ADL
1498665426,50,660,ADL
1498665429,50,660,ADL
1498665432,50,660,ADL
1498665435,50,660,ADL
1498665438,50,660,ADL
1498665441,50,660,ADL
1498665444,50,660,ADL
1498665447,50,660,ADL
1498665450,50,660,ADL
1498665453,50,660,ADL
1498665456,50,660,ADL
1498665459,50,660,ADL
1498665462,50,660,ADL
1498665465,50,660,ADL
1498665468,50,660,ADL
1498665471,50,660,ADL
1498665474,50,660,ADL
1498665477,50,660,ADL
1498665480,50,660,ADL
1498665483,50,660,ADL
1498665486,50,660,ADL
1498665489,50,660,ADL
1498665492,50,660,ADL
1498665495,50,660,ADL
1498665498,50,660,ADL
1498665501,50,660,ADL
1498665504,50,660,ADL
1498665507,50,660,ADL
1498665510,50,660,ADL
1498665513,50,660,ADL
1498665516,50,660,ADL
1498665519,50,660,ADL
1498665522,50,660,ADL
1498665525,50,660,ADL
1498665528,50,660,ADL
1498665531,50,660,ADL
1498665534,50,660,ADL
1498665537,50,660,ADL
1498665540,50,660,ADL
1498665543,50,660,ADL
1498665546,50,660,ADL
1498665549,50,660,ADL
1498665552,50,660,ADL
1498665555,50,660,ADL
1498665558,50,660,ADL
1498665561,50,660,ADL
1498665564,50,660,ADL
1498665567,50,660,ADL
1498665570,50,660,ADL
1498665573,50,660,ADL
1498665576,50,660,ADL
1498665579,50,660,ADL
1498665582,50,660,ADL
1498665585,50,660,ADL
1498665588,50,660,ADL
1498665591,50,660,ADL
1498665594,50,660,ADL
1498665597,50,660,ADL
1498665600,50,660,ADL
1498665603,50,660,ADL
1498665606,50,660,ADL
1498665609,50,660,ADL
1498665612,50,660,ADL
1498665615,50,660,ADL
1498665618,50,660,ADL
1498665621,50,660,ADL
1498665624,50,660,ADL
1498665627,50,660,ADL
1498665630,50,660,ADL
1498665633,50,660,ADL
1498665636,50,660,ADL
1498665639,50,660,ADL
1498665642,50,660,ADL
1498665645,50,660,ADL
1498665648,50,660,ADL
1498665651,50,660,ADL
1498665654,50,660,ADL
1498665657,50,660,ADL
1498665660,50,660,ADL
1498665663,50,660,ADL
1498665666,50,660,ADL
1498665669,50,660,ADL
1498665672,50,660,ADL
1498665675,50,660,ADL
1498665678,50,660,ADL
1498665681,50,660,ADL
1498665684,50,660,ADL
1498665687,50,660,ADL
1498665690,50,660,ADL
1498665693,50,660,ADL
1498665696,50,660,ADL
1498665699,50,660,ADL
1498665702,50,660,ADL
1498665705,50,660,ADL
1498665708,50,660,ADL
1498665711,50,660,ADL
1498665714,50,660,ADL
1498665717,50,660,ADL
1498665720,50,660,ADL
1498665723,50,660,ADL
1498665726,50,660,ADL
1498665729,50,660,ADL
1498665732,50,660,ADL
1498665735,50,660,ADL
1498665738,50,660,ADL
1498665741,50,660,ADL
1498665744,50,660,ADL
1498665747,50,660,ADL
1498665750,50,660,ADL
1498665753,50,660,ADL
1498665756,50,660,ADL
1498665759,50,660,ADL
1498665762,50,660,ADL
1498665765,50,660,ADL
1498665768,50,660,ADL
1498665771,50,660,ADL
1498665774,50,660,ADL
1498665777,50,660,ADL
1498665780,50,660,ADL
1498665783,50,660,ADL
1498665786,50,660,ADL
1498665789,50,660,ADL
1498665792,50,660,ADL
1498665795,50,660,ADL
1498665798,50,660,ADL
1498665801,50,660,ADL
1498665804,50,660,ADL
1498665807,50,660,ADL
1498665810,50,660,ADL
1498665813,50,660,ADL
1498665816,50,660,ADL
1498665819,50,660,ADL
1498665822,50,660,ADL
1498665825,50,660,ADL
1498665828,50,660,ADL
1498665831,50,660,ADL
1498665834,50,660,ADL
1498665837,50,660,ADL
1498665840,50,660,ADL
1498665843,50,660,ADL
1498665846,50,660,ADL
1498665849,50,660,ADL
1498665852,50,660,ADL
1498665855,50,660,ADL
1498665858,50,660,ADL
1498665861,50,660,ADL
1498665864,50,660,ADL
1498665867,50,660,ADL
1498665870,50,660,ADL
1498665873,50,660,ADL
1498665876,50,660,ADL
1498665879,50,660,ADL
1498665882,50,660,ADL
1498665885,50,660,ADL
1498665888,50,660,ADL
1498665891,50,660,ADL
1498665894,50,660,ADL
1498665897,50,660,ADL
1498665900,50,660,ADL
1498665903,50,660,ADL
1498665906,50,660,ADL
1498665909,50,660,ADL
1498665912,50,660,ADL
1498665915,50,660,ADL
1498665918,50,660,ADL
1498665921,50,660,ADL
1498665924,50,660,ADL
1498665927,50,660,ADL
1498665930,50,660,ADL
1498665933,50,660,ADL
1498665936,50,660,ADL
1498665939,50,660,ADL
1498665942,50,660,ADL
1498665945,50,660,ADL
1498665948,50,660,ADL
1498665951,50,660,ADL
1498665954,50,660,ADL
1498665957,50,660,ADL
1498665960,50,660,ADL
1498665963,50,660,ADL
1498665966,50,660,ADL
1498665969,50,660,ADL
1498665972,50,660,ADL
1498665975,50,660,ADL
1498665978,50,660,ADL
1498665981,50,660,ADL
1498665984,50,660,ADL
1498665987,50,660,ADL
1498665990,50,660,ADL
1498665993,50,660,ADL
1498665996,50,660,ADL
1498665999,50,660,ADL
1498666002,50,660,ADL
1498666005,50,660,ADL
1498666008,50,660,ADL
1498666011,50,660,ADL
1498666014,50,660,ADL
1498666017,50,660,ADL
1498666020,50,660,ADL
1498666023,50,660,ADL
1498666026,50,660,ADL
1498666029,50,660,ADL
1498666032,50,660,ADL
1498666035,50,660,ADL
1498666038,50,660,ADL
1498666041,50,660,ADL
1498666044,50,660,ADL
1498666047,50,660,ADL
1498666050,50,660,ADL
1498666053,50,660,ADL
1498666056,50,660,ADL
1498666059,50,660,ADL
1498666062,50,660,ADL
1498666065,50,660,ADL
1498666068,50,660,ADL
1498666071,50,660,ADL
1498666074,50,660,ADL
1498666077,50,660,ADL
1498666080,50,660,ADL
1498666083,50,660,ADL
1498666086,50,660,ADL
1498666089,50,660,ADL
1498666092,50,660,ADL
1498666095,50,660,ADL
1498666098,50,660,ADL
1498666101,50,660,ADL
1498666104,50,660,ADL
1498666107,50,660,ADL
1498666110,50,660,ADL
1498666113,50,660,ADL
1498666116,50,660,ADL
1498666119,50,660,ADL
1498666122,50,660,ADL
1498666125,50,660,ADL
1498666128,50,660,ADL
1498666131,50,660,ADL
1498666134,50,660,ADL
1498666137,50,660,ADL
1498666140,50,660,ADL
1498666143,50,660,ADL
1498666146,50,660,ADL
1498666149,50,660,ADL
1498666152,50,660,ADL
1498666155,50,660,ADL
1498666158,50,660,ADL
1498666161,50,660,ADL
1498666164,50,660,ADL
1498666167,50,660,ADL
1498666170,50,660,ADL
1498666173,50,660,ADL
1498666176,50,660,ADL
1498666179,50,660,ADL
1498666182,50,660,ADL
1498666185,50,660,ADL
1498666188,50,660,ADL
1498666191,50,660,ADL
1498666194,50,660,ADL
1498666197,50,660,ADL
1498666200,50,660,ADL
1498666203,50,660,ADL
1498666206,50,660,ADL
1498666209,50,660,ADL
1498666212,50,660,ADL
1498666215,50,660,ADL
1498666218,50,660,ADL
1498666221,50,660,ADL
1498666224,50,660,ADL
1498666227,50,660,ADL
1498666230,50,660,ADL
1498666233,50,660,ADL
1498666236,50,660,ADL
1498666239,50,660,ADL
1498666242,50,660,ADL
1498666245,50,660,ADL
1498666248,50,660,ADL
1498666251,50,660,ADL
1498666254,50,660,ADL
1498666257,50,660,ADL
1498666260,50,660,ADL
1498666263,50,660,ADL
1498666266,50,660,ADL
1498666269,50,660,ADL
1498666272,50,660,ADL
1498666275,50,660,ADL
1498666278,50,660,ADL
1498666281,50,660,ADL
1498666284,50,660,ADL
1498666287,50,660,ADL
1498666290,50,660,ADL
1498666293,50,660,ADL
1498666296,50,660,ADL
1498666299,50,660,ADL
1498666302,50,660,ADL
1498666305,50,660,ADL
1498666308,50,660,ADL
1498666311,50,660,ADL
1498666314,50,660,ADL
1498666317,50,660,ADL
1498666320,50,660,ADL
1498666323,50,660,ADL
1498666326,50,660,ADL
1498666329,50,660,ADL
1498666332,50,660,ADL
1498666335,50,660,ADL
1498666338,50,660,ADL
1498666341,50,660,ADL
1498666344,50,660,ADL
1498666347,50,660,ADL
1498666350,50,660,ADL
1498666353,50,660,ADL
1498666356,50,660,ADL
1498666359,50,660,ADL
1498666362,50,660,ADL
1498666365,50,660,ADL
1498666368,50,660,ADL
1498666371,50,660,ADL
1498666374,50,660,ADL
1498666377,50,660,ADL
1498666380,50,660,ADL
1498666383,50,660,ADL
1498666386,50,660,ADL
1498666389,50,660,ADL
1498666392,50,660,ADL
1498666395,50,660,ADL
1498666398,50,660,ADL
1498666401,50,660,ADL
1498666404,50,660,ADL
1498666407,50,660,ADL
1498666410,50,660,ADL
1498666413,50,660,ADL
1498666416,50,660,ADL
1498666419,50,660,ADL
1498666422,50,660,ADL
1498666425,50,660,ADL
1498666428,50,660,ADL
1498666431,50,660,ADL
1498666434,50,660,ADL
1498666437,50,660,ADL
1498666440,50,660,ADL
1498666443,50,660,ADL
1498666446,50,660,ADL
1498666449,50,660,ADL
1498666452,50,660,ADL
1498666455,50,660,ADL
1498666458,50,660,ADL
1498666461,50,660,ADL
1498666464,50,660,ADL
1498666467,50,660,ADL
1498666470,50,660,ADL
1498666473,50,660,ADL
1498666476,50,660,ADL
1498666479,50,660,ADL
1498666482,50,660,ADL
1498666485,50,660,ADL
1498666488,50,660,ADL
1498666491,50,660,ADL
1498666494,50,660,ADL
1498666497,50,660,ADL
1498666500,50,660,ADL
1498666503,50,660,ADL
1498666506,50,660,ADL
1498666509,50,660,ADL
1498666512,50,660,ADL
1498666515,50,660,ADL
1498666518,50,660,ADL
1498666521,50,660,ADL
1498666524,50,660,ADL
1498666527,50,660,ADL
1498666530,50,660,ADL
1498666533,50,660,ADL
1498666536,50,660,ADL
1498666539,50,660,ADL
1498666542,50,660,ADL
1498666545,50,660,ADL
1498666548,50,660,ADL
1498666551,50,660,ADL
1498666554,50,660,ADL
1498666557,50,660,ADL
1498666560,50,660,ADL
1498666563,50,660,ADL
1498666566,50,660,ADL
1498666569,50,660,ADL
1498666572,50,660,ADL
1498666575,50,660,ADL
1498666578,50,660,ADL
1498666581,50,660,ADL
1498666584,50,660,ADL
1498666587,50,660,ADL
1498666590,50,660,ADL
1498666593,50,660,ADL
1498666596,50,660,ADL
1498666599,50,660,ADL
1498666602,50,660,ADL
1498666605,50,660,ADL
1498666608,50,660,ADL
1498666611,50,660,ADL
1498666614,50,660,ADL
1498666617,50,660,ADL
1498666620,50,660,ADL
1498666623,50,660,ADL
1498666626,50,660,ADL
1498666629,50,660,ADL
1498666632,50,660,ADL
1498666635,50,660,ADL
1498666638,50,660,ADL
1498666641,50,660,ADL
1498666644,50,660,ADL
1498666647,50,660,ADL
1498666650,50,660,ADL
1498666653,50,660,ADL
1498666656,50,660,ADL
1498666659,50,660,ADL
1498666662,50,660,ADL
1498666665,50,660,ADL
1498666668,50,660,ADL
1498666671,50,660,ADL
1498666674,50,660,ADL
1498666677,50,660,ADL
1498666680,50,660,ADL
1498666683,50,660,ADL
1498666686,50,660,ADL
1498666689,50,660,ADL
1498666692,50,660,ADL
1498666695,50,660,ADL
1498666698,50,660,ADL
1498666701,50,660,ADL
1498666704,50,660,ADL
1498666707,50,660,ADL
1498666710,50,660,ADL
1498666713,50,660,ADL
1498666716,50,660,ADL
1498666719,50,660,ADL
1498666722,50,660,ADL
1498666725,50,660,ADL
1498666728,50,660,ADL
1498666731,50,660,ADL
1498666734,50,660,ADL
1498666737,50,660,ADL
1498666740,50,660,ADL
1498666743,50,660,ADL
1498666746,50,660,ADL
1498666749,50,660,ADL
1498666752,50,660,ADL
1498666755,50,660,ADL
1498666758,50,660,ADL
1498666761,50,660,ADL
1498666764,50,660,ADL
1498666767,50,660,ADL
1498666770,50,660,ADL
1498666773,50,660,ADL
1498666776,50,660,ADL
1498666779,50,660,ADL
1498666782,50,660,ADL
1498666785,50,660,ADL
1498666788,50,660,ADL
1498666791,50,660,ADL
1498666794,50,660,ADL
1498666797,50,660,ADL
1498666800,50,660,ADL
1498666803,50,660,ADL
1498666806,50,660,ADL
1498666809,50,660,ADL
1498666812,50,660,ADL
1498666815,50,660,ADL
1498666818,50,660,ADL
1498666821,50,660,ADL
1498666824,50,660,ADL
1498666827,50,660,ADL
1498666830,50,660,ADL
1498666833,50,660,ADL
1498666836,50,660,ADL
1498666839,50,660,ADL
1498666842,50,660,ADL
1498666845,50,660,ADL
1498666848,50,660,ADL
1498666851,50,660,ADL
1498666854,50,660,ADL
1498666857,50,660,ADL
1498666860,50,660,ADL
1498666863,50,660,ADL
1498666866,50,660,ADL
1498666869,50,660,ADL
1498666872,50,660,ADL
1498666875,50,660,ADL
1498666878,50,660,ADL
1498666881,50,660,ADL
1498666884,50,660,ADL
1498666887,50,660,ADL
1498666890,50,660,ADL
1498666893,50,660,ADL
1498666896,50,660,ADL
1498666899,50,660,ADL
1498666902,50,660,ADL
1498666905,50,660,ADL
1498666908,50,660,ADL
1498666911,50,660,ADL
1498666914,50,660,ADL
1498666917,50,660,ADL
1498666920,50,660,ADL
1498666923,50,660,ADL
1498666926,50,660,ADL
1498666929,50,660,ADL
1498666932,50,660,ADL
1498666935,50,660,ADL
1498666938,50,660,ADL
1498666941,50,660,ADL
1498666944,50,660,ADL
1498666947,50,660,ADL
1498666950,50,660,ADL
1498666953,50,660,ADL
1498666956,50,660,ADL
1498666959,50,660,ADL
1498666962,50,660,ADL
1498666965,50,660,ADL
1498666968,50,660,ADL
1498666971,50,660,ADL
1498666974,50,660,ADL
1498666977,50,660,ADL
1498666980,50,660,ADL
1498666983,50,660,ADL
1498666986,50,660,ADL
1498666989,50,660,ADL
1498666992,50,660,ADL
1498666995,50,660,ADL
1498666998,50,660,ADL
1498667001,50,660,ADL
1498667004,50,660,ADL
1498667007,50,660,ADL
1498667010,50,660,ADL
1498667013,50,660,ADL
1498667016,50,660,ADL
1498667019,50,660,ADL
1498667022,50,660,ADL
1498667025,50,660,ADL
1498667028,50,660,ADL
1498667031,50,660,ADL
1498667034,50,660,ADL
1498667037,50,660,ADL
1498667040,50,660,ADL
1498667043,50,660,ADL
1498667046,50,660,ADL
1498667049,50,660,ADL
1498667052,50,660,ADL
1498667055,50,660,ADL
1498667058,50,660,ADL
1498667061,50,660,ADL
1498667064,50,660,ADL
1498667067,50,660,ADL
1498667070,50,660,ADL
1498667073,50,660,ADL
1498667076,50,660,ADL
1498667079,50,660,ADL
1498667082,50,660,ADL
1498667085,50,660,ADL
1498667088,50,660,ADL
1498667091,50,660,ADL
1498667094,50,660,ADL
1498667097,50,660,ADL
1498667100,50,660,ADL
1498667103,50,660,ADL
1498667106,50,660,ADL
1498667109,50,660,ADL
1498667112,50,660,ADL
1498667115,50,660,ADL
1498667118,50,660,ADL
1498667121,50,660,ADL
1498667124,50,660,ADL
1498667127,50,660,ADL
1498667130,50,660,ADL
1498667133,50,660,ADL
1498667136,50,660,ADL
1498667139,50,660,ADL
1498667142,50,660,ADL
1498667145,50,660,ADL
1498667148,50,660,ADL
1498667151,50,660,ADL
1498667154,50,660,ADL
1498667157,50,660,ADL
1498667160,50,660,ADL
1498667163,50,660,ADL
1498667166,50,660,ADL
1498667169,50,660,ADL
1498667172,50,660,ADL
1498667175,50,660,ADL
1498667178,50,660,ADL
1498667181,50,660,ADL
1498667184,50,660,ADL
1498667187,50,660,ADL
1498667190,50,660,ADL
1498667193,50,660,ADL
1498667196,50,660,ADL
1498667199,50,660,ADL
1498667202,50,660,ADL
1498667205,50,660,ADL
1498667208,50,660,ADL
1498667211,50,660,ADL
1498667214,50,660,ADL
1498667217,50,660,ADL
1498667220,50,660,ADL
1498667223,50,660,ADL
1498667226,50,660,ADL
1498667229,50,660,ADL
1498667232,50,660,ADL
1498667235,50,660,ADL
1498667238,50,660,ADL
1498667241,50,660,ADL
1498667244,50,660,ADL
1498667247,50,660,ADL
1498667250,50,660,ADL
1498667253,50,660,ADL
1498667256,50,660,ADL
1498667259,50,660,ADL
1498667262,50,660,ADL
1498667265,50,660,ADL
1498667268,50,660,ADL
1498667271,50,660,ADL
1498667274,50,660,ADL
1498667277,50,660,ADL
1498667280,50,660,ADL
1498667283,50,660,ADL
1498667286,50,660,ADL
1498667289,50,660,ADL
1498667292,50,660,ADL
1498667295,50,660,ADL
1498667298,50,660,ADL
1498667301,50,660,ADL
1498667304,50,660,ADL
1498667307,50,660,ADL
1498667310,50,660,ADL
1498667313,50,660,ADL
1498667316,50,660,ADL
1498667319,50,660,ADL
1498667322,50,660,ADL
1498667325,50,660,ADL
1498667328,50,660,ADL
1498667331,50,660,ADL
1498667334,50,660,ADL
1498667337,50,660,ADL
1498667340,50,660,ADL
1498667343,50,660,ADL
1498667346,50,660,ADL
1498667349,50,660,ADL
1498667352,50,660,ADL
1498667355,50,660,ADL
1498667358,50,660,ADL
1498667361,50,660,ADL
1498667364,50,660,ADL
1498667367,50,660,ADL
1498667370,50,660,ADL
1498667373,50,660,ADL
1498667376,50,660,ADL
1498667379,50,660,ADL
1498667382,50,660,ADL
1498667385,50,660,ADL
1498667388,50,660,ADL
1498667391,50,660,ADL
1498667394,50,660,ADL
1498667397,50,660,ADL
1498667400,50,660,ADL
1498667403,50,660,ADL
1498667406,50,660,ADL
1498667409,50,660,ADL
1498667412,50,660,ADL
1498667415,50,660,ADL
1498667418,50,660,ADL
1498667421,50,660,ADL
1498667424,50,660,ADL
1498667427,50,660,ADL
1498667430,50,660,ADL
1498667433,50,660,ADL
1498667436,50,660,ADL
1498667439,50,660,ADL
1498667442,50,660,ADL
1498667445,50,660,ADL
1498667448,50,660,ADL
1498667451,50,660,ADL
1498667454,50,660,ADL
1498667457,50,660,ADL
1498667460,50,660,ADL
1498667463,50,660,ADL
1498667466,50,660,ADL
1498667469,50,660,ADL
1498667472,50,660,ADL
1498667475,50,660,ADL
1498667478,50,660,ADL
1498667481,50,660,ADL
1498667484,50,660,ADL
1498667487,50,660,ADL
1498667490,50,660,ADL
1498667493,50,660,ADL
1498667496,50,660,ADL
1498667499,50,660,ADL
1498667502,50,660,ADL
1498667505,50,660,ADL
1498667508,50,660,ADL
1498667511,50,660,ADL
1498667514,50,660,ADL
1498667517,50,660,ADL
1498667520,50,660,ADL
1498667523,50,660,ADL
1498667526,50,660,ADL
1498667529,50,660,ADL
1498667532,50,660,ADL
1498667535,50,660,ADL
1498667538,50,660,ADL
1498667541,50,660,ADL
1498667544,50,660,ADL
1498667547,50,660,ADL
1498667550,50,660,ADL
1498667553,50,660,ADL
1498667556,50,660,ADL
1498667559,50,660,ADL
1498667562,50,660,ADL
1498667565,50,660,ADL
1498667568,50,660,ADL
1498667571,50,660,ADL
1498667574,50,660,ADL
1498667577,50,660,ADL
1498667580,50,660,ADL
1498667583,50,660,ADL
1498667586,50,660,ADL
1498667589,50,660,ADL
1498667592,50,660,ADL
1498667595,50,660,ADL
1498667598,50,660,ADL
1498667601,50,660,ADL
1498667604,50,660,ADL
1498667607,50,660,ADL
1498667610,50,660,ADL
1498667613,50,660,ADL
1498667616,50,660,ADL
1498667619,50,660,ADL
1498667622,50,660,ADL
1498667625,50,660,ADL
1498667628,50,660,ADL
1498667631,50,660,ADL
1498667634,50,660,ADL
1498667637,50,660,ADL
1498667640,50,660,ADL
1498667643,50,660,ADL
1498667646,50,660,ADL
1498667649,50,660,ADL
1498667652,50,660,ADL
1498667655,50,660,ADL
1498667658,50,660,ADL
1498667661,50,660,ADL
1498667664,50,660,ADL
1498667667,50,660,ADL
1498667670,50,660,ADL
1498667673,50,660,ADL
1498667676,50,660,ADL
1498667679,50,660,ADL
1498667682,50,660,ADL
1498667685,50,660,ADL
1498667688,50,660,ADL
1498667691,50,660,ADL
1498667694,50,660,ADL
1498667697,50,660,ADL
1498667700,50,660,ADL
1498667703,50,660,ADL
1498667706,50,660,ADL
1498667709,50,660,ADL
1498667712,50,660,ADL
1498667715,50,660,ADL
1498667718,50,660,ADL
1498667721,50,660,ADL
1498667724,50,660,ADL
1498667727,50,660,ADL
1498667730,50,660,ADL
1498667733,50,660,ADL
1498667736,50,660,ADL
1498667739,50,660,ADL
1498667742,50,660,ADL
1498667745,50,660,ADL
1498667748,50,660,ADL
1498667751,50,660,ADL
1498667754,50,660,ADL
1498667757,50,660,ADL
1498667760,50,660,ADL
1498667763,50,660,ADL
1498667766,50,660,ADL
1498667769,50,660,ADL
1498667772,50,660,ADL
1498667775,50,660,ADL
1498667778,50,660,ADL
1498667781,50,660,ADL
1498667784,50,660,ADL
1498667787,50,660,ADL
1498667790,50,660,ADL
1498667793,50,660,ADL
1498667796,50,660,ADL
1498667799,50,660,ADL
1498667802,50,660,ADL
1498667805,50,660,ADL
1498667808,50,660,ADL
1498667811,50,660,ADL
1498667814,50,660,ADL
1498667817,50,660,ADL
1498667820,50,660,ADL
1498667823,50,660,ADL
1498667826,50,660,ADL
1498667829,50,660,ADL
1498667832,50,660,ADL
1498667835,50,660,ADL
1498667838,50,660,ADL
1498667841,50,660,ADL
1498667844,50,660,ADL
1498667847,50,660,ADL
1498667850,50,660,ADL
1498667853,50,660,ADL
1498667856,50,660,ADL
1498667859,50,660,ADL
1498667862,50,660,ADL
1498667865,50,660,ADL
1498667868,50,660,ADL
1498667871,50,660,ADL
1498667874,50,660,ADL
1498667877,50,660,ADL
1498667880,50,660,ADL
1498667883,50,660,ADL
1498667886,50,660,ADL
1498667889,50,660,ADL
1498667892,50,660,ADL
1498667895,50,660,ADL
1498667898,50,660,ADL
1498667901,50,660,ADL
1498667904,50,660,ADL
1498667907,50,660,ADL
1498667910,50,660,ADL
1498667913,50,660,ADL
1498667916,50,660,ADL
1498667919,50,660,ADL
1498667922,50,660,ADL
1498667925,50,660,ADL
1498667928,50,660,ADL
1498667931,50,660,ADL
1498667934,50,660,ADL
1498667937,50,660,ADL
1498667940,50,660,ADL
1498667943,50,660,ADL
1498667946,50,660,ADL
1498667949,50,660,ADL
1498667952,50,660,ADL
1498667955,50,660,ADL
1498667958,50,660,ADL
1498667961,50,660,ADL
1498667964,50,660,ADL
1498667967,50,660,ADL
1498667970,50,660,ADL
1498667973,50,660,ADL
1498667976,50,660,ADL
1498667979,50,660,ADL
1498667982,50,660,ADL
1498667985,50,660,ADL
1498667988,50,660,ADL
1498667991,50,660,ADL
1498667994,50,660,ADL
1498667997,50,660,ADL
1498668000,50,660,ADL
1498668003,50,660,ADL
1498668006,50,660,ADL
1498668009,50,660,ADL
1498668012,50,660,ADL
1498668015,50,660,ADL
1498668018,50,660,ADL
1498668021,50,660,ADL
1498668024,50,660,ADL
1498668027,50,660,ADL
1498668030,50,660,ADL
1498668033,50,660,ADL
1498668036,50,660,ADL
1498668039,50,660,ADL
1498668042,50,660,ADL
1498668045,50,660,ADL
1498668048,50,660,ADL
1498668051,50,660,ADL
1498668054,50,660,ADL
1498668057,50,660,ADL
1498668060,50,660,ADL
1498668063,50,660,ADL
1498668066,50,660,ADL
1498668069,50,660,ADL
1498668072,50,660,ADL
1498668075,50,660,ADL
1498668078,50,660,ADL
1498668081,50,660,ADL
1498668084,50,660,ADL
1498668087,50,660,ADL
1498668090,50,660,ADL
1498668093,50,660,ADL
1498668096,50,660,ADL
1498668099,50,660,ADL
1498668102,50,660,ADL
1498668105,50,660,ADL
1498668108,50,660,ADL
1498668111,50,660,ADL
1498668114,50,660,ADL
1498668117,50,660,ADL
1498668120,50,660,ADL
1498668123,50,660,ADL
1498668126,50,660,ADL
1498668129,50,660,ADL
1498668132,50,660,ADL
1498668135,50,660,ADL
1498668138,50,660,ADL
1498668141,50,660,ADL
1498668144,50,660,ADL
1498668147,50,660,ADL
1498668150,50,660,ADL
1498668153,50,660,ADL
1498668156,50,660,ADL
1498668159,50,660,ADL
1498668162,50,660,ADL
1498668165,50,660,ADL
1498668168,50,660,ADL
1498668171,50,660,ADL
1498668174,50,660,ADL
1498668177,50,660,ADL
1498668180,50,660,ADL
