1499198743,340,345,ADL
1499198743,340,345,ADL
1499198743,340,345,ADL
1499198743,340,345,ADL
1499198743,340,345,ADL
1499198743,340,345,ADL
1499198743,340,345,ADL
1499198743,340,345,ADL
1499198743,340,345,ADL
1499198743,340,345,ADL
1499198743,340,345,ADL
1499198743,340,345,ADL
1499198743,340,345,ADL
1499198743,340,345,ADL
1499198743,340,345,ADL
1499198745,340,345,ADL
1499198748,340,345,ADL
1499198751,340,345,ADL
1499198754,340,345,ADL
1499198757,340,345,ADL
1499198760,340,345,ADL
1499198763,340,345,ADL
1499198766,570,890,ADL
1499198769,570,890,ADL
1499198772,570,890,ADL
1499198775,570,890,ADL
1499198778,570,890,ADL
1499198781,570,890,ADL
1499198784,570,890,ADL
1499198787,570,890,ADL
1499198790,570,890,ADL
1499198793,570,890,ADL
1499198796,570,890,ADL
1499198799,570,890,ADL
1499198802,570,890,ADL
1499198805,570,890,ADL
1499198808,570,890,ADL
1499198811,570,890,ADL
1499198814,240,540,ADL
1499198817,240,540,ADL
1499198820,240,540,ADL
1499198823,240,540,ADL
1499198826,240,540,ADL
1499198829,240,540,ADL
1499198832,240,540,ADL
1499198835,240,540,ADL
1499198838,240,540,ADL
1499198841,240,540,ADL
1499198844,240,540,ADL
1499198847,240,540,ADL
1499198850,240,540,ADL
1499198853,240,540,ADL
1499198856,240,540,ADL
1499198859,240,540,ADL
1499198862,240,540,ADL
1499198865,240,540,ADL
1499198868,240,540,ADL
1499198871,240,540,ADL
1499198874,240,540,ADL
1499198877,240,540,ADL
1499198880,240,540,ADL
1499198883,240,540,ADL
1499198886,240,540,ADL
1499198889,240,540,ADL
1499198892,240,540,ADL
1499198895,240,540,ADL
1499198898,240,540,ADL
1499198901,240,540,ADL
1499198904,240,540,ADL
1499198907,640,650,ADL
1499198910,640,650,ADL
1499198913,640,650,ADL
1499198916,640,650,ADL
1499198919,640,650,ADL
1499198922,640,650,ADL
1499198925,640,650,ADL
1499198928,640,650,ADL
1499198931,640,650,ADL
1499198934,640,650,ADL
1499198937,640,650,ADL
1499198940,640,650,ADL
1499198943,640,650,ADL
1499198946,640,650,ADL
1499198949,640,650,ADL
1499198952,640,650,ADL
1499198955,640,650,ADL
1499198958,640,650,ADL
1499198961,640,650,ADL
1499198964,640,650,ADL
1499198967,640,650,ADL
1499198970,640,650,ADL
1499198973,640,650,ADL
1499198976,420,50,ADL
1499198979,420,50,ADL
1499198982,420,50,ADL
1499198985,420,50,ADL
1499198988,420,50,ADL
1499198991,420,50,ADL
1499198994,420,50,ADL
1499198997,420,50,ADL
1499199000,420,50,ADL
1499199003,420,50,ADL
1499199006,420,50,ADL
1499199009,420,50,ADL
1499199012,420,50,ADL
1499199015,420,50,ADL
1499199018,420,50,ADL
1499199021,420,50,ADL
1499199024,420,50,ADL
1499199027,420,50,ADL
1499199030,420,50,ADL
1499199033,420,50,ADL
1499199036,420,50,ADL
1499199039,420,50,ADL
1499199042,420,50,ADL
1499199045,420,50,ADL
1499199048,420,50,ADL
1499199051,420,50,ADL
1499199054,420,50,ADL
1499199057,420,50,ADL
1499199060,420,50,ADL
1499199063,420,50,ADL
1499199066,420,50,ADL
1499199069,420,50,ADL
1499199072,420,50,ADL
1499199075,420,50,ADL
1499199078,420,50,ADL
1499199081,420,50,ADL
1499199084,420,50,ADL
1499199087,420,50,ADL
1499199090,420,50,ADL
1499199093,420,50,ADL
1499199096,420,50,ADL
1499199099,420,50,ADL
1499199102,420,50,ADL
1499199105,420,50,ADL
1499199108,420,50,ADL
1499199111,420,50,ADL
1499199114,420,50,ADL
1499199117,420,50,ADL
1499199120,640,650,ADL
1499199123,640,650,ADL
1499199126,640,650,ADL
1499199129,640,650,ADL
1499199132,640,650,ADL
1499199135,640,740,ADL
1499199138,640,740,ADL
1499199141,640,740,ADL
1499199144,640,740,ADL
1499199147,640,740,ADL
1499199150,640,740,ADL
1499199153,640,740,ADL
1499199156,640,740,ADL
1499199159,640,740,ADL
1499199162,640,740,ADL
1499199165,640,740,ADL
1499199168,640,740,ADL
1499199171,640,740,ADL
1499199174,640,740,ADL
1499199177,640,740,ADL
1499199180,640,740,ADL
1499199183,640,740,ADL
1499199186,640,740,ADL
1499199189,640,740,ADL
1499199192,640,740,ADL
1499199195,640,740,ADL
1499199198,640,740,ADL
1499199201,640,740,ADL
1499199204,640,740,ADL
1499199207,640,740,ADL
1499199210,640,740,ADL
1499199213,640,740,ADL
1499199216,640,740,ADL
1499199219,640,740,ADL
1499199222,640,740,ADL
1499199225,640,740,ADL
1499199228,640,740,ADL
1499199231,640,740,ADL
1499199234,640,740,ADL
1499199237,640,740,ADL
1499199240,640,740,ADL
1499199243,640,740,ADL
1499199246,640,740,ADL
1499199249,640,740,ADL
1499199252,640,740,ADL
1499199255,640,740,ADL
1499199258,640,740,ADL
1499199261,640,740,ADL
1499199264,640,740,ADL
1499199267,640,740,ADL
1499199270,640,740,ADL
1499199273,640,740,ADL
1499199276,640,740,ADL
1499199279,640,740,ADL
1499199282,640,740,ADL
1499199285,640,740,ADL
1499199288,640,740,ADL
1499199291,640,740,ADL
1499199294,640,740,ADL
1499199297,640,740,ADL
1499199300,640,740,ADL
1499199303,640,740,ADL
1499199306,640,740,ADL
1499199309,640,740,ADL
1499199312,640,740,ADL
1499199315,640,740,ADL
1499199318,640,740,ADL
1499199321,640,740,ADL
1499199324,640,740,ADL
1499199327,640,740,ADL
1499199330,640,740,ADL
1499199333,640,740,ADL
1499199336,640,740,ADL
1499199339,640,740,ADL
1499199342,640,740,ADL
1499199345,640,740,ADL
1499199348,640,740,ADL
1499199351,640,740,ADL
1499199354,640,490,ADL
1499199357,640,490,ADL
1499199360,640,490,ADL
1499199363,640,490,ADL
1499199366,640,490,ADL
1499199369,640,490,ADL
1499199372,640,490,ADL
1499199375,640,490,ADL
1499199378,640,490,ADL
1499199381,640,490,ADL
1499199384,640,490,ADL
1499199387,640,490,ADL
1499199390,640,490,ADL
1499199393,640,490,ADL
1499199396,640,490,ADL
1499199399,640,490,ADL
1499199402,640,490,ADL
1499199405,640,490,ADL
1499199408,640,490,ADL
1499199411,640,490,ADL
1499199414,640,490,ADL
1499199417,640,490,ADL
1499199420,640,490,ADL
1499199423,640,490,ADL
1499199426,640,490,ADL
1499199429,640,490,ADL
1499199432,640,490,ADL
1499199435,640,490,ADL
1499199438,640,490,ADL
1499199441,640,490,ADL
1499199444,640,490,ADL
1499199447,65,340,ADL
1499199450,65,340,ADL
1499199453,65,340,ADL
1499199456,65,340,ADL
1499199459,65,340,ADL
1499199462,65,340,ADL
1499199465,65,340,ADL
1499199468,65,340,ADL
1499199471,65,340,ADL
1499199474,65,340,ADL
1499199477,65,340,ADL
1499199480,65,340,ADL
1499199483,65,340,ADL
1499199486,65,340,ADL
1499199489,65,340,ADL
1499199492,65,340,ADL
1499199495,340,345,ADL
1499199498,340,345,ADL
1499199501,340,345,ADL
1499199504,340,345,ADL
1499199507,340,345,ADL
1499199510,340,345,ADL
1499199513,340,345,ADL
1499199516,340,345,ADL
1499199519,340,345,ADL
1499199522,340,345,ADL
1499199525,340,345,ADL
1499199528,340,345,ADL
1499199531,340,345,ADL
1499199534,340,345,ADL
1499199537,340,345,ADL
1499199540,340,345,ADL
1499199543,340,345,ADL
1499199546,340,345,ADL
1499199549,65,340,ADL
1499199552,65,340,ADL
1499199555,65,340,ADL
1499199558,65,340,ADL
1499199561,65,340,ADL
1499199564,65,340,ADL
1499199567,65,340,ADL
1499199570,65,340,ADL
1499199573,65,340,ADL
1499199576,65,340,ADL
1499199579,65,340,ADL
1499199582,65,340,ADL
1499199585,65,340,ADL
1499199588,65,340,ADL
1499199591,65,340,ADL
1499199594,65,340,ADL
1499199597,65,340,ADL
1499199600,65,340,ADL
1499199603,65,340,ADL
1499199606,65,340,ADL
1499199609,65,340,ADL
1499199612,65,340,ADL
1499199615,65,340,ADL
1499199618,65,340,ADL
1499199621,65,340,ADL
1499199624,65,340,ADL
1499199627,65,340,ADL
1499199630,65,340,ADL
1499199633,65,340,ADL
1499199636,65,340,ADL
1499199639,65,340,ADL
1499199642,65,340,ADL
1499199645,65,340,ADL
1499199648,65,340,ADL
1499199651,65,340,ADL
1499199654,65,340,ADL
1499199657,65,340,ADL
1499199660,65,340,ADL
1499199663,65,340,ADL
1499199666,65,340,ADL
1499199669,65,340,ADL
1499199672,65,340,ADL
1499199675,65,340,ADL
1499199678,65,340,ADL
1499199681,65,340,ADL
1499199684,65,340,ADL
1499199687,65,340,ADL
1499199690,65,340,ADL
1499199693,65,340,ADL
1499199696,65,340,ADL
1499199699,65,340,ADL
1499199702,65,340,ADL
1499199705,65,340,ADL
1499199708,65,340,ADL
1499199711,65,340,ADL
1499199714,65,340,ADL
1499199717,65,340,ADL
1499199720,65,340,ADL
1499199723,65,340,ADL
1499199726,65,340,ADL
1499199729,65,340,ADL
1499199732,65,340,ADL
1499199735,65,340,ADL
1499199738,65,340,ADL
1499199741,65,340,ADL
1499199744,65,340,ADL
1499199747,65,340,ADL
1499199750,65,340,ADL
1499199753,65,340,ADL
1499199756,65,340,ADL
1499199759,65,340,ADL
1499199762,65,340,ADL
1499199765,65,340,ADL
1499199768,65,340,ADL
1499199771,65,340,ADL
1499199774,65,340,ADL
1499199777,65,340,ADL
1499199780,65,340,ADL
1499199783,65,340,ADL
1499199786,65,340,ADL
1499199789,65,340,ADL
1499199792,65,340,ADL
1499199795,65,340,ADL
1499199798,65,340,ADL
1499199801,65,340,ADL
1499199804,65,340,ADL
1499199807,65,340,ADL
1499199810,65,340,ADL
1499199813,65,340,ADL
1499199816,65,340,ADL
1499199819,65,340,ADL
1499199822,65,340,ADL
1499199825,65,340,ADL
1499199828,65,340,ADL
1499199831,65,340,ADL
1499199834,65,340,ADL
1499199837,65,340,ADL
1499199840,65,340,ADL
1499199843,65,340,ADL
1499199846,65,340,ADL
1499199849,65,340,ADL
1499199852,65,340,ADL
1499199855,65,340,ADL
1499199858,65,340,ADL
1499199861,65,340,ADL
1499199864,65,340,ADL
1499199867,65,340,ADL
1499199870,65,340,ADL
1499199873,65,340,ADL
1499199876,65,340,ADL
1499199879,65,340,ADL
1499199882,65,340,ADL
1499199885,65,340,ADL
1499199888,65,340,ADL
1499199891,65,340,ADL
1499199894,65,340,ADL
1499199897,65,340,ADL
1499199900,65,340,ADL
1499199903,65,340,ADL
1499199906,65,340,ADL
1499199909,65,340,ADL
1499199912,65,340,ADL
1499199915,65,340,ADL
1499199918,65,340,ADL
1499199921,65,340,ADL
1499199924,65,340,ADL
1499199927,65,340,ADL
1499199930,65,340,ADL
1499199933,65,340,ADL
1499199936,65,340,ADL
1499199939,65,340,ADL
1499199942,65,340,ADL
1499199945,65,340,ADL
1499199948,65,340,ADL
1499199951,65,340,ADL
1499199954,65,340,ADL
1499199957,65,340,ADL
1499199960,65,340,ADL
1499199963,65,340,ADL
1499199966,65,340,ADL
1499199969,65,340,ADL
1499199972,65,340,ADL
1499199975,65,340,ADL
1499199978,65,340,ADL
1499199981,65,340,ADL
1499199984,65,340,ADL
1499199987,65,340,ADL
1499199990,65,340,ADL
1499199993,65,340,ADL
1499199996,65,340,ADL
1499199999,65,340,ADL
1499200002,65,340,ADL
1499200005,65,340,ADL
1499200008,65,340,ADL
1499200011,65,340,ADL
1499200014,65,340,ADL
1499200017,65,340,ADL
1499200020,65,340,ADL
1499200023,65,340,ADL
1499200026,65,340,ADL
1499200029,65,340,ADL
1499200032,65,340,ADL
1499200035,65,340,ADL
1499200038,65,340,ADL
1499200041,65,340,ADL
1499200044,65,340,ADL
1499200047,65,340,ADL
1499200050,65,340,ADL
1499200053,65,340,ADL
1499200056,65,340,ADL
1499200059,65,340,ADL
1499200062,65,340,ADL
1499200065,65,340,ADL
1499200068,65,340,ADL
1499200071,65,340,ADL
1499200074,65,340,ADL
1499200077,65,340,ADL
1499200080,65,340,ADL
1499200083,65,340,ADL
1499200086,65,340,ADL
1499200089,65,340,ADL
1499200092,65,340,ADL
1499200095,65,340,ADL
1499200098,65,340,ADL
1499200101,65,340,ADL
1499200104,65,340,ADL
1499200107,65,340,ADL
1499200110,65,340,ADL
1499200113,65,340,ADL
1499200116,65,340,ADL
1499200119,65,340,ADL
1499200122,65,340,ADL
1499200125,65,340,ADL
1499200128,65,340,ADL
1499200131,65,340,ADL
1499200134,65,340,ADL
1499200137,65,340,ADL
1499200140,65,340,ADL
1499200143,65,340,ADL
1499200146,65,340,ADL
1499200149,65,340,ADL
1499200152,65,340,ADL
1499200155,65,340,ADL
1499200158,65,340,ADL
1499200161,65,340,ADL
1499200164,65,340,ADL
1499200167,65,340,ADL
1499200170,65,340,ADL
1499200173,65,340,ADL
1499200176,65,340,ADL
1499200179,65,340,ADL
1499200182,65,340,ADL
1499200185,65,340,ADL
1499200188,65,340,ADL
1499200191,65,340,ADL
1499200194,65,340,ADL
1499200197,65,340,ADL
1499200200,65,340,ADL
1499200203,65,340,ADL
1499200206,65,340,ADL
1499200209,65,340,ADL
1499200212,65,340,ADL
1499200215,65,340,ADL
1499200218,65,340,ADL
1499200221,65,340,ADL
1499200224,65,340,ADL
1499200227,65,340,ADL
1499200230,65,340,ADL
1499200233,65,340,ADL
1499200236,65,340,ADL
1499200239,65,340,ADL
1499200242,65,340,ADL
1499200245,65,340,ADL
1499200248,65,340,ADL
1499200251,65,340,ADL
1499200254,65,340,ADL
1499200257,65,340,ADL
1499200260,65,340,ADL
1499200263,65,340,ADL
1499200266,65,340,ADL
1499200269,65,340,ADL
1499200272,65,340,ADL
1499200275,65,340,ADL
1499200278,65,340,ADL
1499200281,65,340,ADL
1499200284,65,340,ADL
1499200287,65,340,ADL
1499200290,65,340,ADL
1499200293,65,340,ADL
1499200296,65,340,ADL
1499200299,65,340,ADL
1499200302,65,340,ADL
1499200305,65,340,ADL
1499200308,65,340,ADL
1499200311,65,340,ADL
1499200314,65,340,ADL
1499200317,65,340,ADL
1499200320,65,340,ADL
1499200323,65,340,ADL
1499200326,65,340,ADL
1499200329,65,340,ADL
1499200332,65,340,ADL
1499200335,65,340,ADL
1499200338,65,340,ADL
1499200341,65,340,ADL
1499200344,65,340,ADL
1499200347,65,340,ADL
1499200350,65,340,ADL
1499200353,65,340,ADL
1499200356,65,340,ADL
1499200359,65,340,ADL
1499200362,65,340,ADL
1499200365,65,340,ADL
1499200368,65,340,ADL
1499200371,65,340,ADL
1499200374,65,340,ADL
1499200377,65,340,ADL
1499200380,65,340,ADL
1499200383,65,340,ADL
1499200386,65,340,ADL
1499200389,65,340,ADL
1499200392,65,340,ADL
1499200395,65,340,ADL
1499200398,65,340,ADL
1499200401,65,340,ADL
1499200404,65,340,ADL
1499200407,65,340,ADL
1499200410,65,340,ADL
1499200413,65,340,ADL
1499200416,65,340,ADL
1499200419,65,340,ADL
1499200422,65,340,ADL
1499200425,65,340,ADL
1499200428,65,340,ADL
1499200431,65,340,ADL
1499200434,65,340,ADL
1499200437,65,340,ADL
1499200440,65,340,ADL
1499200443,65,340,ADL
1499200446,65,340,ADL
1499200449,65,340,ADL
1499200452,65,340,ADL
1499200455,65,340,ADL
1499200458,65,340,ADL
1499200461,65,340,ADL
1499200464,65,340,ADL
1499200467,65,340,ADL
1499200470,65,340,ADL
1499200473,65,340,ADL
1499200476,65,340,ADL
1499200479,65,340,ADL
1499200482,65,340,ADL
1499200485,65,340,ADL
1499200488,65,340,ADL
1499200491,65,340,ADL
1499200494,65,340,ADL
1499200497,65,340,ADL
1499200500,65,340,ADL
1499200503,65,340,ADL
1499200506,65,340,ADL
1499200509,65,340,ADL
1499200512,65,340,ADL
1499200515,65,340,ADL
1499200518,65,340,ADL
1499200521,65,340,ADL
1499200524,65,340,ADL
1499200527,65,340,ADL
1499200530,65,340,ADL
1499200533,65,340,ADL
1499200536,65,340,ADL
1499200539,65,340,ADL
1499200542,65,340,ADL
1499200545,65,340,ADL
1499200548,65,340,ADL
1499200551,65,340,ADL
1499200554,65,340,ADL
1499200557,65,340,ADL
1499200560,65,340,ADL
1499200563,65,340,ADL
1499200566,65,340,ADL
1499200569,65,340,ADL
1499200572,65,340,ADL
1499200575,65,340,ADL
1499200578,65,340,ADL
1499200581,65,340,ADL
1499200584,65,340,ADL
1499200587,65,340,ADL
1499200590,65,340,ADL
1499200593,65,340,ADL
1499200596,65,340,ADL
1499200599,65,340,ADL
1499200602,65,340,ADL
1499200605,65,340,ADL
1499200608,65,340,ADL
1499200611,65,340,ADL
1499200614,65,340,ADL
1499200617,65,340,ADL
1499200620,65,340,ADL
1499200623,65,340,ADL
1499200626,65,340,ADL
1499200629,65,340,ADL
1499200632,65,340,ADL
1499200635,65,340,ADL
1499200638,65,340,ADL
1499200641,65,340,ADL
1499200644,65,340,ADL
1499200647,65,340,ADL
1499200650,65,340,ADL
1499200653,65,340,ADL
1499200656,65,340,ADL
1499200659,65,340,ADL
1499200662,65,340,ADL
1499200665,65,340,ADL
1499200668,65,340,ADL
1499200671,65,340,ADL
1499200674,65,340,ADL
1499200677,65,340,ADL
1499200680,65,340,ADL
1499200683,65,340,ADL
1499200686,65,340,ADL
1499200689,65,340,ADL
1499200692,65,340,ADL
1499200695,65,340,ADL
1499200698,65,340,ADL
1499200701,65,340,ADL
1499200704,65,340,ADL
1499200707,65,340,ADL
1499200710,65,340,ADL
1499200713,65,340,ADL
1499200716,65,340,ADL
1499200719,65,340,ADL
1499200722,65,340,ADL
1499200725,65,340,ADL
1499200728,65,340,ADL
1499200731,65,340,ADL
1499200734,65,340,ADL
1499200737,65,340,ADL
1499200740,65,340,ADL
1499200743,65,340,ADL
1499200746,65,340,ADL
1499200749,65,340,ADL
1499200752,65,340,ADL
1499200755,65,340,ADL
1499200758,65,340,ADL
1499200761,65,340,ADL
1499200764,65,340,ADL
1499200767,65,340,ADL
1499200770,65,340,ADL
1499200773,65,340,ADL
1499200776,65,340,ADL
1499200779,65,340,ADL
1499200782,65,340,ADL
1499200785,65,340,ADL
1499200788,65,340,ADL
1499200791,65,340,ADL
1499200794,65,340,ADL
1499200797,65,340,ADL
1499200800,65,340,ADL
1499200803,65,340,ADL
1499200806,65,340,ADL
1499200809,65,340,ADL
1499200812,65,340,ADL
1499200815,65,340,ADL
1499200818,65,340,ADL
1499200821,65,340,ADL
1499200824,65,340,ADL
1499200827,65,340,ADL
1499200830,65,340,ADL
1499200833,65,340,ADL
1499200836,65,340,ADL
1499200839,65,340,ADL
1499200842,65,340,ADL
1499200845,65,340,ADL
1499200848,65,340,ADL
1499200851,65,340,ADL
1499200854,65,340,ADL
1499200857,65,340,ADL
1499200860,65,340,ADL
1499200863,65,340,ADL
1499200866,65,340,ADL
1499200869,65,340,ADL
1499200872,65,340,ADL
1499200875,65,340,ADL
1499200878,65,340,ADL
1499200881,65,340,ADL
1499200884,65,340,ADL
1499200887,65,340,ADL
1499200890,65,340,ADL
1499200893,65,340,ADL
1499200896,65,340,ADL
1499200899,65,340,ADL
1499200902,65,340,ADL
1499200905,65,340,ADL
1499200908,65,340,ADL
1499200911,65,340,ADL
1499200914,65,340,ADL
1499200917,65,340,ADL
1499200920,65,340,ADL
1499200923,65,340,ADL
1499200926,65,340,ADL
1499200929,65,340,ADL
1499200932,65,340,ADL
1499200935,65,340,ADL
1499200938,65,340,ADL
1499200941,65,340,ADL
1499200944,65,340,ADL
1499200947,65,340,ADL
1499200950,65,340,ADL
1499200953,65,340,ADL
1499200956,65,340,ADL
1499200959,65,340,ADL
1499200962,65,340,ADL
1499200965,65,340,ADL
1499200968,65,340,ADL
1499200971,65,340,ADL
1499200974,65,340,ADL
1499200977,65,340,ADL
1499200980,65,340,ADL
1499200983,65,340,ADL
1499200986,65,340,ADL
1499200989,65,340,ADL
1499200992,65,340,ADL
1499200995,65,340,ADL
1499200998,65,340,ADL
1499201001,65,340,ADL
1499201004,65,340,ADL
1499201007,65,340,ADL
1499201010,65,340,ADL
1499201013,65,340,ADL
1499201016,65,340,ADL
1499201019,65,340,ADL
1499201022,65,340,ADL
1499201025,65,340,ADL
1499201028,65,340,ADL
1499201031,65,340,ADL
1499201034,65,340,ADL
1499201037,65,340,ADL
1499201040,65,340,ADL
1499201043,65,340,ADL
1499201046,65,340,ADL
1499201049,65,340,ADL
1499201052,65,340,ADL
1499201055,65,340,ADL
1499201058,65,340,ADL
1499201061,65,340,ADL
1499201064,65,340,ADL
1499201067,65,340,ADL
1499201070,65,340,ADL
1499201073,65,340,ADL
1499201076,65,340,ADL
1499201079,65,340,ADL
1499201082,65,340,ADL
1499201085,65,340,ADL
1499201088,65,340,ADL
1499201091,65,340,ADL
1499201094,65,340,ADL
1499201097,65,340,ADL
1499201100,65,340,ADL
1499201103,65,340,ADL
1499201106,65,340,ADL
1499201109,65,340,ADL
1499201112,65,340,ADL
1499201115,65,340,ADL
1499201118,65,340,ADL
1499201121,65,340,ADL
1499201124,65,340,ADL
1499201127,65,340,ADL
1499201130,295,710,ADL
1499201133,295,710,ADL
1499201136,295,710,ADL
1499201139,295,710,ADL
1499201142,295,710,ADL
1499201145,295,710,ADL
1499201148,295,710,ADL
1499201151,295,710,ADL
1499201154,295,710,ADL
1499201157,295,710,ADL
1499201160,295,710,ADL
1499201163,295,710,ADL
1499201166,295,710,ADL
1499201169,295,710,ADL
1499201172,240,540,ADL
1499201175,240,540,ADL
1499201178,240,540,ADL
1499201181,240,540,ADL
1499201184,240,540,ADL
1499201187,240,540,ADL
1499201190,240,540,ADL
1499201193,240,540,ADL
1499201196,240,540,ADL
1499201199,240,540,ADL
1499201202,240,540,ADL
1499201205,240,540,ADL
1499201208,240,540,ADL
1499201211,240,540,ADL
1499201214,240,540,ADL
1499201217,240,540,ADL
1499201220,240,540,ADL
1499201223,240,540,ADL
1499201226,240,540,ADL
1499201229,240,540,ADL
1499201232,240,540,ADL
1499201235,240,540,ADL
1499201238,240,540,ADL
1499201241,240,540,ADL
1499201244,240,540,ADL
1499201247,240,540,ADL
1499201250,240,540,ADL
1499201253,240,540,ADL
1499201256,240,540,ADL
1499201259,240,540,ADL
1499201262,240,540,ADL
1499201265,240,540,ADL
1499201268,240,540,ADL
1499201271,295,710,ADL
1499201274,295,710,ADL
1499201277,295,710,ADL
1499201280,295,710,ADL
1499201283,295,710,ADL
1499201286,295,710,ADL
1499201289,50,940,ADL
1499201292,50,940,ADL
1499201295,50,940,ADL
1499201298,50,940,ADL
1499201301,50,940,ADL
1499201304,50,940,ADL
1499201307,50,940,ADL
1499201310,50,940,ADL
1499201313,50,940,ADL
1499201316,50,940,ADL
1499201319,50,940,ADL
1499201322,295,710,ADL
1499201325,295,710,ADL
1499201328,295,710,ADL
1499201331,295,710,ADL
1499201334,295,710,ADL
1499201337,295,710,ADL
1499201340,295,710,ADL
1499201343,295,710,ADL
1499201346,295,710,ADL
1499201349,295,710,ADL
1499201352,50,940,ADL
1499201355,50,940,ADL
1499201358,250,1020,ADL
1499201361,250,1020,ADL
1499201364,250,1020,ADL
1499201367,250,1020,ADL
1499201370,250,1020,ADL
1499201373,250,1020,ADL
1499201376,250,1020,ADL
1499201379,250,1020,ADL
1499201382,250,1020,ADL
1499201385,250,1020,ADL
1499201388,250,1020,ADL
1499201391,250,1020,ADL
1499201394,250,1020,ADL
1499201397,250,1020,ADL
1499201400,250,1020,ADL
1499201403,250,1020,ADL
1499201406,250,1020,ADL
1499201409,250,1020,ADL
1499201412,250,1020,ADL
1499201415,250,1020,ADL
1499201418,295,710,ADL
1499201421,295,710,ADL
1499201424,295,710,ADL
1499201427,295,710,ADL
1499201430,295,710,ADL
1499201433,295,710,ADL
1499201436,295,710,ADL
1499201439,295,710,ADL
1499201442,295,710,ADL
1499201445,295,710,ADL
1499201448,295,710,ADL
1499201451,295,710,ADL
1499201454,295,710,ADL
1499201457,295,710,ADL
1499201460,295,710,ADL
1499201463,295,710,ADL
1499201466,295,710,ADL
1499201469,295,710,ADL
1499201472,295,710,ADL
1499201475,295,710,ADL
1499201478,295,710,ADL
1499201481,295,710,ADL
1499201484,295,710,ADL
1499201487,295,710,ADL
1499201490,295,710,ADL
1499201493,295,710,ADL
1499201496,295,710,ADL
1499201499,295,710,ADL
1499201502,295,710,ADL
1499201505,295,710,ADL
1499201508,295,710,ADL
1499201511,295,710,ADL
1499201514,295,710,ADL
1499201517,185,1020,ADL
1499201520,295,710,ADL
1499201523,295,710,ADL
1499201526,295,710,ADL
1499201529,295,710,ADL
1499201532,295,710,ADL
1499201535,295,710,ADL
1499201538,295,710,ADL
1499201541,295,710,ADL
1499201544,295,710,ADL
1499201547,295,710,ADL
1499201550,295,710,ADL
1499201553,295,710,ADL
1499201556,295,710,ADL
1499201559,295,710,ADL
1499201562,295,710,ADL
1499201565,295,710,ADL
1499201568,295,710,ADL
1499201571,295,710,ADL
1499201574,295,710,ADL
1499201577,295,710,ADL
1499201580,295,710,ADL
1499201583,295,710,ADL
1499201586,295,710,ADL
1499201589,295,710,ADL
1499201592,295,710,ADL
1499201595,295,710,ADL
1499201598,295,710,ADL
1499201601,295,710,ADL
1499201604,295,710,ADL
1499201607,295,710,ADL
1499201610,295,710,ADL
1499201613,295,710,ADL
1499201616,295,710,ADL
1499201619,295,710,ADL
1499201622,295,710,ADL
1499201625,295,710,ADL
1499201628,295,710,ADL
1499201631,295,710,ADL
1499201634,295,710,ADL
1499201637,295,710,ADL
1499201640,295,710,ADL
1499201643,295,710,ADL
1499201646,295,710,ADL
1499201649,295,710,ADL
1499201652,295,710,ADL
1499201655,295,710,ADL
1499201658,295,710,ADL
1499201661,250,1020,ADL
1499201664,250,1020,ADL
1499201667,250,1020,ADL
1499201670,250,1020,ADL
1499201673,250,1020,ADL
1499201676,250,1020,ADL
1499201679,250,1020,ADL
1499201682,250,1020,ADL
1499201685,250,1020,ADL
1499201688,250,1020,ADL
1499201691,250,1020,ADL
1499201694,250,1020,ADL
1499201697,250,1020,ADL
1499201700,250,1020,ADL
1499201703,250,1020,ADL
1499201706,250,1020,ADL
1499201709,250,1020,ADL
1499201712,250,1020,ADL
1499201715,250,1020,ADL
1499201718,50,660,ADL
1499201721,50,660,ADL
1499201724,50,660,ADL
1499201727,185,1020,ADL
1499201730,185,1020,ADL
1499201733,185,1020,ADL
1499201736,185,1020,ADL
1499201739,185,1020,ADL
1499201742,185,1020,ADL
1499201745,295,710,ADL
1499201748,295,710,ADL
1499201751,295,710,ADL
1499201754,295,710,ADL
1499201757,295,710,ADL
1499201760,295,710,ADL
1499201763,295,710,ADL
1499201766,295,710,ADL
1499201769,295,710,ADL
1499201772,295,710,ADL
1499201775,295,710,ADL
1499201778,295,710,ADL
1499201781,295,710,ADL
1499201784,295,710,ADL
1499201787,295,710,ADL
1499201790,295,710,ADL
1499201793,295,710,ADL
1499201796,295,710,ADL
1499201799,295,710,ADL
1499201802,295,710,ADL
1499201805,295,710,ADL
1499201808,295,710,ADL
1499201811,295,710,ADL
1499201814,295,710,ADL
1499201817,295,710,ADL
1499201820,295,710,ADL
1499201823,295,710,ADL
1499201826,295,710,ADL
1499201829,295,710,ADL
1499201832,295,710,ADL
1499201835,295,710,ADL
1499201838,295,710,ADL
1499201841,295,710,ADL
1499201844,295,710,ADL
1499201847,295,710,ADL
1499201850,295,710,ADL
1499201853,295,710,ADL
1499201856,295,710,ADL
1499201859,295,710,ADL
1499201862,295,710,ADL
1499201865,295,710,ADL
1499201868,295,710,ADL
1499201871,295,710,ADL
1499201874,295,710,ADL
1499201877,295,710,ADL
1499201880,295,710,ADL
1499201883,295,710,ADL
1499201886,295,710,ADL
1499201889,295,710,ADL
1499201892,295,710,ADL
1499201895,295,710,ADL
1499201898,295,710,ADL
1499201901,295,710,ADL
1499201904,295,710,ADL
1499201907,295,710,ADL
1499201910,295,710,ADL
1499201913,295,710,ADL
1499201916,295,710,ADL
1499201919,295,710,ADL
1499201922,150,885,ADL
1499201925,150,885,ADL
1499201928,150,885,ADL
1499201931,150,885,ADL
1499201934,150,885,ADL
1499201937,150,885,ADL
1499201940,50,660,ADL
1499201943,50,660,ADL
1499201946,50,660,ADL
1499201949,50,660,ADL
1499201952,50,660,ADL
1499201955,50,660,ADL
1499201958,50,660,ADL
1499201961,50,660,ADL
1499201964,50,660,ADL
1499201967,50,660,ADL
1499201970,295,710,ADL
1499201973,240,540,ADL
1499201976,240,540,ADL
1499201979,240,540,ADL
1499201982,240,540,ADL
1499201985,240,540,ADL
1499201988,240,540,ADL
1499201991,240,540,ADL
1499201994,240,540,ADL
1499201997,240,540,ADL
1499202000,240,540,ADL
1499202003,240,540,ADL
1499202006,240,540,ADL
1499202009,240,540,ADL
1499202012,240,540,ADL
1499202015,240,540,ADL
1499202018,240,540,ADL
1499202021,240,540,ADL
1499202024,240,540,ADL
1499202027,240,540,ADL
1499202030,240,540,ADL
1499202033,240,540,ADL
1499202036,240,540,ADL
1499202039,240,540,ADL
1499202042,240,540,ADL
1499202045,240,540,ADL
1499202048,240,540,ADL
1499202051,240,540,ADL
1499202054,240,540,ADL
1499202057,240,540,ADL
1499202060,240,540,ADL
1499202063,240,540,ADL
1499202066,240,540,ADL
1499202069,240,540,ADL
1499202072,240,540,ADL
1499202075,240,540,ADL
1499202078,240,540,ADL
1499202081,240,540,ADL
1499202084,240,540,ADL
1499202087,240,540,ADL
1499202090,240,540,ADL
1499202093,240,540,ADL
1499202096,240,540,ADL
1499202099,240,540,ADL
1499202102,240,540,ADL
1499202105,240,540,ADL
1499202108,240,540,ADL
1499202111,240,540,ADL
1499202114,240,540,ADL
1499202117,240,540,ADL
1499202120,240,540,ADL
1499202123,240,540,ADL
1499202126,240,540,ADL
1499202129,240,540,ADL
1499202132,240,540,ADL
1499202135,240,540,ADL
1499202138,240,540,ADL
1499202141,250,1020,ADL
1499202144,250,1020,ADL
1499202147,250,1020,ADL
1499202150,250,1020,ADL
1499202153,250,1020,ADL
1499202156,240,540,ADL
1499202159,240,540,ADL
1499202162,240,540,ADL
1499202165,240,540,ADL
1499202168,240,540,ADL
1499202171,250,1020,ADL
1499202174,250,1020,ADL
1499202177,250,1020,ADL
1499202180,250,1020,ADL
1499202183,250,1020,ADL
1499202186,250,1020,ADL
1499202189,250,1020,ADL
1499202192,250,1020,ADL
1499202195,295,710,ADL
1499202198,295,710,ADL
1499202201,295,710,ADL
1499202204,295,710,ADL
1499202207,295,710,ADL
1499202210,240,540,ADL
1499202213,240,540,ADL
1499202216,240,540,ADL
1499202219,240,540,ADL
1499202222,240,540,ADL
1499202225,240,540,ADL
1499202228,240,540,ADL
1499202231,240,540,ADL
1499202234,240,540,ADL
1499202237,240,540,ADL
1499202240,50,660,ADL
1499202243,50,660,ADL
1499202246,50,660,ADL
1499202249,50,660,ADL
1499202252,50,660,ADL
1499202255,50,660,ADL
1499202258,50,660,ADL
1499202261,50,660,ADL
1499202264,50,660,ADL
1499202267,50,660,ADL
1499202270,240,540,ADL
1499202273,240,540,ADL
1499202276,295,710,ADL
1499202279,295,710,ADL
1499202282,240,540,ADL
1499202285,240,540,ADL
1499202288,240,540,ADL
1499202291,240,540,ADL
1499202294,240,540,ADL
1499202297,240,540,ADL
1499202300,240,540,ADL
1499202303,240,540,ADL
1499202306,240,540,ADL
1499202309,240,540,ADL
1499202312,240,540,ADL
1499202315,240,540,ADL
1499202318,240,540,ADL
1499202321,240,540,ADL
1499202324,240,540,ADL
1499202327,240,540,ADL
1499202330,240,540,ADL
1499202333,240,540,ADL
1499202336,240,540,ADL
1499202339,240,540,ADL
1499202342,240,540,ADL
1499202345,240,540,ADL
1499202348,240,540,ADL
1499202351,240,540,ADL
1499202354,240,540,ADL
1499202357,240,540,ADL
1499202360,240,540,ADL
1499202363,240,540,ADL
1499202366,240,540,ADL
1499202369,240,540,ADL
1499202372,240,540,ADL
1499202375,240,540,ADL
1499202378,240,540,ADL
1499202381,240,540,ADL
1499202384,240,540,ADL
1499202387,240,540,ADL
1499202390,240,540,ADL
1499202393,240,540,ADL
1499202396,240,540,ADL
1499202399,240,540,ADL
1499202402,240,540,ADL
1499202405,240,540,ADL
1499202408,240,540,ADL
1499202411,240,540,ADL
1499202414,240,540,ADL
1499202417,240,540,ADL
1499202420,240,540,ADL
1499202423,240,540,ADL
1499202426,240,540,ADL
1499202429,240,540,ADL
1499202432,240,540,ADL
1499202435,240,540,ADL
1499202438,240,540,ADL
1499202441,240,540,ADL
1499202444,240,540,ADL
1499202447,240,540,ADL
1499202450,240,540,ADL
1499202453,240,540,ADL
1499202456,240,540,ADL
1499202459,240,540,ADL
1499202462,240,540,ADL
1499202465,240,540,ADL
1499202468,240,540,ADL
1499202471,240,540,ADL
1499202474,240,540,ADL
1499202477,240,540,ADL
1499202480,240,540,ADL
1499202483,240,540,ADL
1499202486,240,540,ADL
1499202489,240,540,ADL
1499202492,240,540,ADL
1499202495,240,540,ADL
1499202498,240,540,ADL
1499202501,240,540,ADL
1499202504,240,540,ADL
1499202507,240,540,ADL
1499202510,240,540,ADL
1499202513,240,540,ADL
1499202516,240,540,ADL
1499202519,240,540,ADL
1499202522,240,540,ADL
1499202525,240,540,ADL
1499202528,240,540,ADL
1499202531,240,540,ADL
1499202534,240,540,ADL
1499202537,240,540,ADL
1499202540,240,540,ADL
1499202543,240,540,ADL
1499202546,240,540,ADL
1499202549,240,540,ADL
1499202552,240,540,ADL
1499202555,240,540,ADL
1499202558,240,540,ADL
1499202561,240,540,ADL
1499202564,240,540,ADL
1499202567,240,540,ADL
1499202570,240,540,ADL
1499202573,240,540,ADL
1499202576,240,540,ADL
1499202579,240,540,ADL
1499202582,240,540,ADL
1499202585,240,540,ADL
1499202588,240,540,ADL
1499202591,240,540,ADL
1499202594,240,540,ADL
1499202597,240,540,ADL
1499202600,240,540,ADL
1499202603,240,540,ADL
1499202606,240,540,ADL
1499202609,240,540,ADL
1499202612,240,540,ADL
1499202615,240,540,ADL
1499202618,240,540,ADL
1499202621,240,540,ADL
1499202624,240,540,ADL
1499202627,240,540,ADL
1499202630,240,540,ADL
1499202633,240,540,ADL
1499202636,240,540,ADL
1499202639,240,540,ADL
1499202642,240,540,ADL
1499202645,240,540,ADL
1499202648,240,540,ADL
1499202651,240,540,ADL
1499202654,240,540,ADL
1499202657,240,540,ADL
1499202660,240,540,ADL
1499202663,240,540,ADL
1499202666,240,540,ADL
1499202669,240,540,ADL
1499202672,240,540,ADL
1499202675,240,540,ADL
1499202678,240,540,ADL
1499202681,240,540,ADL
1499202684,240,540,ADL
1499202687,240,540,ADL
1499202690,240,540,ADL
1499202693,240,540,ADL
1499202696,240,540,ADL
1499202699,240,540,ADL
1499202702,240,540,ADL
1499202705,240,540,ADL
1499202708,240,540,ADL
1499202711,240,540,ADL
1499202714,240,540,ADL
1499202717,240,540,ADL
1499202720,240,540,ADL
1499202723,240,540,ADL
1499202726,240,540,ADL
1499202729,240,540,ADL
1499202732,240,540,ADL
1499202735,240,540,ADL
1499202738,240,540,ADL
1499202741,240,540,ADL
1499202744,240,540,ADL
1499202747,240,540,ADL
1499202750,240,540,ADL
1499202753,240,540,ADL
1499202756,240,540,ADL
1499202759,240,540,ADL
1499202762,240,540,ADL
1499202765,240,540,ADL
1499202768,240,540,ADL
1499202771,240,540,ADL
1499202774,240,540,ADL
1499202777,240,540,ADL
1499202780,240,540,ADL
1499202783,240,540,ADL
1499202786,240,540,ADL
1499202789,240,540,ADL
1499202792,240,540,ADL
1499202795,240,540,ADL
1499202798,240,540,ADL
1499202801,240,540,ADL
1499202804,240,540,ADL
1499202807,240,540,ADL
1499202810,240,540,ADL
1499202813,240,540,ADL
1499202816,240,540,ADL
1499202819,240,540,ADL
1499202822,240,540,ADL
1499202825,240,540,ADL
1499202828,240,540,ADL
1499202831,240,540,ADL
1499202834,240,540,ADL
1499202837,240,540,ADL
1499202840,240,540,ADL
1499202843,240,540,ADL
1499202846,240,540,ADL
1499202849,240,540,ADL
1499202852,240,540,ADL
1499202855,240,540,ADL
1499202858,240,540,ADL
1499202861,240,540,ADL
1499202864,240,540,ADL
1499202867,240,540,ADL
1499202870,240,540,ADL
1499202873,240,540,ADL
1499202876,240,540,ADL
1499202879,240,540,ADL
1499202882,240,540,ADL
1499202885,240,540,ADL
1499202888,240,540,ADL
1499202891,240,540,ADL
1499202894,240,540,ADL
1499202897,240,540,ADL
1499202900,240,540,ADL
1499202903,240,540,ADL
1499202906,240,540,ADL
1499202909,240,540,ADL
1499202912,240,540,ADL
1499202915,240,540,ADL
1499202918,240,540,ADL
1499202921,240,540,ADL
1499202924,240,540,ADL
1499202927,240,540,ADL
1499202930,240,540,ADL
1499202933,240,540,ADL
1499202936,240,540,ADL
1499202939,240,540,ADL
1499202942,240,540,ADL
1499202945,240,540,ADL
1499202948,240,540,ADL
1499202951,240,540,ADL
1499202954,240,540,ADL
1499202957,240,540,ADL
1499202960,240,540,ADL
1499202963,240,540,ADL
1499202966,240,540,ADL
1499202969,240,540,ADL
1499202972,240,540,ADL
1499202975,240,540,ADL
1499202978,240,540,ADL
1499202981,240,540,ADL
1499202984,240,540,ADL
1499202987,240,540,ADL
1499202990,240,540,ADL
1499202993,240,540,ADL
1499202996,240,540,ADL
1499202999,240,540,ADL
1499203002,295,710,ADL
1499203005,295,710,ADL
1499203008,295,710,ADL
1499203011,295,710,ADL
1499203014,295,710,ADL
1499203017,295,710,ADL
1499203020,295,710,ADL
1499203023,295,710,ADL
1499203026,295,710,ADL
1499203029,295,710,ADL
1499203032,50,940,ADL
1499203035,50,940,ADL
1499203038,50,940,ADL
1499203041,50,940,ADL
1499203044,50,940,ADL
1499203047,50,940,ADL
1499203050,50,940,ADL
1499203053,50,940,ADL
1499203056,50,940,ADL
1499203059,50,940,ADL
1499203062,50,940,ADL
1499203065,50,940,ADL
1499203068,295,710,ADL
1499203071,50,940,ADL
1499203074,50,940,ADL
1499203077,50,940,ADL
1499203080,50,940,ADL
1499203083,50,940,ADL
1499203086,50,940,ADL
1499203089,50,940,ADL
1499203092,50,940,ADL
1499203095,50,940,ADL
1499203098,50,940,ADL
1499203101,50,940,ADL
1499203104,50,940,ADL
1499203107,50,940,ADL
1499203110,50,940,ADL
1499203113,50,940,ADL
1499203116,50,940,ADL
1499203119,50,940,ADL
1499203122,50,940,ADL
1499203125,50,940,ADL
1499203128,50,940,ADL
1499203131,50,940,ADL
1499203134,50,940,ADL
1499203137,50,940,ADL
1499203140,50,940,ADL
1499203143,50,940,ADL
1499203146,50,940,ADL
1499203149,50,940,ADL
1499203152,50,940,ADL
1499203155,50,940,ADL
1499203158,50,940,ADL
1499203161,50,940,ADL
1499203164,50,940,ADL
1499203167,50,940,ADL
1499203170,50,940,ADL
1499203173,50,940,ADL
1499203176,50,940,ADL
1499203179,50,940,ADL
1499203182,50,940,ADL
1499203185,50,940,ADL
1499203188,50,940,ADL
1499203191,50,940,ADL
1499203194,50,940,ADL
1499203197,50,940,ADL
1499203200,50,940,ADL
1499203203,50,940,ADL
1499203206,50,940,ADL
1499203209,50,940,ADL
1499203212,50,940,ADL
1499203215,50,940,ADL
1499203218,50,940,ADL
1499203221,50,940,ADL
1499203224,50,940,ADL
1499203227,50,940,ADL
1499203230,50,940,ADL
1499203233,50,940,ADL
1499203236,50,940,ADL
1499203239,50,940,ADL
1499203242,50,940,ADL
1499203245,50,940,ADL
1499203248,50,940,ADL
1499203251,50,940,ADL
1499203254,50,940,ADL
1499203257,50,940,ADL
1499203260,50,940,ADL
1499203263,50,940,ADL
1499203266,50,940,ADL
1499203269,50,940,ADL
1499203272,50,940,ADL
1499203275,50,940,ADL
1499203278,50,940,ADL
1499203281,50,940,ADL
1499203284,50,940,ADL
1499203287,50,940,ADL
1499203290,50,940,ADL
1499203293,50,940,ADL
1499203296,50,940,ADL
1499203299,50,940,ADL
1499203302,50,940,ADL
1499203305,50,940,ADL
1499203308,50,940,ADL
1499203311,50,940,ADL
1499203314,50,940,ADL
1499203317,50,940,ADL
1499203320,50,940,ADL
1499203323,50,940,ADL
1499203326,50,940,ADL
1499203329,50,940,ADL
1499203332,50,940,ADL
1499203335,50,940,ADL
1499203338,50,940,ADL
1499203341,50,940,ADL
1499203344,50,940,ADL
1499203347,50,940,ADL
1499203350,50,940,ADL
1499203353,50,940,ADL
1499203356,50,940,ADL
1499203359,50,940,ADL
1499203362,50,940,ADL
1499203365,50,940,ADL
1499203368,50,940,ADL
1499203371,50,940,ADL
1499203374,50,940,ADL
1499203377,50,940,ADL
1499203380,50,940,ADL
1499203383,50,940,ADL
1499203386,50,940,ADL
1499203389,50,940,ADL
1499203392,240,540,ADL
1499203395,240,540,ADL
1499203398,240,540,ADL
1499203401,240,540,ADL
1499203404,240,540,ADL
1499203407,240,540,ADL
1499203410,240,540,ADL
1499203413,240,540,ADL
1499203416,240,540,ADL
1499203419,240,540,ADL
1499203422,240,540,ADL
1499203425,240,540,ADL
1499203428,240,540,ADL
1499203431,240,540,ADL
1499203434,50,940,ADL
1499203437,50,940,ADL
1499203440,50,940,ADL
1499203443,295,710,ADL
1499203446,295,710,ADL
1499203449,295,710,ADL
1499203452,295,710,ADL
1499203455,295,710,ADL
1499203458,240,540,ADL
1499203461,240,540,ADL
1499203464,240,540,ADL
1499203467,240,540,ADL
1499203470,240,540,ADL
1499203473,240,540,ADL
1499203476,240,540,ADL
1499203479,240,540,ADL
1499203482,240,540,ADL
1499203485,570,890,ADL
1499203488,570,890,ADL
1499203491,570,890,ADL
1499203494,570,890,ADL
1499203497,570,890,ADL
1499203500,570,890,ADL
1499203503,570,890,ADL
1499203506,570,890,ADL
1499203509,570,890,ADL
1499203512,570,890,ADL
1499203515,150,885,ADL
1499203518,150,885,ADL
1499203521,150,885,ADL
1499203524,150,885,ADL
1499203527,150,885,ADL
1499203530,150,885,ADL
1499203533,150,885,ADL
1499203536,150,885,ADL
1499203539,150,885,ADL
1499203542,150,885,ADL
1499203545,150,885,ADL
1499203548,150,885,ADL
1499203551,150,885,ADL
1499203554,150,885,ADL
1499203557,150,885,ADL
1499203560,295,710,ADL
1499203563,295,710,ADL
1499203566,295,710,ADL
1499203569,295,710,ADL
1499203572,295,710,ADL
1499203575,295,710,ADL
1499203578,295,710,ADL
1499203581,295,710,ADL
1499203584,295,710,ADL
1499203587,295,710,ADL
1499203590,295,710,ADL
1499203593,295,710,ADL
1499203596,295,710,ADL
1499203599,295,710,ADL
1499203602,295,710,ADL
1499203605,295,710,ADL
1499203608,295,710,ADL
1499203611,570,890,ADL
1499203614,570,890,ADL
1499203617,570,890,ADL
1499203620,570,890,ADL
1499203623,570,890,ADL
1499203626,570,890,ADL
1499203629,570,890,ADL
1499203632,570,890,ADL
1499203635,570,890,ADL
1499203638,570,890,ADL
1499203641,240,540,ADL
1499203644,240,540,ADL
1499203647,240,540,ADL
1499203650,240,540,ADL
1499203653,240,540,ADL
1499203656,240,540,ADL
1499203659,240,540,ADL
1499203662,240,540,ADL
1499203665,240,540,ADL
1499203668,240,540,ADL
1499203671,240,540,ADL
1499203674,240,540,ADL
1499203677,240,540,ADL
1499203680,240,540,ADL
1499203683,240,540,ADL
1499203686,240,540,ADL
1499203689,240,540,ADL
1499203692,240,540,ADL
1499203695,240,540,ADL
1499203698,240,540,ADL
1499203701,240,540,ADL
1499203704,240,540,ADL
1499203707,240,540,ADL
1499203710,240,540,ADL
1499203713,240,540,ADL
1499203716,240,540,ADL
1499203719,250,1020,ADL
1499203722,250,1020,ADL
1499203725,250,1020,ADL
1499203728,250,1020,ADL
1499203731,250,1020,ADL
1499203734,250,1020,ADL
1499203737,250,1020,ADL
1499203740,250,1020,ADL
1499203743,340,330,ADL
1499203746,340,330,ADL
1499203749,340,330,ADL
1499203752,340,330,ADL
1499203755,340,330,ADL
1499203758,340,330,ADL
1499203761,340,330,ADL
1499203764,340,330,ADL
1499203767,340,330,ADL
1499203770,340,330,ADL
1499203773,340,330,ADL
1499203776,340,330,ADL
1499203779,340,330,ADL
1499203782,340,330,ADL
1499203785,340,330,ADL
1499203788,340,330,ADL
1499203791,340,330,ADL
1499203794,340,330,ADL
1499203797,340,330,ADL
1499203800,340,330,ADL
1499203803,340,330,ADL
1499203806,340,330,ADL
1499203809,340,330,ADL
1499203812,340,330,ADL
1499203815,340,330,ADL
1499203818,340,330,ADL
1499203821,340,330,ADL
1499203824,340,330,ADL
1499203827,340,330,ADL
1499203830,340,330,ADL
1499203833,340,330,ADL
1499203836,340,330,ADL
1499203839,340,330,ADL
1499203842,340,330,ADL
1499203845,340,330,ADL
1499203848,340,330,ADL
1499203851,340,330,ADL
1499203854,340,330,ADL
1499203857,340,330,ADL
1499203860,340,330,ADL
1499203863,340,330,ADL
1499203866,340,330,ADL
1499203869,340,330,ADL
1499203872,340,330,ADL
1499203875,340,330,ADL
1499203878,340,330,ADL
1499203881,340,330,ADL
1499203884,340,330,ADL
1499203887,340,330,ADL
1499203890,340,330,ADL
1499203893,340,330,ADL
1499203896,340,330,ADL
1499203899,340,330,ADL
1499203902,340,330,ADL
1499203905,340,330,ADL
1499203908,340,330,ADL
1499203911,340,330,ADL
1499203914,340,330,ADL
1499203917,340,330,ADL
1499203920,340,330,ADL
1499203923,340,330,ADL
1499203926,340,330,ADL
1499203929,340,330,ADL
1499203932,340,330,ADL
1499203935,340,330,ADL
1499203938,340,330,ADL
1499203941,340,330,ADL
1499203944,340,330,ADL
1499203947,340,330,ADL
1499203950,340,330,ADL
1499203953,340,330,ADL
1499203956,340,330,ADL
1499203959,340,330,ADL
1499203962,340,330,ADL
1499203965,340,330,ADL
1499203968,340,330,ADL
1499203971,340,330,ADL
1499203974,340,330,ADL
1499203977,340,330,ADL
1499203980,340,330,ADL
1499203983,340,330,ADL
1499203986,340,330,ADL
1499203989,340,330,ADL
1499203992,340,330,ADL
1499203995,340,330,ADL
1499203998,340,330,ADL
1499204001,340,330,ADL
1499204004,340,330,ADL
1499204007,340,330,ADL
1499204010,340,330,ADL
1499204013,340,330,ADL
1499204016,340,330,ADL
1499204019,340,330,ADL
1499204022,340,330,ADL
1499204025,340,330,ADL
1499204028,340,330,ADL
1499204031,340,330,ADL
1499204034,340,330,ADL
1499204037,340,330,ADL
1499204040,340,330,ADL
1499204043,340,330,ADL
1499204046,340,330,ADL
1499204049,340,330,ADL
1499204052,340,330,ADL
1499204055,340,330,ADL
1499204058,340,330,ADL
1499204061,340,330,ADL
1499204064,340,330,ADL
1499204067,340,330,ADL
1499204070,340,330,ADL
1499204073,340,330,ADL
1499204076,340,330,ADL
1499204079,340,330,ADL
1499204082,340,330,ADL
1499204085,340,330,ADL
1499204088,340,330,ADL
1499204091,340,330,ADL
1499204094,340,330,ADL
1499204097,340,330,ADL
1499204100,340,330,ADL
1499204103,340,330,ADL
1499204106,340,330,ADL
1499204109,340,330,ADL
1499204112,340,330,ADL
1499204115,340,330,ADL
1499204118,340,330,ADL
1499204121,340,330,ADL
1499204124,340,330,ADL
1499204127,340,330,ADL
1499204130,340,330,ADL
1499204133,340,330,ADL
1499204136,340,330,ADL
1499204139,340,330,ADL
1499204142,340,330,ADL
1499204145,340,330,ADL
1499204148,340,330,ADL
1499204151,340,330,ADL
1499204154,340,330,ADL
1499204157,340,330,ADL
1499204160,340,330,ADL
1499204163,340,330,ADL
1499204166,340,330,ADL
1499204169,340,330,ADL
1499204172,340,330,ADL
1499204175,340,330,ADL
1499204178,340,330,ADL
1499204181,340,330,ADL
1499204184,340,330,ADL
1499204187,340,330,ADL
1499204190,340,330,ADL
1499204193,340,330,ADL
1499204196,340,330,ADL
1499204199,340,330,ADL
1499204202,340,330,ADL
1499204205,340,330,ADL
1499204208,340,330,ADL
1499204211,340,330,ADL
1499204214,340,330,ADL
1499204217,340,330,ADL
1499204220,340,330,ADL
1499204223,340,330,ADL
1499204226,340,330,ADL
1499204229,340,330,ADL
1499204232,340,330,ADL
1499204235,340,330,ADL
1499204238,340,330,ADL
1499204241,340,330,ADL
1499204244,340,330,ADL
1499204247,340,330,ADL
1499204250,340,330,ADL
1499204253,340,330,ADL
1499204256,340,330,ADL
1499204259,340,330,ADL
1499204262,340,330,ADL
1499204265,340,330,ADL
1499204268,340,330,ADL
1499204271,340,330,ADL
1499204274,340,330,ADL
1499204277,340,330,ADL
1499204280,340,330,ADL
1499204283,340,330,ADL
1499204286,340,330,ADL
1499204289,340,330,ADL
1499204292,340,330,ADL
1499204295,340,330,ADL
1499204298,340,330,ADL
1499204301,340,330,ADL
1499204304,340,330,ADL
1499204307,340,330,ADL
1499204310,340,330,ADL
1499204313,340,330,ADL
1499204316,340,330,ADL
1499204319,340,330,ADL
1499204322,340,330,ADL
1499204325,340,330,ADL
1499204328,340,330,ADL
1499204331,340,330,ADL
1499204334,340,330,ADL
1499204337,340,330,ADL
1499204340,340,330,ADL
1499204343,340,330,ADL
1499204346,340,330,ADL
1499204349,340,330,ADL
1499204352,340,330,ADL
1499204355,340,330,ADL
1499204358,340,330,ADL
1499204361,340,330,ADL
1499204364,340,330,ADL
1499204367,340,330,ADL
1499204370,340,330,ADL
1499204373,340,330,ADL
1499204376,340,330,ADL
1499204379,340,330,ADL
1499204382,340,330,ADL
1499204385,340,330,ADL
1499204388,340,330,ADL
1499204391,340,330,ADL
1499204394,340,330,ADL
1499204397,340,330,ADL
1499204400,340,330,ADL
1499204403,340,330,ADL
1499204406,340,330,ADL
1499204409,340,330,ADL
1499204412,340,330,ADL
1499204415,340,330,ADL
1499204418,340,330,ADL
1499204421,340,330,ADL
1499204424,340,330,ADL
1499204427,340,330,ADL
1499204430,340,330,ADL
1499204433,340,330,ADL
1499204436,340,330,ADL
1499204439,340,330,ADL
1499204442,340,330,ADL
1499204445,340,330,ADL
1499204448,340,330,ADL
1499204451,340,330,ADL
1499204454,340,330,ADL
1499204457,340,330,ADL
1499204460,340,330,ADL
1499204463,340,330,ADL
1499204466,340,330,ADL
1499204469,340,330,ADL
1499204472,340,330,ADL
1499204475,340,330,ADL
1499204478,340,330,ADL
1499204481,340,330,ADL
1499204484,340,330,ADL
1499204487,340,330,ADL
1499204490,340,330,ADL
1499204493,340,330,ADL
1499204496,340,330,ADL
1499204499,340,330,ADL
1499204502,340,330,ADL
1499204505,340,330,ADL
1499204508,340,330,ADL
1499204511,340,330,ADL
1499204514,340,330,ADL
1499204517,340,330,ADL
1499204520,340,330,ADL
1499204523,340,330,ADL
1499204526,340,330,ADL
1499204529,340,330,ADL
1499204532,340,330,ADL
1499204535,340,330,ADL
1499204538,340,330,ADL
1499204541,340,330,ADL
1499204544,340,330,ADL
1499204547,340,330,ADL
1499204550,340,330,ADL
1499204553,340,330,ADL
1499204556,340,330,ADL
1499204559,340,330,ADL
1499204562,340,330,ADL
1499204565,340,330,ADL
1499204568,340,330,ADL
1499204571,340,330,ADL
1499204574,340,330,ADL
1499204577,340,330,ADL
1499204580,340,330,ADL
1499204583,340,330,ADL
1499204586,340,330,ADL
1499204589,340,330,ADL
1499204592,340,330,ADL
1499204595,340,330,ADL
1499204598,340,330,ADL
1499204601,340,330,ADL
1499204604,340,330,ADL
1499204607,340,330,ADL
1499204610,340,330,ADL
1499204613,340,330,ADL
1499204616,340,330,ADL
1499204619,340,330,ADL
1499204622,340,330,ADL
1499204625,340,330,ADL
1499204628,340,345,ADL
1499204631,340,345,ADL
1499204634,340,345,ADL
1499204637,340,345,ADL
1499204640,340,345,ADL
1499204643,340,345,ADL
1499204646,340,345,ADL
1499204649,340,345,ADL
1499204652,340,345,ADL
1499204655,340,345,ADL
1499204658,340,345,ADL
1499204661,340,345,ADL
1499204664,340,345,ADL
1499204667,340,345,ADL
1499204670,340,345,ADL
1499204673,340,345,ADL
1499204676,340,345,ADL
1499204679,340,345,ADL
1499204682,340,345,ADL
1499204685,340,345,ADL
1499204688,340,345,ADL
1499204691,340,345,ADL
1499204694,340,345,ADL
1499204697,340,345,ADL
1499204700,340,345,ADL
1499204703,340,345,ADL
1499204706,340,345,ADL
1499204709,340,345,ADL
1499204712,340,345,ADL
1499204715,340,345,ADL
1499204718,340,345,ADL
1499204721,340,345,ADL
1499204724,340,345,ADL
1499204727,340,345,ADL
1499204730,340,345,ADL
1499204733,340,345,ADL
1499204736,340,345,ADL
1499204739,340,345,ADL
1499204742,340,345,ADL
1499204745,340,345,ADL
1499204748,340,345,ADL
1499204751,340,345,ADL
1499204754,340,345,ADL
1499204757,340,345,ADL
1499204760,340,345,ADL
1499204763,340,345,ADL
1499204766,340,345,ADL
1499204769,340,345,ADL
1499204772,340,345,ADL
1499204775,340,345,ADL
1499204778,340,345,ADL
1499204781,340,345,ADL
1499204784,340,345,ADL
1499204787,340,345,ADL
1499204790,340,345,ADL
1499204793,340,345,ADL
1499204796,340,345,ADL
1499204799,340,345,ADL
1499204802,340,345,ADL
1499204805,340,345,ADL
1499204808,340,345,ADL
1499204811,340,345,ADL
1499204814,340,345,ADL
1499204817,340,345,ADL
1499204820,340,345,ADL
1499204823,340,345,ADL
1499204826,340,345,ADL
1499204829,340,345,ADL
1499204832,340,345,ADL
1499204835,340,345,ADL
1499204838,340,345,ADL
1499204841,340,345,ADL
1499204844,340,345,ADL
1499204847,340,345,ADL
1499204850,340,345,ADL
1499204853,340,345,ADL
1499204856,340,345,ADL
1499204859,340,345,ADL
1499204862,340,345,ADL
1499204865,340,345,ADL
1499204868,340,345,ADL
1499204871,340,345,ADL
1499204874,340,345,ADL
1499204877,340,345,ADL
1499204880,340,345,ADL
1499204883,340,345,ADL
1499204886,340,345,ADL
1499204889,340,345,ADL
1499204892,340,345,ADL
1499204895,340,345,ADL
1499204898,340,345,ADL
1499204901,340,345,ADL
1499204904,340,345,ADL
1499204907,340,345,ADL
1499204910,340,345,ADL
1499204913,340,345,ADL
1499204916,340,345,ADL
1499204919,340,345,ADL
1499204922,340,345,ADL
1499204925,340,345,ADL
1499204928,340,345,ADL
1499204931,340,345,ADL
1499204934,340,345,ADL
1499204937,340,345,ADL
1499204940,340,345,ADL
1499204943,340,345,ADL
1499204946,340,345,ADL
1499204949,340,345,ADL
1499204952,340,345,ADL
1499204955,340,345,ADL
1499204958,340,345,ADL
1499204961,340,345,ADL
1499204964,340,345,ADL
1499204967,340,345,ADL
1499204970,340,345,ADL
1499204973,340,345,ADL
1499204976,340,345,ADL
1499204979,340,345,ADL
1499204982,340,345,ADL
1499204985,340,345,ADL
1499204988,340,345,ADL
1499204991,340,345,ADL
1499204994,340,345,ADL
1499204997,340,345,ADL
1499205000,340,345,ADL
1499205003,340,345,ADL
1499205006,340,345,ADL
1499205009,340,345,ADL
1499205012,340,345,ADL
1499205015,340,345,ADL
1499205018,340,345,ADL
1499205021,340,345,ADL
1499205024,340,345,ADL
1499205027,340,345,ADL
1499205030,340,345,ADL
1499205033,340,345,ADL
1499205036,340,345,ADL
1499205039,340,345,ADL
1499205042,340,345,ADL
1499205045,340,345,ADL
1499205048,340,345,ADL
1499205051,340,345,ADL
1499205054,340,345,ADL
1499205057,340,345,ADL
1499205060,340,345,ADL
1499205063,340,345,ADL
1499205066,340,345,ADL
1499205069,340,345,ADL
1499205072,340,345,ADL
1499205075,340,345,ADL
1499205078,340,345,ADL
1499205081,340,345,ADL
1499205084,340,345,ADL
1499205087,340,345,ADL
1499205090,340,345,ADL
1499205093,340,345,ADL
1499205096,340,345,ADL
1499205099,340,345,ADL
1499205102,340,345,ADL
1499205105,340,345,ADL
1499205108,340,345,ADL
1499205111,340,345,ADL
1499205114,340,345,ADL
1499205117,340,345,ADL
1499205120,340,345,ADL
1499205123,340,345,ADL
1499205126,340,345,ADL
1499205129,340,345,ADL
1499205132,340,345,ADL
1499205135,340,345,ADL
1499205138,340,345,ADL
1499205141,340,345,ADL
1499205144,340,345,ADL
1499205147,340,345,ADL
1499205150,570,890,ADL
1499205153,570,890,ADL
1499205156,570,890,ADL
1499205159,570,890,ADL
1499205162,570,890,ADL
1499205165,570,890,ADL
1499205168,570,890,ADL
1499205171,570,890,ADL
1499205174,570,890,ADL
1499205177,570,890,ADL
1499205180,570,890,ADL
1499205183,570,890,ADL
1499205186,570,890,ADL
1499205189,570,890,ADL
1499205192,570,890,ADL
1499205195,570,890,ADL
1499205198,570,890,ADL
1499205201,570,890,ADL
1499205204,570,890,ADL
1499205207,570,890,ADL
1499205210,570,890,ADL
1499205213,570,890,ADL
1499205216,570,890,ADL
1499205219,570,890,ADL
1499205222,570,890,ADL
1499205225,570,890,ADL
1499205228,570,890,ADL
1499205231,570,890,ADL
1499205234,570,890,ADL
1499205237,570,890,ADL
1499205240,570,890,ADL
1499205243,570,890,ADL
1499205246,570,890,ADL
1499205249,570,890,ADL
1499205252,570,890,ADL
1499205255,570,890,ADL
1499205258,570,890,ADL
1499205261,570,890,ADL
1499205264,570,890,ADL
1499205267,570,890,ADL
1499205270,570,890,ADL
1499205273,570,890,ADL
1499205276,570,890,ADL
1499205279,570,890,ADL
1499205282,570,890,ADL
1499205285,570,890,ADL
1499205288,570,890,ADL
1499205291,570,890,ADL
1499205294,570,890,ADL
1499205297,570,890,ADL
1499205300,570,890,ADL
1499205303,570,890,ADL
1499205306,570,890,ADL
1499205309,570,890,ADL
1499205312,570,890,ADL
1499205315,570,890,ADL
1499205318,50,840,ADL
1499205321,50,840,ADL
1499205324,50,840,ADL
1499205327,50,840,ADL
1499205330,50,840,ADL
1499205333,50,840,ADL
1499205336,50,840,ADL
1499205339,50,840,ADL
1499205342,50,840,ADL
1499205345,50,840,ADL
1499205348,50,840,ADL
1499205351,50,840,ADL
1499205354,50,840,ADL
1499205357,50,840,ADL
1499205360,50,840,ADL
1499205363,50,840,ADL
1499205366,50,840,ADL
1499205369,50,840,ADL
1499205372,50,840,ADL
1499205375,50,840,ADL
1499205378,50,840,ADL
1499205381,50,840,ADL
1499205384,50,840,ADL
1499205387,50,840,ADL
1499205390,50,840,ADL
1499205393,50,840,ADL
1499205396,50,840,ADL
1499205399,50,840,ADL
1499205402,50,840,ADL
1499205405,50,840,ADL
1499205408,50,840,ADL
1499205411,50,840,ADL
1499205414,50,840,ADL
1499205417,50,840,ADL
1499205420,50,840,ADL
1499205423,50,840,ADL
1499205426,50,840,ADL
1499205429,50,840,ADL
1499205432,50,840,ADL
1499205435,50,840,ADL
1499205438,50,840,ADL
1499205441,50,840,ADL
1499205444,50,840,ADL
1499205447,50,840,ADL
1499205450,50,840,ADL
1499205453,50,840,ADL
1499205456,50,840,ADL
1499205459,50,840,ADL
1499205462,50,840,ADL
1499205465,50,840,ADL
1499205468,50,840,ADL
1499205471,50,840,ADL
1499205474,50,840,ADL
1499205477,50,840,ADL
1499205480,50,840,ADL
1499205483,50,840,ADL
1499205486,50,840,ADL
1499205489,50,840,ADL
1499205492,50,840,ADL
1499205495,50,840,ADL
1499205498,50,840,ADL
1499205501,50,840,ADL
1499205504,50,840,ADL
1499205507,50,840,ADL
1499205510,50,840,ADL
1499205513,50,840,ADL
1499205516,50,840,ADL
1499205519,50,840,ADL
1499205522,50,840,ADL
1499205525,50,840,ADL
1499205528,50,840,ADL
1499205531,50,840,ADL
1499205534,50,840,ADL
1499205537,50,840,ADL
1499205540,50,840,ADL
1499205543,50,840,ADL
1499205546,50,840,ADL
1499205549,50,840,ADL
1499205552,50,840,ADL
1499205555,50,840,ADL
1499205558,50,840,ADL
1499205561,570,890,ADL
1499205564,570,890,ADL
1499205567,570,890,ADL
1499205570,570,890,ADL
1499205573,570,890,ADL
1499205576,570,890,ADL
1499205579,570,890,ADL
1499205582,570,890,ADL
1499205585,570,890,ADL
1499205588,570,890,ADL
1499205591,570,890,ADL
1499205594,570,890,ADL
1499205597,570,890,ADL
1499205600,570,890,ADL
1499205603,65,160,ADL
1499205606,65,160,ADL
1499205609,65,160,ADL
1499205612,65,160,ADL
1499205615,65,160,ADL
1499205618,65,160,ADL
1499205621,65,160,ADL
1499205624,65,160,ADL
1499205627,65,160,ADL
1499205630,340,345,ADL
1499205633,340,345,ADL
1499205636,340,345,ADL
1499205639,340,345,ADL
1499205642,340,345,ADL
1499205645,340,345,ADL
1499205648,340,345,ADL
1499205651,340,345,ADL
1499205654,340,345,ADL
1499205657,340,345,ADL
1499205660,340,345,ADL
1499205663,340,345,ADL
1499205666,340,345,ADL
1499205669,340,345,ADL
1499205672,340,345,ADL
1499205675,340,345,ADL
1499205678,340,345,ADL
1499205681,340,345,ADL
1499205684,340,345,ADL
1499205687,340,345,ADL
1499205690,340,345,ADL
1499205693,340,345,ADL
1499205696,340,345,ADL
1499205699,340,345,ADL
1499205702,340,345,ADL
1499205705,340,345,ADL
1499205708,340,345,ADL
1499205711,340,345,ADL
1499205714,340,345,ADL
1499205717,340,345,ADL
1499205720,340,345,ADL
1499205723,340,345,ADL
1499205726,340,345,ADL
1499205729,340,345,ADL
1499205732,340,345,ADL
1499205735,340,345,ADL
1499205738,340,345,ADL
1499205741,340,345,ADL
1499205744,340,345,ADL
1499205747,340,345,ADL
1499205750,340,345,ADL
1499205753,340,345,ADL
1499205756,340,345,ADL
1499205759,340,345,ADL
1499205762,340,345,ADL
1499205765,340,345,ADL
1499205768,340,345,ADL
1499205770,340,345,ADL
1499205770,340,345,ADL
1499205770,340,345,ADL
1499205770,340,345,ADL
1499205770,340,345,ADL
1499205770,340,345,ADL
1499205770,340,345,ADL
1499205770,340,345,ADL
1499205770,340,345,ADL
1499205770,340,345,ADL
1499205770,340,345,ADL
1499205770,340,345,ADL
1499205770,340,345,ADL
1499205770,340,345,ADL
1499205770,340,345,ADL
1499205770,340,345,ADL
1499205770,340,345,ADL
1499205770,340,345,ADL
1499205770,340,345,ADL
1499205770,340,345,ADL
1499205770,340,345,ADL
1499205770,340,345,ADL
1499205770,340,345,ADL
