time,agentID,x,y,z,action
1,1,1.197742,0.105,5.402001,walk
2,1,1.198065,0.105,5.401716,walk
3,1,1.198387,0.105,5.40143,walk
4,1,1.19871,0.105,5.401144,walk
5,1,1.199032,0.105,5.400858,walk
6,1,1.199355,0.105,5.400572,walk
48,1,1.2,0.105,5.4,walk
51,1,1.2,0.105,5.4,walk
54,1,1.2,0.105,5.4,walk
57,1,1.2,0.105,5.4,walk
60,1,1.2,0.105,5.4,walk
63,1,1.2,0.105,5.4,walk
66,1,1.2,0.105,5.4,walk
69,1,1.2,0.105,5.4,walk
72,1,1.2,0.105,5.4,walk
75,1,1.2,0.105,5.4,walk
78,1,1.2,0.105,5.4,walk
81,1,1.566667,0.105,5.05,walk
84,1,2.666667,0.105,4,walk
87,1,3.4,0.105,3.3,walk
90,1,3.4,0.105,3.3,walk
93,1,3.4,0.105,3.3,walk
96,1,3.4,0.105,3.3,walk
99,1,3.4,0.105,3.3,walk
102,1,3.4,0.105,3.3,walk
105,1,3.4,0.105,3.3,walk
108,1,3.4,0.105,3.3,walk
111,1,3.4,0.105,3.3,walk
114,1,3.4,0.105,3.3,walk
117,1,3.4,0.105,3.3,walk
120,1,3.4,0.105,3.3,walk
123,1,3.4,0.105,3.3,walk
126,1,3.4,0.105,3.3,walk
162,1,3.4,0.105,3.3,walk
165,1,3.4,0.105,3.3,walk
171,1,3.4,0.105,3.3,walk
174,1,3.4,0.105,3.3,walk
177,1,3.4,0.105,3.3,walk
180,1,3.4,0.105,3.3,walk
182,1,3.4,0.105,3.3,walk
183,1,3.4,0.105,3.3,walk
184,1,3.4,0.105,3.3,walk
185,1,3.4,0.105,3.3,walk
186,1,3.4,0.105,3.3,walk
187,1,3.4,0.105,3.3,walk
188,1,3.4,0.105,3.3,walk
189,1,3.4,0.105,3.3,walk
192,1,3.4,0.105,3.3,walk
195,1,3.4,0.105,3.3,walk
197,1,3.4,0.105,3.3,walk
198,1,3.4,0.105,3.3,walk
199,1,3.4,0.105,3.3,walk
216,1,3.4,0.105,3.3,walk
219,1,3.4,0.105,3.3,walk
222,1,3.4,0.105,3.3,walk
225,1,3.4,0.105,3.3,walk
231,1,3.4,0.105,3.3,walk
234,1,3.4,0.105,3.3,walk
237,1,3.4,0.105,3.3,walk
239,1,3.4,0.105,3.3,walk
240,1,3.4,0.105,3.3,walk
243,1,3.4,0.105,3.3,walk
246,1,3.4,0.105,3.3,walk
249,1,3.4,0.105,3.3,walk
252,1,3.4,0.105,3.3,walk
255,1,3.4,0.105,3.3,walk
258,1,3.4,0.105,3.3,walk
264,1,3.4,0.105,3.3,walk
267,1,3.4,0.105,3.3,walk
270,1,3.4,0.105,3.3,walk
273,1,3.4,0.105,3.3,walk
276,1,3.4,0.105,3.3,walk
279,1,3.4,0.105,3.3,walk
282,1,3.4,0.105,3.3,walk
285,1,3.4,0.105,3.3,walk
288,1,3.4,0.105,3.3,walk
297,1,3.4,0.105,3.3,walk
300,1,3.4,0.105,3.3,walk
303,1,3.4,0.105,3.3,walk
306,1,3.4,0.105,3.3,walk
309,1,3.4,0.105,3.3,walk
312,1,3.4,0.105,3.3,walk
315,1,3.4,0.105,3.3,walk
336,1,3.4,0.105,3.3,walk
339,1,3.4,0.105,3.3,walk
342,1,3.4,0.105,3.3,walk
345,1,3.4,0.105,3.3,walk
348,1,3.4,0.105,3.3,walk
357,1,3.4,0.105,3.3,walk
360,1,3.4,0.105,3.3,walk
366,1,3.4,0.105,3.3,walk
369,1,3.4,0.105,3.3,walk
373,1,3.4,0.105,3.3,walk
374,1,3.4,0.105,3.3,walk
375,1,3.4,0.105,3.3,walk
376,1,3.4,0.105,3.3,walk
390,1,3.4,0.105,3.3,walk
393,1,3.4,0.105,3.3,walk
399,1,3.4,0.105,3.3,walk
405,1,3.4,0.105,3.3,walk
406,1,3.4,0.105,3.3,walk
407,1,3.4,0.105,3.3,walk
408,1,3.4,0.105,3.3,walk
409,1,3.4,0.105,3.3,walk
417,1,3.4,0.105,3.3,walk
435,1,3.4,0.105,3.3,walk
438,1,3.4,0.105,3.3,walk
444,1,3.4,0.105,3.3,walk
450,1,3.4,0.105,3.3,walk
451,1,3.4,0.105,3.3,walk
452,1,3.4,0.105,3.3,walk
453,1,3.4,0.105,3.3,walk
454,1,3.4,0.105,3.3,walk
455,1,3.4,0.105,3.3,walk
456,1,3.4,0.105,3.3,walk
477,1,3.4,0.105,3.3,walk
486,1,3.4,0.105,3.3,walk
495,1,3.4,0.105,3.3,walk
507,1,3.4,0.105,3.3,walk
510,1,3.4,0.105,3.3,walk
513,1,3.4,0.105,3.3,walk
516,1,3.4,0.105,3.3,walk
531,1,3.4,0.105,3.3,walk
542,1,3.4,0.105,3.3,walk
543,1,3.4,0.105,3.3,walk
544,1,3.4,0.105,3.3,walk
545,1,3.4,0.105,3.3,walk
546,1,3.4,0.105,3.3,walk
547,1,3.4,0.105,3.3,walk
548,1,3.4,0.105,3.3,walk
549,1,3.4,0.105,3.3,walk
550,1,3.4,0.105,3.3,walk
567,1,3.4,0.105,3.3,walk
582,1,3.4,0.105,3.3,walk
584,1,3.4,0.105,3.3,walk
585,1,3.4,0.105,3.3,walk
586,1,3.4,0.105,3.3,walk
587,1,3.4,0.105,3.3,walk
588,1,3.4,0.105,3.3,walk
589,1,3.4,0.105,3.3,walk
590,1,3.4,0.105,3.3,walk
591,1,3.4,0.105,3.3,walk
594,1,3.4,0.105,3.3,walk
606,1,3.4,0.105,3.3,walk
615,1,3.4,0.105,3.3,walk
616,1,3.4,0.105,3.3,walk
617,1,3.4,0.105,3.3,walk
618,1,3.4,0.105,3.3,walk
627,1,3.4,0.105,3.3,walk
636,1,3.4,0.105,3.3,walk
639,1,3.4,0.105,3.3,walk
644,1,3.4,0.105,3.3,walk
645,1,3.4,0.105,3.3,walk
651,1,3.4,0.105,3.3,walk
654,1,3.4,0.105,3.3,walk
657,1,3.4,0.105,3.3,walk
665,1,3.4,0.105,3.3,walk
666,1,3.4,0.105,3.3,walk
667,1,3.4,0.105,3.3,walk
669,1,3.4,0.105,3.3,walk
678,1,3.4,0.105,3.3,walk
681,1,3.4,0.105,3.3,walk
690,1,3.4,0.105,3.3,walk
691,1,3.4,0.105,3.3,walk
692,1,3.4,0.105,3.3,walk
693,1,3.4,0.105,3.3,walk
694,1,3.4,0.105,3.3,walk
695,1,3.4,0.105,3.3,walk
708,1,3.4,0.105,3.3,walk
711,1,3.4,0.105,3.3,walk
714,1,3.4,0.105,3.3,walk
729,1,3.4,0.105,3.3,walk
732,1,3.4,0.105,3.3,walk
735,1,3.4,0.105,3.3,walk
738,1,3.4,0.105,3.3,walk
741,1,3.4,0.105,3.3,walk
750,1,3.4,0.105,3.3,walk
759,1,3.4,0.105,3.3,walk
762,1,3.4,0.105,3.3,walk
765,1,3.4,0.105,3.3,walk
771,1,3.4,0.105,3.3,walk
777,1,3.4,0.105,3.3,walk
780,1,3.4,0.105,3.3,walk
783,1,3.4,0.105,3.3,walk
795,1,3.4,0.105,3.3,walk
796,1,3.4,0.105,3.3,walk
797,1,3.4,0.105,3.3,walk
798,1,3.4,0.105,3.3,walk
799,1,3.4,0.105,3.3,walk
801,1,3.4,0.105,3.3,walk
804,1,3.4,0.105,3.3,walk
807,1,3.4,0.105,3.3,walk
816,1,3.4,0.105,3.3,walk
819,1,3.4,0.105,3.3,walk
826,1,3.4,0.105,3.3,walk
827,1,3.4,0.105,3.3,walk
828,1,3.4,0.105,3.3,walk
829,1,3.4,0.105,3.3,walk
830,1,3.4,0.105,3.3,walk
831,1,3.4,0.105,3.3,walk
832,1,3.4,0.105,3.3,walk
833,1,3.4,0.105,3.3,walk
837,1,3.4,0.105,3.3,walk
840,1,3.4,0.105,3.3,walk
842,1,3.4,0.105,3.3,walk
843,1,3.4,0.105,3.3,walk
846,1,3.4,0.105,3.3,walk
849,1,3.4,0.105,3.3,walk
858,1,3.4,0.105,3.3,walk
864,1,3.4,0.105,3.3,walk
873,1,3.4,0.105,3.3,walk
874,1,3.4,0.105,3.3,walk
875,1,3.4,0.105,3.3,walk
885,1,3.4,0.105,3.3,walk
899,1,3.4,0.105,3.3,walk
900,1,3.4,0.105,3.3,walk
901,1,3.4,0.105,3.3,walk
902,1,3.4,0.105,3.3,walk
903,1,3.4,0.105,3.3,walk
906,1,3.4,0.105,3.3,walk
907,1,3.4,0.105,3.3,walk
908,1,3.4,0.105,3.3,walk
912,1,3.4,0.105,3.3,walk
915,1,3.4,0.105,3.3,walk
918,1,3.4,0.105,3.3,walk
924,1,3.4,0.105,3.3,walk
930,1,3.4,0.105,3.3,walk
933,1,3.4,0.105,3.3,walk
935,1,3.4,0.105,3.3,walk
936,1,3.4,0.105,3.3,walk
937,1,3.4,0.105,3.3,walk
938,1,3.4,0.105,3.3,walk
939,1,3.4,0.105,3.3,walk
951,1,3.4,0.105,3.3,walk
960,1,3.4,0.105,3.3,walk
966,1,3.4,0.105,3.3,walk
969,1,3.4,0.105,3.3,walk
987,1,3.4,0.105,3.3,walk
990,1,3.4,0.105,3.3,walk
993,1,3.4,0.105,3.3,walk
999,1,3.4,0.105,3.3,walk
1002,1,3.4,0.105,3.3,walk
1005,1,3.4,0.105,3.3,walk
1008,1,3.4,0.105,3.3,walk
1011,1,3.4,0.105,3.3,walk
1014,1,3.4,0.105,3.3,walk
1017,1,3.4,0.105,3.3,walk
1020,1,3.4,0.105,3.3,walk
1023,1,3.4,0.105,3.3,walk
1026,1,3.4,0.105,3.3,walk
1029,1,3.4,0.105,3.3,walk
1032,1,3.4,0.105,3.3,walk
1035,1,3.4,0.105,3.3,walk
1038,1,3.4,0.105,3.3,walk
1041,1,3.4,0.105,3.3,walk
1044,1,3.4,0.105,3.3,walk
1047,1,3.4,0.105,3.3,walk
1050,1,3.4,0.105,3.3,walk
1053,1,3.4,0.105,3.3,walk
1056,1,3.4,0.105,3.3,walk
1059,1,3.4,0.105,3.3,walk
1062,1,3.4,0.105,3.3,walk
1065,1,3.4,0.105,3.3,walk
1080,1,3.4,0.105,3.3,walk
1086,1,3.4,0.105,3.3,walk
1089,1,3.4,0.105,3.3,walk
1095,1,3.4,0.105,3.3,walk
1098,1,3.4,0.105,3.3,walk
1101,1,3.4,0.105,3.3,walk
1104,1,3.4,0.105,3.3,walk
1113,1,3.4,0.105,3.3,walk
1116,1,3.4,0.105,3.3,walk
1122,1,3.4,0.105,3.3,walk
1125,1,3.4,0.105,3.3,walk
1128,1,3.4,0.105,3.3,walk
1131,1,3.4,0.105,3.3,walk
1140,1,3.4,0.105,3.3,walk
1143,1,3.4,0.105,3.3,walk
1149,1,3.4,0.105,3.3,walk
1152,1,3.4,0.105,3.3,walk
1158,1,3.4,0.105,3.3,walk
1161,1,3.4,0.105,3.3,walk
1164,1,3.4,0.105,3.3,walk
1170,1,3.4,0.105,3.3,walk
1173,1,3.4,0.105,3.3,walk
1176,1,3.4,0.105,3.3,walk
1179,1,3.4,0.105,3.3,walk
1182,1,3.4,0.105,3.3,walk
1185,1,4.18,0.105,4.26,walk
1188,1,4.96,0.105,5.22,walk
1194,1,6,0.105,6.5,walk
1197,1,6,0.105,6.5,walk
1200,1,6,0.105,6.5,walk
1203,1,6,0.105,6.5,walk
1206,1,6,0.105,6.5,walk
1212,1,6,0.105,6.5,walk
1215,1,6,0.105,6.5,walk
1222,1,6,0.105,6.5,walk
1223,1,6,0.105,6.5,walk
1224,1,6,0.105,6.5,walk
1254,1,4.2,0.105,0.5,walk
1257,1,4.2,0.105,0.5,walk
1260,1,4.2,0.105,0.5,walk
1263,1,4.2,0.105,0.5,walk
1266,1,4.2,0.105,0.5,walk
1269,1,4.2,0.105,0.5,walk
1272,1,4.2,0.105,0.5,walk
1275,1,4.2,0.105,0.5,walk
1278,1,4.2,0.105,0.5,walk
1350,1,4.2,0.105,0.5,walk
1351,1,4.2,0.105,0.5,walk
1352,1,4.2,0.105,0.5,walk
1353,1,4.2,0.105,0.5,walk
1369,1,6,0.105,6.5,walk
1370,1,6,0.105,6.5,walk
1416,1,6,0.105,6.5,walk
1419,1,6,0.105,6.5,walk
1422,1,6,0.105,6.5,walk
1425,1,6,0.105,6.5,walk
1428,1,6,0.105,6.5,walk
1431,1,6,0.105,6.5,walk
1434,1,6,0.105,6.5,walk
1437,1,6,0.105,6.5,walk
1440,1,6,0.105,6.5,walk
1441,1,6,0.105,6.5,walk
1442,1,6,0.105,6.5,walk
1443,1,6,0.105,6.5,walk
1446,1,6,0.105,6.5,walk
1448,1,6,0.105,6.5,walk
1449,1,6,0.105,6.5,walk
1450,1,6,0.105,6.5,walk
1452,1,6,0.105,6.5,walk
1455,1,6,0.105,6.5,walk
1458,1,6,0.105,6.5,walk
1459,1,6,0.105,6.5,walk
1460,1,6,0.105,6.5,walk
1461,1,6,0.105,6.5,walk
1462,1,6,0.105,6.5,walk
1463,1,6,0.105,6.5,walk
1464,1,6,0.105,6.5,walk
1467,1,6,0.105,6.5,walk
1469,1,6,0.105,6.5,walk
1470,1,6,0.105,6.5,walk
1471,1,6,0.105,6.5,walk
1476,1,6,0.105,6.5,walk
1479,1,6,0.105,6.5,walk
1482,1,6,0.105,6.5,walk
1485,1,6.133333,0.105,6.8,walk
1488,1,6.4,0.105,7.4,walk
1491,1,6.4,0.105,7.4,walk
1494,1,6.4,0.105,7.4,walk
1497,1,6.4,0.105,7.4,walk
1509,1,6.4,0.105,7.4,walk
1512,1,6.4,0.105,7.4,walk
1515,1,6.4,0.105,7.4,walk
1518,1,6.4,0.105,7.4,walk
1521,1,6.4,0.105,7.4,walk
1524,1,6.4,0.105,7.4,walk
1527,1,6.4,0.105,7.4,walk
1530,1,6.4,0.105,7.4,walk
1533,1,6.4,0.105,7.4,walk
1536,1,6,0.105,6.5,walk
1539,1,6,0.105,4.9,walk
1542,1,5.25,0.105,5.766667,walk
1545,1,4.5,0.105,6.633333,walk
1547,1,4,0.105,7.211111,walk
1548,1,3.75,0.105,7.5,walk
1549,1,3.790909,0.105,7.452727,walk
1550,1,3.831818,0.105,7.405455,walk
1551,1,3.872727,0.105,7.358182,walk
1552,1,3.913636,0.105,7.310909,walk
1553,1,3.954545,0.105,7.263636,walk
1554,1,3.995455,0.105,7.216364,walk
1557,1,4.118182,0.105,7.074545,walk
1560,1,4.240909,0.105,6.932727,walk
1563,1,4.363636,0.105,6.790909,walk
1566,1,4.486364,0.105,6.649091,walk
1567,1,4.527273,0.105,6.601818,walk
1568,1,4.568182,0.105,6.554545,walk
1569,1,4.609091,0.105,6.507273,walk
1570,1,4.65,0.105,6.46,walk
1571,1,4.690909,0.105,6.412727,walk
1572,1,4.731818,0.105,6.365455,walk
1575,1,4.854545,0.105,6.223636,walk
1578,1,4.977273,0.105,6.081818,walk
1579,1,5.018182,0.105,6.034545,walk
1580,1,5.059091,0.105,5.987273,walk
1581,1,5.1,0.105,5.94,walk
1582,1,5.140909,0.105,5.892727,walk
1583,1,5.181818,0.105,5.845455,walk
1584,1,5.222727,0.105,5.798182,walk
1585,1,5.263636,0.105,5.750909,walk
1592,1,5.55,0.105,5.42,walk
1593,1,5.590909,0.105,5.372727,walk
1594,1,5.631818,0.105,5.325455,walk
1595,1,5.672727,0.105,5.278182,walk
1596,1,5.713636,0.105,5.230909,walk
1597,1,5.754545,0.105,5.183636,walk
1598,1,5.795455,0.105,5.136364,walk
1599,1,5.836364,0.105,5.089091,walk
1600,1,5.877273,0.105,5.041818,walk
1601,1,5.918182,0.105,4.994545,walk
1611,1,1.8,0.105,8.04,walk
1621,1,2.95,0.105,7.1,walk
1622,1,2.95,0.105,7.1,walk
1623,1,2.95,0.105,7.1,walk
1626,1,2.95,0.105,7.1,walk
1629,1,2.95,0.105,7.1,walk
1668,1,2.95,0.105,7.1,walk
1671,1,2.95,0.105,7.1,walk
1674,1,2.95,0.105,7.1,walk
1680,1,2.95,0.105,7.1,walk
1686,1,2.95,0.105,7.1,walk
1689,1,2.5,0.105,10.2,walk
1692,1,2.5,0.105,10.2,walk
1695,1,2.5,0.105,10.2,walk
1698,1,2.5,0.105,10.2,walk
1701,1,2.5,0.105,10.2,walk
1710,1,1.85,0.105,10.2,walk
1716,1,2.175,0.105,10.2,walk
1722,1,2.5,0.105,10.2,walk
1724,1,2.725,0.105,8.65,walk
1725,1,2.8375,0.105,7.875,walk
1728,1,2.95,0.105,7.1,walk
1731,1,2.95,0.105,7.1,walk
1734,1,2.95,0.105,7.1,walk
1737,1,2.95,0.105,7.1,walk
1740,1,2.95,0.105,7.1,walk
1743,1,2.95,0.105,7.1,walk
1746,1,2.95,0.105,7.1,walk
1749,1,2.95,0.105,7.1,walk
1752,1,2.95,0.105,7.1,walk
1755,1,2.95,0.105,7.1,walk
1758,1,2.95,0.105,7.1,walk
1761,1,2.95,0.105,7.1,walk
1764,1,2.95,0.105,7.1,walk
1767,1,2.95,0.105,7.1,walk
1770,1,2.95,0.105,7.1,walk
1773,1,2.95,0.105,7.1,walk
1776,1,2.95,0.105,7.1,walk
1779,1,2.95,0.105,7.1,walk
1782,1,2.95,0.105,7.1,walk
1785,1,2.95,0.105,7.1,walk
1794,1,2.95,0.105,7.1,walk
1809,1,2.95,0.105,7.1,walk
1812,1,2.95,0.105,7.1,walk
1815,1,2.95,0.105,7.1,walk
1818,1,2.95,0.105,7.1,walk
1821,1,2.95,0.105,7.1,walk
1824,1,2.95,0.105,7.1,walk
1827,1,2.95,0.105,7.1,walk
1830,1,2.5,0.105,10.2,walk
1833,1,2.5,0.105,10.2,walk
1836,1,2.5,0.105,10.2,walk
1839,1,2.5,0.105,10.2,walk
1842,1,2.5,0.105,10.2,walk
1845,1,2.77,0.105,8.34,walk
1848,1,2.95,0.105,7.1,walk
1851,1,2.95,0.105,7.1,walk
1854,1,2.95,0.105,7.1,walk
1857,1,2.95,0.105,7.1,walk
1866,1,2.95,0.105,7.1,walk
1872,1,2.95,0.105,7.1,walk
1875,1,2.95,0.105,7.1,walk
1878,1,2.95,0.105,7.1,walk
1881,1,2.95,0.105,7.1,walk
1884,1,2.95,0.105,7.1,walk
1887,1,2.95,0.105,7.1,walk
1890,1,2.95,0.105,7.1,walk
1893,1,2.95,0.105,7.1,walk
1896,1,2.95,0.105,7.1,walk
1899,1,2.95,0.105,7.1,walk
1902,1,2.95,0.105,7.1,walk
1905,1,2.95,0.105,7.1,walk
1908,1,2.95,0.105,7.1,walk
1911,1,2.95,0.105,7.1,walk
1914,1,2.95,0.105,7.1,walk
1917,1,2.95,0.105,7.1,walk
1920,1,2.95,0.105,7.1,walk
1923,1,2.95,0.105,7.1,walk
1926,1,2.95,0.105,7.1,walk
1929,1,2.95,0.105,7.1,walk
1932,1,2.95,0.105,7.1,walk
1935,1,2.95,0.105,7.1,walk
1937,1,2.95,0.105,7.1,walk
1938,1,2.95,0.105,7.1,walk
1941,1,2.95,0.105,7.1,walk
1944,1,2.95,0.105,7.1,walk
1947,1,2.95,0.105,7.1,walk
1950,1,2.95,0.105,7.1,walk
1953,1,2.95,0.105,7.1,walk
1956,1,2.95,0.105,7.1,walk
1959,1,2.95,0.105,7.1,walk
1962,1,2.95,0.105,7.1,walk
1965,1,2.95,0.105,7.1,walk
1968,1,2.95,0.105,7.1,walk
1971,1,2.95,0.105,7.1,walk
1974,1,2.95,0.105,7.1,walk
1977,1,2.95,0.105,7.1,walk
1980,1,2.95,0.105,7.1,walk
1983,1,2.95,0.105,7.1,walk
1995,1,2.95,0.105,7.1,walk
1998,1,2.95,0.105,7.1,walk
2001,1,2.95,0.105,7.1,walk
2004,1,2.95,0.105,7.1,walk
2007,1,2.95,0.105,7.1,walk
2010,1,2.95,0.105,7.1,walk
2013,1,2.95,0.105,7.1,walk
2016,1,2.95,0.105,7.1,walk
2019,1,2.95,0.105,7.1,walk
2022,1,2.95,0.105,7.1,walk
2025,1,2.95,0.105,7.1,walk
2028,1,2.95,0.105,7.1,walk
2031,1,2.95,0.105,7.1,walk
2034,1,2.95,0.105,7.1,walk
2037,1,2.95,0.105,7.1,walk
2043,1,2.95,0.105,7.1,walk
2046,1,2.95,0.105,7.1,walk
2049,1,2.95,0.105,7.1,walk
2052,1,2.95,0.105,7.1,walk
2055,1,2.95,0.105,7.1,walk
2058,1,2.95,0.105,7.1,walk
2061,1,2.95,0.105,7.1,walk
2064,1,2.95,0.105,7.1,walk
2067,1,2.95,0.105,7.1,walk
2070,1,2.95,0.105,7.1,walk
2073,1,2.95,0.105,7.1,walk
2076,1,2.95,0.105,7.1,walk
2079,1,2.95,0.105,7.1,walk
2082,1,2.95,0.105,7.1,walk
2085,1,2.95,0.105,7.1,walk
2086,1,2.95,0.105,7.1,walk
2087,1,2.95,0.105,7.1,walk
2088,1,2.95,0.105,7.1,walk
2089,1,2.95,0.105,7.1,walk
2090,1,2.95,0.105,7.1,walk
2091,1,2.84,0.105,7.41,walk
2092,1,2.73,0.105,7.72,walk
2093,1,2.62,0.105,8.03,walk
2094,1,2.51,0.105,8.34,walk
2097,1,2.18,0.105,9.27,walk
2100,1,1.85,0.105,10.2,walk
2103,1,1.85,0.105,10.2,walk
2106,1,1.85,0.105,10.2,walk
2109,1,1.85,0.105,10.2,walk
2112,1,2.07,0.105,9.58,walk
2115,1,2.73,0.105,7.72,walk
2118,1,1.316667,0.105,6.766667,walk
2127,1,0.5,0.105,6.6,walk
2130,1,0.5,0.105,6.6,walk
2133,1,2.95,0.105,7.1,walk
2139,1,2.95,0.105,7.1,walk
2142,1,2.95,0.105,7.1,walk
2144,1,2.95,0.105,7.1,walk
2145,1,2.95,0.105,7.1,walk
2146,1,2.95,0.105,7.1,walk
2147,1,2.95,0.105,7.1,walk
2148,1,2.95,0.105,7.1,walk
2151,1,2.95,0.105,7.1,walk
2154,1,2.95,0.105,7.1,walk
2157,1,2.95,0.105,7.1,walk
2160,1,2.95,0.105,7.1,walk
2163,1,2.95,0.105,7.1,walk
2166,1,2.95,0.105,7.1,walk
2169,1,2.95,0.105,7.1,walk
2172,1,2.95,0.105,7.1,walk
2175,1,2.95,0.105,7.1,walk
2178,1,2.95,0.105,7.1,walk
2181,1,2.95,0.105,7.1,walk
2184,1,2.95,0.105,7.1,walk
2187,1,2.95,0.105,7.1,walk
2190,1,2.95,0.105,7.1,walk
2193,1,2.95,0.105,7.1,walk
2196,1,2.95,0.105,7.1,walk
2199,1,2.95,0.105,7.1,walk
2202,1,2.95,0.105,7.1,walk
2205,1,2.95,0.105,7.1,walk
2208,1,2.95,0.105,7.1,walk
2211,1,2.95,0.105,7.1,walk
2214,1,2.95,0.105,7.1,walk
2217,1,2.95,0.105,7.1,walk
2220,1,2.95,0.105,7.1,walk
2223,1,2.95,0.105,7.1,walk
2226,1,2.95,0.105,7.1,walk
2229,1,2.95,0.105,7.1,walk
2232,1,2.95,0.105,7.1,walk
2235,1,2.95,0.105,7.1,walk
2238,1,2.95,0.105,7.1,walk
2241,1,2.95,0.105,7.1,walk
2244,1,2.95,0.105,7.1,walk
2247,1,2.95,0.105,7.1,walk
2250,1,2.95,0.105,7.1,walk
2253,1,2.95,0.105,7.1,walk
2256,1,2.95,0.105,7.1,walk
2259,1,2.95,0.105,7.1,walk
2262,1,2.95,0.105,7.1,walk
2265,1,2.95,0.105,7.1,walk
2268,1,2.95,0.105,7.1,walk
2271,1,2.95,0.105,7.1,walk
2274,1,2.95,0.105,7.1,walk
2277,1,2.95,0.105,7.1,walk
2280,1,2.95,0.105,7.1,walk
2283,1,2.95,0.105,7.1,walk
2286,1,2.95,0.105,7.1,walk
2289,1,2.95,0.105,7.1,walk
2292,1,2.95,0.105,7.1,walk
2295,1,2.95,0.105,7.1,walk
2298,1,2.95,0.105,7.1,walk
2301,1,2.95,0.105,7.1,walk
2304,1,2.95,0.105,7.1,walk
2307,1,2.95,0.105,7.1,walk
2310,1,2.95,0.105,7.1,walk
2313,1,2.95,0.105,7.1,walk
2316,1,2.95,0.105,7.1,walk
2319,1,2.95,0.105,7.1,walk
2322,1,2.95,0.105,7.1,walk
2325,1,2.95,0.105,7.1,walk
2328,1,2.95,0.105,7.1,walk
2331,1,2.95,0.105,7.1,walk
2334,1,2.95,0.105,7.1,walk
2337,1,2.95,0.105,7.1,walk
2340,1,2.95,0.105,7.1,walk
2343,1,2.95,0.105,7.1,walk
2346,1,2.95,0.105,7.1,walk
2349,1,2.133333,0.105,6.933333,walk
2352,1,0.5,0.105,6.6,walk
2355,1,0.5,0.105,6.6,walk
2357,1,0.5,0.105,6.6,walk
2358,1,0.9,0.105,7.32,walk
2361,1,2.1,0.105,9.48,walk
2364,1,0.5,0.105,9.4,walk
2367,1,0.5,0.105,9.4,walk
2370,1,1.316667,0.105,7.966667,walk
2373,1,2.95,0.105,7.1,walk
2376,1,2.95,0.105,7.1,walk
2379,1,2.875,0.105,7.616667,walk
2382,1,2.7625,0.105,8.391667,walk
2391,1,2.725,0.105,8.65,walk
2394,1,2.95,0.105,7.1,walk
2397,1,2.95,0.105,7.1,walk
2400,1,2.95,0.105,7.1,walk
2403,1,2.95,0.105,7.1,walk
2406,1,2.95,0.105,7.1,walk
2409,1,2.95,0.105,7.1,walk
2412,1,2.95,0.105,7.1,walk
2415,1,2.95,0.105,7.1,walk
2418,1,2.95,0.105,7.1,walk
2421,1,2.95,0.105,7.1,walk
2424,1,2.95,0.105,7.1,walk
2427,1,2.51,0.105,8.34,walk
2430,1,1.85,0.105,10.2,walk
2433,1,2.4,0.105,8.65,walk
2436,1,2.95,0.105,7.1,walk
2439,1,2.95,0.105,7.1,walk
2442,1,2.95,0.105,7.1,walk
2445,1,2.95,0.105,7.1,walk
2448,1,2.95,0.105,7.1,walk
2449,1,2.95,0.105,7.1,walk
2450,1,2.95,0.105,7.1,walk
2451,1,2.95,0.105,7.1,walk
2454,1,2.95,0.105,7.1,walk
2457,1,2.95,0.105,7.1,walk
2460,1,2.95,0.105,7.1,walk
2463,1,2.95,0.105,7.1,walk
2466,1,2.95,0.105,7.1,walk
2469,1,2.95,0.105,7.1,walk
2472,1,2.95,0.105,7.1,walk
2475,1,2.95,0.105,7.1,walk
2478,1,2.95,0.105,7.1,walk
2481,1,2.95,0.105,7.1,walk
2484,1,2.95,0.105,7.1,walk
2487,1,2.95,0.105,7.1,walk
2490,1,2.95,0.105,7.1,walk
2493,1,2.725,0.105,8.65,walk
2496,1,2.5,0.105,10.2,walk
2499,1,2.5,0.105,10.2,walk
2502,1,2.725,0.105,8.65,walk
2505,1,2.95,0.105,7.1,walk
2508,1,2.95,0.105,7.1,walk
2511,1,2.95,0.105,7.1,walk
2514,1,2.95,0.105,7.1,walk
2517,1,2.95,0.105,7.1,walk
2520,1,2.95,0.105,7.1,walk
2523,1,2.95,0.105,7.1,walk
2526,1,2.95,0.105,7.1,walk
2529,1,2.725,0.105,8.65,walk
2532,1,2.86,0.105,7.72,walk
2535,1,2.59,0.105,9.58,walk
2538,1,1.166667,0.105,7.8,walk
2541,1,0.5,0.105,6.6,walk
2544,1,0.5,0.105,6.6,walk
2547,1,0.5,0.105,6.6,walk
2550,1,0.5,0.105,6.6,walk
2553,1,1.316667,0.105,6.766667,walk
2556,1,2.95,0.105,7.1,walk
2559,1,2.95,0.105,7.1,walk
2562,1,2.95,0.105,7.1,walk
2565,1,2.95,0.105,7.1,walk
2568,1,2.95,0.105,7.1,walk
2571,1,2.95,0.105,7.1,walk
2574,1,2.95,0.105,7.1,walk
2577,1,2.95,0.105,7.1,walk
2580,1,2.95,0.105,7.1,walk
2581,1,2.95,0.105,7.1,walk
2583,1,1.725,0.105,6.85,walk
2586,1,0.5,0.105,6.6,walk
2587,1,0.5,0.105,6.6,walk
2588,1,0.5,0.105,6.6,walk
2589,1,0.558333,0.105,6.611905,walk
2590,1,0.616667,0.105,6.62381,walk
2591,1,0.675,0.105,6.635714,walk
2592,1,0.733333,0.105,6.647619,walk
2595,1,0.908333,0.105,6.683333,walk
2598,1,1.083333,0.105,6.719048,walk
2607,1,1.608333,0.105,6.82619,walk
2610,1,1.783333,0.105,6.861905,walk
2625,1,2.658333,0.105,7.040476,walk
2628,1,2.833333,0.105,7.07619,walk
2631,1,2.133333,0.105,6.933333,walk
2632,1,1.316667,0.105,6.766667,walk
2633,1,0.5,0.105,6.6,walk
2634,1,0.99,0.105,6.7,walk
2635,1,1.48,0.105,6.8,walk
2636,1,1.97,0.105,6.9,walk
2646,1,2.95,0.105,7.1,walk
2649,1,2.95,0.105,7.1,walk
2652,1,2.95,0.105,7.1,walk
2657,1,2.95,0.105,7.1,walk
2658,1,2.95,0.105,7.1,walk
2659,1,2.95,0.105,7.1,walk
2660,1,2.95,0.105,7.1,walk
2661,1,2.95,0.105,7.1,walk
2662,1,2.95,0.105,7.1,walk
2663,1,2.95,0.105,7.1,walk
2664,1,2.95,0.105,7.1,walk
2665,1,2.95,0.105,7.1,walk
2667,1,2.95,0.105,7.1,walk
2668,1,2.95,0.105,7.1,walk
2669,1,2.95,0.105,7.1,walk
2670,1,2.95,0.105,7.1,walk
2671,1,2.95,0.105,7.1,walk
2672,1,2.95,0.105,7.1,walk
2673,1,2.95,0.105,7.1,walk
2674,1,2.95,0.105,7.1,walk
2675,1,2.95,0.105,7.1,walk
2676,1,2.95,0.105,7.1,walk
2677,1,2.95,0.105,7.1,walk
2678,1,2.95,0.105,7.1,walk
2679,1,2.95,0.105,7.1,walk
2682,1,2.95,0.105,7.1,walk
2684,1,2.95,0.105,7.1,walk
2685,1,2.95,0.105,7.1,walk
2686,1,2.95,0.105,7.1,walk
2687,1,2.95,0.105,7.1,walk
2688,1,2.95,0.105,7.1,walk
2691,1,2.95,0.105,7.1,walk
2694,1,2.95,0.105,7.1,walk
2697,1,2.95,0.105,7.1,walk
2700,1,2.95,0.105,7.1,walk
2703,1,2.95,0.105,7.1,walk
2706,1,2.95,0.105,7.1,walk
2712,1,2.95,0.105,7.1,walk
2718,1,2.95,0.105,7.1,walk
2724,1,1.898148,0.105,10.2,walk
2730,1,2.042593,0.105,10.2,walk
2733,1,2.114815,0.105,10.2,walk
2736,1,2.187037,0.105,10.2,walk
2739,1,2.259259,0.105,10.2,walk
2742,1,2.331481,0.105,10.2,walk
2745,1,2.403704,0.105,10.2,walk
2760,1,1.9625,0.105,9,walk
2763,1,2.3,0.105,5.4,walk
2766,1,2.3,0.105,5.4,walk
2769,1,2.3,0.105,5.4,walk
2772,1,2.3,0.105,5.4,walk
2775,1,2.733333,0.105,6.533333,walk
2778,1,2.3,0.105,5.4,walk
2781,1,2.3,0.105,5.4,walk
2784,1,2.516667,0.105,5.966667,walk
2787,1,2.95,0.105,7.1,walk
2790,1,2.95,0.105,7.1,walk
2793,1,2.3,0.105,5.4,walk
2796,1,1.7,0.105,5.8,walk
2799,1,1.1,0.105,6.2,walk
2802,1,0.5,0.105,6.6,walk
2805,1,1.175,0.105,6.15,walk
2808,1,1.85,0.105,5.7,walk
2811,1,2.3,0.105,5.4,walk
2814,1,2.3,0.105,5.4,walk
2817,1,2.3,0.105,5.4,walk
2819,1,2.3,0.105,5.4,walk
2820,1,2.3,0.105,5.4,walk
2821,1,2.3,0.105,5.4,walk
2835,1,2.3,0.105,5.4,walk
2844,1,2.3,0.105,5.4,walk
2847,1,2.3,0.105,5.4,walk
2850,1,2.3,0.105,5.4,walk
2853,1,2.3,0.105,5.4,walk
2856,1,2.3,0.105,5.4,walk
2859,1,2.3,0.105,5.4,walk
2862,1,2.3,0.105,5.4,walk
2865,1,2.3,0.105,5.4,walk
2868,1,2.3,0.105,5.4,walk
2871,1,2.3,0.105,5.4,walk
2874,1,2.3,0.105,5.4,walk
2877,1,2.3,0.105,5.4,walk
2880,1,2.3,0.105,5.4,walk
2883,1,2.3,0.105,5.4,walk
2886,1,2.3,0.105,5.4,walk
2889,1,2.3,0.105,5.4,walk
2892,1,2.3,0.105,5.4,walk
2895,1,2.3,0.105,5.4,walk
2898,1,2.3,0.105,5.4,walk
2901,1,2.3,0.105,5.4,walk
2904,1,2.3,0.105,5.4,walk
2907,1,2.3,0.105,5.4,walk
2910,1,2.3,0.105,5.4,walk
2913,1,2.3,0.105,5.4,walk
2916,1,2.3,0.105,5.4,walk
2919,1,2.3,0.105,5.4,walk
2922,1,2.3,0.105,5.4,walk
2925,1,2.3,0.105,5.4,walk
2928,1,2.3,0.105,5.4,walk
2931,1,2.3,0.105,5.4,walk
2934,1,2.3,0.105,5.4,walk
2937,1,2.3,0.105,5.4,walk
2940,1,2.3,0.105,5.4,walk
2943,1,2.3,0.105,5.4,walk
2946,1,2.3,0.105,5.4,walk
2949,1,2.3,0.105,5.4,walk
2952,1,2.3,0.105,5.4,walk
2955,1,2.3,0.105,5.4,walk
2958,1,2.3,0.105,5.4,walk
2961,1,2.3,0.105,5.4,walk
2964,1,2.3,0.105,5.4,walk
2967,1,2.3,0.105,5.4,walk
2970,1,2.3,0.105,5.4,walk
2973,1,2.3,0.105,5.4,walk
2976,1,2.3,0.105,5.4,walk
2979,1,2.3,0.105,5.4,walk
2982,1,2.3,0.105,5.4,walk
2985,1,2.3,0.105,5.4,walk
2988,1,2.3,0.105,5.4,walk
2991,1,2.3,0.105,5.4,walk
2994,1,2.3,0.105,5.4,walk
2997,1,2.3,0.105,5.4,walk
3000,1,2.3,0.105,5.4,walk
3003,1,2.3,0.105,5.4,walk
3006,1,2.3,0.105,5.4,walk
3009,1,2.3,0.105,5.4,walk
3012,1,2.3,0.105,5.4,walk
3015,1,2.3,0.105,5.4,walk
3018,1,2.3,0.105,5.4,walk
3021,1,2.3,0.105,5.4,walk
3024,1,2.3,0.105,5.4,walk
3027,1,2.3,0.105,5.4,walk
3030,1,2.3,0.105,5.4,walk
3033,1,2.3,0.105,5.4,walk
3036,1,2.3,0.105,5.4,walk
3039,1,2.3,0.105,5.4,walk
3042,1,2.3,0.105,5.4,walk
3045,1,2.3,0.105,5.4,walk
3048,1,2.3,0.105,5.4,walk
3051,1,2.3,0.105,5.4,walk
3054,1,2.3,0.105,5.4,walk
3057,1,2.3,0.105,5.4,walk
3060,1,2.3,0.105,5.4,walk
3063,1,2.3,0.105,5.4,walk
3066,1,2.3,0.105,5.4,walk
3069,1,2.3,0.105,5.4,walk
3072,1,2.3,0.105,5.4,walk
3075,1,2.3,0.105,5.4,walk
3078,1,2.3,0.105,5.4,walk
3081,1,2.3,0.105,5.4,walk
3084,1,2.3,0.105,5.4,walk
3087,1,2.3,0.105,5.4,walk
3090,1,2.3,0.105,5.4,walk
3093,1,2.3,0.105,5.4,walk
3094,1,2.3,0.105,5.4,walk
3096,1,2.3,0.105,5.4,walk
3099,1,2.3,0.105,5.4,walk
3102,1,2.3,0.105,5.4,walk
3105,1,2.3,0.105,5.4,walk
3108,1,2.3,0.105,5.4,walk
3111,1,2.3,0.105,5.4,walk
3114,1,2.3,0.105,5.4,walk
3117,1,2.3,0.105,5.4,walk
3120,1,2.3,0.105,5.4,walk
3123,1,2.3,0.105,5.4,walk
3126,1,1.76,0.105,6.6,walk
3129,1,1.22,0.105,7.8,walk
3132,1,0.68,0.105,9,walk
3135,1,0.5,0.105,9.4,walk
3138,1,0.5,0.105,9.4,walk
3141,1,0.5,0.105,9.4,walk
3144,1,0.5,0.105,9.4,walk
3147,1,0.5,0.105,9.4,walk
3150,1,0.5,0.105,9.4,walk
3153,1,1.6,0.105,8.133333,walk
3156,1,1.49,0.105,7.86,walk
3159,1,0.5,0.105,8.4,walk
3162,1,2.15,0.105,7.5,walk
3165,1,0.5,0.105,8.4,walk
3168,1,2.95,0.105,7.1,walk
3171,1,2.95,0.105,7.1,walk
3174,1,2.3375,0.105,7.675,walk
3177,1,0.5,0.105,9.4,walk
3180,1,0.5,0.105,9.4,walk
3186,1,0.5,0.105,9.4,walk
3189,1,0.5,0.105,9.4,walk
3192,1,0.5,0.105,9.4,walk
3195,1,0.5,0.105,9.4,walk
3198,1,0.5,0.105,9.4,walk
3201,1,0.5,0.105,9.4,walk
3204,1,0.5,0.105,9.4,walk
3207,1,0.5,0.105,9.4,walk
3210,1,0.5,0.105,9.4,walk
3211,1,0.5,0.105,9.4,walk
3212,1,0.5,0.105,9.4,walk
3213,1,0.5,0.105,9.4,walk
3214,1,0.5,0.105,9.4,walk
3215,1,0.5,0.105,9.4,walk
3219,1,0.5,0.105,9.4,walk
3222,1,0.5,0.105,9.4,walk
3225,1,0.5,0.105,9.4,walk
3226,1,0.5,0.105,9.4,walk
3227,1,0.5,0.105,9.4,walk
3228,1,0.5,0.105,9.4,walk
3229,1,0.5,0.105,9.4,walk
3230,1,0.5,0.105,9.4,walk
3231,1,0.5,0.105,9.4,walk
3234,1,0.5,0.105,9.4,walk
3236,1,0.5,0.105,9.4,walk
3237,1,0.5,0.105,9.4,walk
3240,1,0.5,0.105,9.4,walk
3243,1,0.5,0.105,9.4,walk
3246,1,0.5,0.105,9.4,walk
3249,1,0.5,0.105,9.4,walk
3252,1,0.5,0.105,9.4,walk
3255,1,0.5,0.105,9.4,walk
3258,1,0.5,0.105,9.4,walk
3261,1,0.5,0.105,9.4,walk
3264,1,0.5,0.105,9.4,walk
3267,1,0.5,0.105,9.4,walk
3270,1,0.5,0.105,9.4,walk
3273,1,0.5,0.105,9.4,walk
3275,1,0.5,0.105,9.4,walk
3276,1,0.5,0.105,9.4,walk
3277,1,0.5,0.105,9.4,walk
3279,1,0.5,0.105,9.4,walk
3282,1,0.5,0.105,9.4,walk
3283,1,0.5,0.105,9.4,walk
3284,1,0.5,0.105,9.4,walk
3285,1,0.5,0.105,9.4,walk
3286,1,0.5,0.105,9.4,walk
3287,1,0.5,0.105,9.4,walk
3288,1,0.5,0.105,9.4,walk
3289,1,0.5,0.105,9.4,walk
3290,1,0.5,0.105,9.4,walk
3291,1,0.5,0.105,9.4,walk
3292,1,0.5,0.105,9.4,walk
3293,1,0.5,0.105,9.4,walk
3294,1,0.5,0.105,9.4,walk
3297,1,0.5,0.105,9.4,walk
3300,1,0.5,0.105,9.4,walk
3303,1,0.5,0.105,9.4,walk
3306,1,0.5,0.105,9.4,walk
3309,1,0.5,0.105,9.4,walk
3312,1,0.5,0.105,9.4,walk
3315,1,0.5,0.105,9.4,walk
3318,1,0.5,0.105,9.4,walk
3321,1,0.5,0.105,9.4,walk
3324,1,0.5,0.105,9.4,walk
3327,1,0.5,0.105,9.4,walk
3330,1,0.5,0.105,9.4,walk
3332,1,0.5,0.105,9.4,walk
3333,1,0.5,0.105,9.4,walk
3336,1,0.5,0.105,9.4,walk
3339,1,0.5,0.105,9.4,walk
3342,1,0.5,0.105,9.4,walk
3345,1,0.5,0.105,9.4,walk
3348,1,0.5,0.105,9.4,walk
3351,1,0.5,0.105,9.4,walk
3354,1,0.5,0.105,9.4,walk
3357,1,0.5,0.105,9.4,walk
3360,1,0.5,0.105,9.4,walk
3361,1,0.5,0.105,9.4,walk
3362,1,0.5,0.105,9.4,walk
3363,1,0.5,0.105,9.4,walk
3364,1,0.5,0.105,9.4,walk
3365,1,0.5,0.105,9.4,walk
3366,1,0.5,0.105,9.4,walk
3367,1,0.5,0.105,9.4,walk
3369,1,0.5,0.105,9.4,walk
3372,1,0.5,0.105,9.4,walk
3374,1,0.5,0.105,9.4,walk
3375,1,0.5,0.105,9.4,walk
3376,1,0.5,0.105,9.4,walk
3377,1,0.5,0.105,9.4,walk
3378,1,0.5,0.105,9.4,walk
3381,1,0.5,0.105,9.4,walk
3384,1,0.5,0.105,9.4,walk
3387,1,0.5,0.105,9.4,walk
3390,1,0.5,0.105,9.4,walk
3393,1,0.5,0.105,9.4,walk
3396,1,0.5,0.105,9.4,walk
3399,1,0.5,0.105,9.4,walk
3402,1,0.5,0.105,9.4,walk
3405,1,0.5,0.105,9.4,walk
3408,1,0.5,0.105,9.4,walk
3411,1,0.5,0.105,9.4,walk
3414,1,0.5,0.105,9.4,walk
3417,1,0.5,0.105,9.4,walk
3420,1,0.5,0.105,9.4,walk
3423,1,0.5,0.105,9.4,walk
3426,1,0.5,0.105,9.4,walk
3429,1,0.5,0.105,9.4,walk
3432,1,0.5,0.105,9.4,walk
3435,1,0.5,0.105,9.4,walk
3436,1,0.5,0.105,9.4,walk
3437,1,0.5,0.105,9.4,walk
3438,1,0.5,0.105,9.4,walk
3439,1,0.5,0.105,9.4,walk
3441,1,0.5,0.105,9.4,walk
3443,1,0.5,0.105,9.4,walk
3444,1,0.5,0.105,9.4,walk
3445,1,0.5,0.105,9.4,walk
3446,1,0.5,0.105,9.4,walk
3447,1,0.5,0.105,9.4,walk
3450,1,0.5,0.105,9.4,walk
3453,1,0.5,0.105,9.4,walk
3454,1,0.5,0.105,9.4,walk
3455,1,0.5,0.105,9.4,walk
3456,1,0.5,0.105,9.4,walk
3457,1,0.5,0.105,9.4,walk
3459,1,0.5,0.105,9.4,walk
3462,1,0.5,0.105,9.4,walk
3468,1,0.5,0.105,9.4,walk
3471,1,0.5,0.105,9.4,walk
3555,1,0.5,0.105,9.4,walk
3558,1,0.5,0.105,9.4,walk
3559,1,0.86,0.105,8.6,walk
3560,1,1.22,0.105,7.8,walk
3561,1,1.58,0.105,7,walk
3562,1,1.94,0.105,6.2,walk
3563,1,2.3,0.105,5.4,walk
3636,1,0.833333,0.105,9.533333,walk
3637,1,0.766667,0.105,9.506667,walk
3696,1,5.31,0.105,8.62,walk
3702,1,3.43,0.105,7.34,walk
3703,1,3.27,0.105,7.26,walk
3704,1,3.11,0.105,7.18,walk
3705,1,2.95,0.105,7.1,walk
3706,1,3.003571,0.105,6.95,walk
3707,1,3.057143,0.105,6.8,walk
3710,1,3.217857,0.105,6.35,walk
3711,1,3.271429,0.105,6.2,walk
3712,1,3.325,0.105,6.05,walk
3713,1,3.378571,0.105,5.9,walk
3714,1,3.432143,0.105,5.75,walk
3715,1,3.485714,0.105,5.6,walk
3716,1,3.539286,0.105,5.45,walk
3717,1,3.592857,0.105,5.3,walk
3718,1,3.646429,0.105,5.15,walk
3719,1,3.7,0.105,5,walk
3741,1,1.278571,0.105,6.671429,walk
3742,1,1.139286,0.105,6.635714,walk
3819,1,5.605,0.105,4.58,walk
3822,1,6.49,0.105,3.74,walk
3825,1,7.375,0.105,2.9,walk
3828,1,8.26,0.105,2.06,walk
3831,1,8.396154,0.105,1.930769,walk
3832,1,7.942308,0.105,2.361538,walk
3846,1,3.7,0.105,7.590909,walk
3847,1,3.95,0.105,7.754545,walk
3848,1,4.2,0.105,7.918182,walk
3864,1,5.7,0.105,8.9,walk
3867,1,5.7,0.105,8.9,walk
3870,1,5.7,0.105,8.9,walk
3871,1,5.7,0.105,8.9,walk
3872,1,5.7,0.105,8.9,walk
3873,1,5.7,0.105,8.9,walk
3874,1,5.7,0.105,8.9,walk
3875,1,5.7,0.105,8.9,walk
3876,1,5.7,0.105,8.9,walk
3877,1,5.7,0.105,8.9,walk
3878,1,5.7,0.105,8.9,walk
3879,1,5.7,0.105,8.9,walk
3882,1,5.7,0.105,8.9,walk
3885,1,5.7,0.105,8.9,walk
3891,1,5.7,0.105,8.9,walk
3902,1,5.7,0.105,8.9,walk
3903,1,5.7,0.105,8.9,walk
3917,1,5.7,0.105,8.9,walk
3918,1,5.7,0.105,8.9,walk
3919,1,5.7,0.105,8.9,walk
3920,1,5.7,0.105,8.9,walk
3921,1,5.7,0.105,8.9,walk
3938,1,5.7,0.105,8.9,walk
3939,1,5.7,0.105,8.9,walk
3948,1,5.7,0.105,8.9,walk
3949,1,5.7,0.105,8.9,walk
3950,1,5.7,0.105,8.9,walk
3958,1,0.5,0.105,8.4,walk
3959,1,0.5,0.105,8.4,walk
3960,1,0.5,0.105,8.4,walk
3963,1,0.5,0.105,8.4,walk
3987,1,5.7,0.105,8.9,walk
3990,1,5.7,0.105,8.9,walk
4005,1,5.7,0.105,8.9,walk
4008,1,5.7,0.105,8.9,walk
4011,1,5.7,0.105,8.9,walk
4012,1,5.7,0.105,8.9,walk
4013,1,5.7,0.105,8.9,walk
4014,1,5.7,0.105,8.9,walk
4017,1,5.7,0.105,8.9,walk
4020,1,5.7,0.105,8.9,walk
4029,1,0.5,0.105,8.4,walk
4032,1,0.5,0.105,8.4,walk
4036,1,0.5,0.105,8.4,walk
4037,1,0.5,0.105,8.4,walk
4038,1,0.5,0.105,8.4,walk
4053,1,0.5,0.105,8.4,walk
4060,1,0.5,0.105,8.4,walk
4061,1,0.5,0.105,8.4,walk
4062,1,0.5,0.105,8.4,walk
4071,1,0.5,0.105,8.4,walk
4074,1,0.5,0.105,8.4,walk
4077,1,0.5,0.105,8.4,walk
4080,1,0.5,0.105,8.4,walk
4083,1,0.5,0.105,8.4,walk
4086,1,0.5,0.105,8.4,walk
4089,1,0.5,0.105,8.4,walk
4092,1,0.5,0.105,8.4,walk
4095,1,0.5,0.105,8.4,walk
4096,1,0.5,0.105,8.4,walk
4097,1,0.5,0.105,8.4,walk
4098,1,0.5,0.105,8.4,walk
4099,1,0.5,0.105,8.4,walk
4101,1,0.5,0.105,8.4,walk
4102,1,0.5,0.105,8.4,walk
4103,1,0.5,0.105,8.4,walk
4104,1,0.5,0.105,8.4,walk
4107,1,0.5,0.105,8.4,walk
4110,1,0.5,0.105,8.4,walk
4113,1,0.5,0.105,8.4,walk
4116,1,0.5,0.105,8.4,walk
4119,1,0.5,0.105,8.4,walk
4122,1,0.5,0.105,8.4,walk
4125,1,0.5,0.105,8.4,walk
4128,1,0.5,0.105,8.4,walk
4131,1,0.5,0.105,8.4,walk
4134,1,0.5,0.105,8.4,walk
4137,1,0.5,0.105,8.4,walk
4140,1,0.5,0.105,8.4,walk
4143,1,0.5,0.105,8.4,walk
4146,1,0.5,0.105,8.4,walk
4148,1,0.5,0.105,8.4,walk
4149,1,0.5,0.105,8.4,walk
4152,1,0.5,0.105,8.4,walk
4155,1,0.5,0.105,8.4,walk
4158,1,0.5,0.105,8.4,walk
4161,1,0.5,0.105,8.4,walk
4164,1,0.5,0.105,8.4,walk
4167,1,0.5,0.105,8.4,walk
4170,1,0.5,0.105,8.4,walk
4173,1,0.5,0.105,8.4,walk
4176,1,0.5,0.105,8.4,walk
4179,1,0.5,0.105,8.4,walk
4182,1,0.5,0.105,8.4,walk
4185,1,0.5,0.105,8.4,walk
4188,1,0.5,0.105,8.4,walk
4191,1,0.5,0.105,8.4,walk
4194,1,0.5,0.105,8.4,walk
4197,1,0.5,0.105,8.4,walk
4200,1,0.5,0.105,8.4,walk
4203,1,0.5,0.105,8.4,walk
4206,1,0.5,0.105,8.4,walk
4209,1,0.5,0.105,8.4,walk
4212,1,0.5,0.105,8.4,walk
4214,1,0.5,0.105,8.4,walk
4215,1,0.5,0.105,8.4,walk
4216,1,0.5,0.105,8.4,walk
4218,1,0.5,0.105,8.4,walk
4221,1,0.5,0.105,8.4,walk
4224,1,0.5,0.105,8.4,walk
4227,1,0.5,0.105,8.4,walk
4230,1,0.5,0.105,8.4,walk
4233,1,0.5,0.105,8.4,walk
4236,1,0.5,0.105,8.4,walk
4239,1,0.5,0.105,8.4,walk
4242,1,0.5,0.105,8.4,walk
4245,1,0.5,0.105,8.4,walk
4246,1,0.5,0.105,8.4,walk
4248,1,0.5,0.105,8.4,walk
4251,1,0.5,0.105,8.4,walk
4254,1,0.5,0.105,8.4,walk
4257,1,0.5,0.105,8.4,walk
4260,1,0.5,0.105,8.4,walk
4263,1,0.5,0.105,8.4,walk
4266,1,0.5,0.105,8.4,walk
4269,1,0.5,0.105,8.4,walk
4272,1,0.5,0.105,8.4,walk
4275,1,0.5,0.105,8.4,walk
4278,1,0.5,0.105,8.4,walk
4281,1,0.5,0.105,8.4,walk
4284,1,0.5,0.105,8.4,walk
4287,1,0.5,0.105,8.4,walk
4290,1,0.5,0.105,8.4,walk
4293,1,0.5,0.105,8.4,walk
4296,1,0.5,0.105,8.4,walk
4297,1,0.5,0.105,8.4,walk
4298,1,0.5,0.105,8.4,walk
4299,1,1.366667,0.105,8.483333,walk
4302,1,3.966667,0.105,8.733333,walk
4305,1,5.7,0.105,8.9,walk
4308,1,5.7,0.105,8.9,walk
4311,1,5.7,0.105,8.9,walk
4314,1,5.7,0.105,8.9,walk
4317,1,5.7,0.105,8.9,walk
4320,1,5.7,0.105,8.9,walk
4323,1,5.7,0.105,8.9,walk
4326,1,2.58,0.105,8.6,walk
4329,1,0.5,0.105,8.4,walk
4332,1,0.5,0.105,8.4,walk
4335,1,0.5,0.105,8.4,walk
4337,1,0.5,0.105,8.4,walk
4338,1,0.5,0.105,8.4,walk
4339,1,0.5,0.105,8.4,walk
4340,1,0.5,0.105,8.4,walk
4341,1,0.5,0.105,8.4,walk
4344,1,0.5,0.105,8.4,walk
4365,1,5.7,0.105,8.9,walk
4374,1,0.5,0.105,8.4,walk
4377,1,0.5,0.105,8.4,walk
4380,1,0.5,0.105,8.4,walk
4383,1,1.2,0.105,5.4,walk
4386,1,1.2,0.105,5.4,walk
4389,1,1.2,0.105,5.4,walk
4392,1,2.3,0.105,5.4,walk
4395,1,2.3,0.105,5.4,walk
4398,1,2.3,0.105,5.4,walk
4401,1,2.3,0.105,5.4,walk
4404,1,2.3,0.105,5.4,walk
4422,1,2.3,0.105,5.4,walk
4425,1,2.3,0.105,5.4,walk
4428,1,2.3,0.105,5.4,walk
4431,1,2.3,0.105,5.4,walk
4434,1,2.3,0.105,5.4,walk
4437,1,2.3,0.105,5.4,walk
4440,1,2.3,0.105,5.4,walk
4443,1,2.3,0.105,5.4,walk
4446,1,2.3,0.105,5.4,walk
4449,1,2.3,0.105,5.4,walk
4452,1,2.3,0.105,5.4,walk
4455,1,2.3,0.105,5.4,walk
4458,1,2.3,0.105,5.4,walk
4461,1,2.3,0.105,5.4,walk
4464,1,2.3,0.105,5.4,walk
4467,1,2.3,0.105,5.4,walk
4470,1,2.3,0.105,5.4,walk
4473,1,2.3,0.105,5.4,walk
4476,1,2.3,0.105,5.4,walk
4479,1,2.3,0.105,5.4,walk
4482,1,2.3,0.105,5.4,walk
4485,1,2.3,0.105,5.4,walk
4488,1,2.3,0.105,5.4,walk
4491,1,2.3,0.105,5.4,walk
4494,1,2.3,0.105,5.4,walk
4497,1,2.3,0.105,5.4,walk
4500,1,2.3,0.105,5.4,walk
4503,1,2.3,0.105,5.4,walk
4506,1,2.3,0.105,5.4,walk
4509,1,2.3,0.105,5.4,walk
4512,1,2.3,0.105,5.4,walk
4515,1,2.3,0.105,5.4,walk
4518,1,2.3,0.105,5.4,walk
4521,1,2.3,0.105,5.4,walk
4524,1,2.3,0.105,5.4,walk
4527,1,2.3,0.105,5.4,walk
4530,1,2.3,0.105,5.4,walk
4533,1,2.3,0.105,5.4,walk
4536,1,2.3,0.105,5.4,walk
4539,1,2.3,0.105,5.4,walk
4542,1,2.3,0.105,5.4,walk
4545,1,2.3,0.105,5.4,walk
4548,1,2.3,0.105,5.4,walk
4551,1,2.3,0.105,5.4,walk
4554,1,2.3,0.105,5.4,walk
4557,1,2.3,0.105,5.4,walk
4560,1,2.3,0.105,5.4,walk
4563,1,2.3,0.105,5.4,walk
4566,1,2.3,0.105,5.4,walk
4569,1,2.3,0.105,5.4,walk
4572,1,2.3,0.105,5.4,walk
4575,1,2.3,0.105,5.4,walk
4578,1,2.3,0.105,5.4,walk
4581,1,2.3,0.105,5.4,walk
4584,1,2.3,0.105,5.4,walk
4587,1,2.3,0.105,5.4,walk
4590,1,2.3,0.105,5.4,walk
4593,1,2.3,0.105,5.4,walk
4596,1,2.3,0.105,5.4,walk
4599,1,2.3,0.105,5.4,walk
4602,1,2.3,0.105,5.4,walk
4605,1,2.3,0.105,5.4,walk
4608,1,2.3,0.105,5.4,walk
4611,1,2.3,0.105,5.4,walk
4614,1,2.3,0.105,5.4,walk
4617,1,2.3,0.105,5.4,walk
4620,1,2.3,0.105,5.4,walk
4623,1,2.3,0.105,5.4,walk
4626,1,2.3,0.105,5.4,walk
4629,1,2.3,0.105,5.4,walk
4632,1,2.3,0.105,5.4,walk
4635,1,2.3,0.105,5.4,walk
4638,1,2.3,0.105,5.4,walk
4641,1,2.3,0.105,5.4,walk
4644,1,2.3,0.105,5.4,walk
4647,1,2.3,0.105,5.4,walk
4650,1,2.3,0.105,5.4,walk
4653,1,2.3,0.105,5.4,walk
4656,1,2.3,0.105,5.4,walk
4659,1,2.3,0.105,5.4,walk
4662,1,2.3,0.105,5.4,walk
4665,1,2.3,0.105,5.4,walk
4668,1,2.3,0.105,5.4,walk
4671,1,2.3,0.105,5.4,walk
4674,1,2.3,0.105,5.4,walk
4677,1,2.3,0.105,5.4,walk
4680,1,2.3,0.105,5.4,walk
4683,1,2.3,0.105,5.4,walk
4686,1,2.3,0.105,5.4,walk
4689,1,2.3,0.105,5.4,walk
4692,1,2.3,0.105,5.4,walk
4695,1,2.3,0.105,5.4,walk
4698,1,2.3,0.105,5.4,walk
4701,1,2.3,0.105,5.4,walk
4704,1,2.3,0.105,5.4,walk
4707,1,2.3,0.105,5.4,walk
4710,1,2.3,0.105,5.4,walk
4713,1,2.3,0.105,5.4,walk
4716,1,2.3,0.105,5.4,walk
4719,1,2.3,0.105,5.4,walk
4722,1,2.3,0.105,5.4,walk
4725,1,2.3,0.105,5.4,walk
4728,1,2.3,0.105,5.4,walk
4731,1,2.3,0.105,5.4,walk
4734,1,2.3,0.105,5.4,walk
4737,1,2.3,0.105,5.4,walk
4740,1,2.3,0.105,5.4,walk
4743,1,2.3,0.105,5.4,walk
4746,1,2.3,0.105,5.4,walk
4749,1,2.3,0.105,5.4,walk
4752,1,2.3,0.105,5.4,walk
4755,1,2.3,0.105,5.4,walk
4758,1,2.3,0.105,5.4,walk
4761,1,2.3,0.105,5.4,walk
4764,1,2.3,0.105,5.4,walk
4767,1,2.3,0.105,5.4,walk
4770,1,2.3,0.105,5.4,walk
4773,1,2.3,0.105,5.4,walk
4776,1,2.3,0.105,5.4,walk
4779,1,2.3,0.105,5.4,walk
4782,1,2.3,0.105,5.4,walk
4785,1,2.3,0.105,5.4,walk
4788,1,2.3,0.105,5.4,walk
4791,1,2.3,0.105,5.4,walk
4794,1,2.3,0.105,5.4,walk
4797,1,2.3,0.105,5.4,walk
4800,1,2.3,0.105,5.4,walk
4803,1,2.3,0.105,5.4,walk
4806,1,2.3,0.105,5.4,walk
4809,1,2.3,0.105,5.4,walk
4812,1,2.3,0.105,5.4,walk
4815,1,2.3,0.105,5.4,walk
4818,1,2.3,0.105,5.4,walk
4821,1,2.3,0.105,5.4,walk
4824,1,2.3,0.105,5.4,walk
4827,1,2.3,0.105,5.4,walk
4830,1,2.3,0.105,5.4,walk
4833,1,2.3,0.105,5.4,walk
4836,1,2.3,0.105,5.4,walk
4839,1,2.3,0.105,5.4,walk
4842,1,2.3,0.105,5.4,walk
4845,1,2.3,0.105,5.4,walk
4848,1,2.3,0.105,5.4,walk
4851,1,2.3,0.105,5.4,walk
4854,1,2.3,0.105,5.4,walk
4857,1,2.3,0.105,5.4,walk
4860,1,2.3,0.105,5.4,walk
4863,1,2.3,0.105,5.4,walk
4866,1,2.3,0.105,5.4,walk
4869,1,2.3,0.105,5.4,walk
4872,1,2.3,0.105,5.4,walk
4875,1,2.3,0.105,5.4,walk
4878,1,2.3,0.105,5.4,walk
4881,1,2.3,0.105,5.4,walk
4884,1,2.3,0.105,5.4,walk
4887,1,2.3,0.105,5.4,walk
4890,1,2.3,0.105,5.4,walk
4893,1,2.3,0.105,5.4,walk
4896,1,2.3,0.105,5.4,walk
4899,1,2.3,0.105,5.4,walk
4902,1,2.3,0.105,5.4,walk
4905,1,2.3,0.105,5.4,walk
4908,1,2.3,0.105,5.4,walk
4911,1,2.3,0.105,5.4,walk
4914,1,2.3,0.105,5.4,walk
4917,1,2.3,0.105,5.4,walk
4920,1,2.3,0.105,5.4,walk
4923,1,2.3,0.105,5.4,walk
4926,1,2.3,0.105,5.4,walk
4929,1,2.3,0.105,5.4,walk
4932,1,2.3,0.105,5.4,walk
4935,1,2.3,0.105,5.4,walk
4938,1,2.3,0.105,5.4,walk
4941,1,2.3,0.105,5.4,walk
4944,1,2.3,0.105,5.4,walk
4947,1,2.3,0.105,5.4,walk
4950,1,2.3,0.105,5.4,walk
4953,1,2.3,0.105,5.4,walk
4956,1,2.3,0.105,5.4,walk
4959,1,2.3,0.105,5.4,walk
4962,1,2.3,0.105,5.4,walk
4965,1,2.3,0.105,5.4,walk
4968,1,2.3,0.105,5.4,walk
4971,1,2.3,0.105,5.4,walk
4974,1,2.3,0.105,5.4,walk
4977,1,2.3,0.105,5.4,walk
4980,1,2.3,0.105,5.4,walk
4983,1,2.3,0.105,5.4,walk
4986,1,2.3,0.105,5.4,walk
4989,1,2.3,0.105,5.4,walk
4992,1,2.3,0.105,5.4,walk
4995,1,2.3,0.105,5.4,walk
4998,1,2.3,0.105,5.4,walk
5001,1,2.3,0.105,5.4,walk
5004,1,2.3,0.105,5.4,walk
5007,1,2.3,0.105,5.4,walk
5010,1,2.3,0.105,5.4,walk
5013,1,2.3,0.105,5.4,walk
5016,1,2.3,0.105,5.4,walk
5019,1,2.3,0.105,5.4,walk
5022,1,2.3,0.105,5.4,walk
5025,1,2.3,0.105,5.4,walk
5028,1,2.3,0.105,5.4,walk
5031,1,2.3,0.105,5.4,walk
5034,1,2.3,0.105,5.4,walk
5037,1,2.3,0.105,5.4,walk
5040,1,2.3,0.105,5.4,walk
5043,1,2.3,0.105,5.4,walk
5046,1,2.3,0.105,5.4,walk
5049,1,2.3,0.105,5.4,walk
5052,1,2.3,0.105,5.4,walk
5055,1,2.3,0.105,5.4,walk
5058,1,2.3,0.105,5.4,walk
5061,1,2.3,0.105,5.4,walk
5064,1,2.3,0.105,5.4,walk
5067,1,2.3,0.105,5.4,walk
5070,1,2.3,0.105,5.4,walk
5073,1,2.3,0.105,5.4,walk
5076,1,2.3,0.105,5.4,walk
5079,1,2.3,0.105,5.4,walk
5082,1,2.3,0.105,5.4,walk
5085,1,2.3,0.105,5.4,walk
5088,1,2.3,0.105,5.4,walk
5091,1,2.3,0.105,5.4,walk
5094,1,2.3,0.105,5.4,walk
5097,1,2.3,0.105,5.4,walk
5100,1,2.3,0.105,5.4,walk
5103,1,2.3,0.105,5.4,walk
5106,1,2.3,0.105,5.4,walk
5109,1,2.3,0.105,5.4,walk
5112,1,2.3,0.105,5.4,walk
5115,1,2.3,0.105,5.4,walk
5118,1,2.3,0.105,5.4,walk
5121,1,2.3,0.105,5.4,walk
5124,1,2.3,0.105,5.4,walk
5127,1,2.3,0.105,5.4,walk
5130,1,2.3,0.105,5.4,walk
5133,1,2.3,0.105,5.4,walk
5136,1,2.3,0.105,5.4,walk
5139,1,2.3,0.105,5.4,walk
5142,1,2.3,0.105,5.4,walk
5145,1,2.3,0.105,5.4,walk
5148,1,2.3,0.105,5.4,walk
5151,1,2.3,0.105,5.4,walk
5154,1,2.3,0.105,5.4,walk
5157,1,2.3,0.105,5.4,walk
5160,1,2.3,0.105,5.4,walk
5163,1,2.3,0.105,5.4,walk
5166,1,2.3,0.105,5.4,walk
5169,1,2.3,0.105,5.4,walk
5172,1,2.3,0.105,5.4,walk
5175,1,2.3,0.105,5.4,walk
5178,1,2.3,0.105,5.4,walk
5181,1,2.3,0.105,5.4,walk
5184,1,2.3,0.105,5.4,walk
5187,1,2.3,0.105,5.4,walk
5190,1,2.3,0.105,5.4,walk
5193,1,2.3,0.105,5.4,walk
5196,1,2.3,0.105,5.4,walk
5199,1,2.3,0.105,5.4,walk
5202,1,2.3,0.105,5.4,walk
5205,1,2.3,0.105,5.4,walk
5208,1,2.3,0.105,5.4,walk
5211,1,2.3,0.105,5.4,walk
5214,1,2.3,0.105,5.4,walk
5217,1,2.3,0.105,5.4,walk
5220,1,2.3,0.105,5.4,walk
5223,1,2.3,0.105,5.4,walk
5226,1,2.3,0.105,5.4,walk
5229,1,2.3,0.105,5.4,walk
5232,1,2.3,0.105,5.4,walk
5235,1,2.3,0.105,5.4,walk
5238,1,2.3,0.105,5.4,walk
5241,1,2.3,0.105,5.4,walk
5244,1,2.3,0.105,5.4,walk
5247,1,2.3,0.105,5.4,walk
5250,1,2.3,0.105,5.4,walk
5253,1,2.3,0.105,5.4,walk
5256,1,2.3,0.105,5.4,walk
5259,1,2.3,0.105,5.4,walk
5262,1,2.3,0.105,5.4,walk
5265,1,2.3,0.105,5.4,walk
5268,1,2.3,0.105,5.4,walk
5271,1,2.3,0.105,5.4,walk
5274,1,2.3,0.105,5.4,walk
5277,1,2.3,0.105,5.4,walk
5280,1,2.3,0.105,5.4,walk
5283,1,2.3,0.105,5.4,walk
5286,1,2.3,0.105,5.4,walk
5289,1,2.3,0.105,5.4,walk
5292,1,2.3,0.105,5.4,walk
5295,1,2.3,0.105,5.4,walk
5298,1,2.3,0.105,5.4,walk
5301,1,2.3,0.105,5.4,walk
5304,1,2.3,0.105,5.4,walk
5307,1,2.3,0.105,5.4,walk
5310,1,2.3,0.105,5.4,walk
5313,1,2.3,0.105,5.4,walk
5316,1,2.3,0.105,5.4,walk
5319,1,2.3,0.105,5.4,walk
5322,1,2.3,0.105,5.4,walk
5325,1,2.3,0.105,5.4,walk
5328,1,2.3,0.105,5.4,walk
5331,1,2.3,0.105,5.4,walk
5334,1,2.3,0.105,5.4,walk
5337,1,2.3,0.105,5.4,walk
5340,1,2.3,0.105,5.4,walk
5343,1,2.3,0.105,5.4,walk
5346,1,2.3,0.105,5.4,walk
5349,1,2.3,0.105,5.4,walk
5352,1,2.3,0.105,5.4,walk
5355,1,2.3,0.105,5.4,walk
5358,1,2.3,0.105,5.4,walk
5361,1,2.3,0.105,5.4,walk
5364,1,2.3,0.105,5.4,walk
5367,1,2.3,0.105,5.4,walk
5370,1,2.3,0.105,5.4,walk
5373,1,2.3,0.105,5.4,walk
5376,1,2.3,0.105,5.4,walk
5379,1,2.3,0.105,5.4,walk
5382,1,2.3,0.105,5.4,walk
5385,1,2.3,0.105,5.4,walk
5388,1,2.3,0.105,5.4,walk
5391,1,2.3,0.105,5.4,walk
5394,1,2.3,0.105,5.4,walk
5397,1,2.3,0.105,5.4,walk
5400,1,2.3,0.105,5.4,walk
5403,1,2.3,0.105,5.4,walk
5406,1,2.3,0.105,5.4,walk
5409,1,2.3,0.105,5.4,walk
5412,1,2.3,0.105,5.4,walk
5415,1,2.3,0.105,5.4,walk
5418,1,2.3,0.105,5.4,walk
5421,1,2.3,0.105,5.4,walk
5424,1,2.3,0.105,5.4,walk
5427,1,2.3,0.105,5.4,walk
5430,1,2.3,0.105,5.4,walk
5433,1,2.3,0.105,5.4,walk
5436,1,2.3,0.105,5.4,walk
5439,1,2.3,0.105,5.4,walk
5442,1,2.3,0.105,5.4,walk
5445,1,2.3,0.105,5.4,walk
5448,1,2.3,0.105,5.4,walk
5451,1,2.3,0.105,5.4,walk
5454,1,2.3,0.105,5.4,walk
5457,1,2.3,0.105,5.4,walk
5460,1,2.3,0.105,5.4,walk
5463,1,2.3,0.105,5.4,walk
5466,1,2.3,0.105,5.4,walk
5469,1,2.3,0.105,5.4,walk
5472,1,2.3,0.105,5.4,walk
5475,1,2.3,0.105,5.4,walk
5478,1,2.3,0.105,5.4,walk
5481,1,2.3,0.105,5.4,walk
5484,1,2.3,0.105,5.4,walk
5487,1,2.3,0.105,5.4,walk
5490,1,2.3,0.105,5.4,walk
5493,1,2.3,0.105,5.4,walk
5496,1,2.3,0.105,5.4,walk
5499,1,2.3,0.105,5.4,walk
5502,1,2.3,0.105,5.4,walk
5505,1,2.3,0.105,5.4,walk
5508,1,2.3,0.105,5.4,walk
5511,1,2.3,0.105,5.4,walk
5514,1,2.3,0.105,5.4,walk
5517,1,2.3,0.105,5.4,walk
5520,1,2.3,0.105,5.4,walk
5523,1,2.3,0.105,5.4,walk
5526,1,2.3,0.105,5.4,walk
5529,1,2.3,0.105,5.4,walk
5532,1,2.3,0.105,5.4,walk
5535,1,2.3,0.105,5.4,walk
5538,1,2.3,0.105,5.4,walk
5541,1,2.3,0.105,5.4,walk
5544,1,2.3,0.105,5.4,walk
5547,1,2.3,0.105,5.4,walk
5550,1,2.3,0.105,5.4,walk
5553,1,2.3,0.105,5.4,walk
5556,1,2.3,0.105,5.4,walk
5559,1,2.3,0.105,5.4,walk
5562,1,2.3,0.105,5.4,walk
5565,1,2.3,0.105,5.4,walk
5568,1,2.3,0.105,5.4,walk
5571,1,2.3,0.105,5.4,walk
5574,1,2.3,0.105,5.4,walk
5577,1,2.3,0.105,5.4,walk
5580,1,2.3,0.105,5.4,walk
5583,1,2.3,0.105,5.4,walk
5586,1,2.3,0.105,5.4,walk
5589,1,2.3,0.105,5.4,walk
5592,1,2.3,0.105,5.4,walk
5595,1,2.3,0.105,5.4,walk
5598,1,2.3,0.105,5.4,walk
5601,1,2.3,0.105,5.4,walk
5604,1,2.3,0.105,5.4,walk
5607,1,2.3,0.105,5.4,walk
5610,1,2.3,0.105,5.4,walk
5613,1,2.3,0.105,5.4,walk
5616,1,2.3,0.105,5.4,walk
5619,1,2.3,0.105,5.4,walk
5622,1,2.3,0.105,5.4,walk
5625,1,2.3,0.105,5.4,walk
5628,1,2.3,0.105,5.4,walk
5631,1,2.3,0.105,5.4,walk
5634,1,2.3,0.105,5.4,walk
5637,1,2.3,0.105,5.4,walk
5640,1,2.3,0.105,5.4,walk
5643,1,2.3,0.105,5.4,walk
5646,1,2.3,0.105,5.4,walk
5649,1,2.3,0.105,5.4,walk
5652,1,2.3,0.105,5.4,walk
5655,1,2.3,0.105,5.4,walk
5658,1,2.3,0.105,5.4,walk
5661,1,2.3,0.105,5.4,walk
5664,1,2.3,0.105,5.4,walk
5667,1,2.3,0.105,5.4,walk
5670,1,2.3,0.105,5.4,walk
5673,1,2.3,0.105,5.4,walk
5676,1,2.3,0.105,5.4,walk
5679,1,2.3,0.105,5.4,walk
5682,1,2.3,0.105,5.4,walk
5685,1,2.3,0.105,5.4,walk
5688,1,2.3,0.105,5.4,walk
5691,1,2.3,0.105,5.4,walk
5694,1,2.3,0.105,5.4,walk
5697,1,2.3,0.105,5.4,walk
5700,1,2.3,0.105,5.4,walk
5703,1,2.3,0.105,5.4,walk
5706,1,2.3,0.105,5.4,walk
5709,1,2.3,0.105,5.4,walk
5712,1,2.3,0.105,5.4,walk
5715,1,2.3,0.105,5.4,walk
5718,1,2.3,0.105,5.4,walk
5721,1,2.3,0.105,5.4,walk
5724,1,2.3,0.105,5.4,walk
5727,1,2.3,0.105,5.4,walk
5730,1,2.3,0.105,5.4,walk
5733,1,2.3,0.105,5.4,walk
5736,1,2.3,0.105,5.4,walk
5739,1,2.3,0.105,5.4,walk
5742,1,2.3,0.105,5.4,walk
5745,1,2.3,0.105,5.4,walk
5748,1,2.3,0.105,5.4,walk
5751,1,2.3,0.105,5.4,walk
5754,1,2.3,0.105,5.4,walk
5757,1,2.3,0.105,5.4,walk
5760,1,2.3,0.105,5.4,walk
5763,1,2.3,0.105,5.4,walk
5766,1,2.3,0.105,5.4,walk
5769,1,2.3,0.105,5.4,walk
5772,1,2.3,0.105,5.4,walk
5775,1,2.3,0.105,5.4,walk
5778,1,2.3,0.105,5.4,walk
5781,1,2.3,0.105,5.4,walk
5784,1,2.3,0.105,5.4,walk
5787,1,2.3,0.105,5.4,walk
5790,1,2.3,0.105,5.4,walk
5793,1,2.3,0.105,5.4,walk
5796,1,2.3,0.105,5.4,walk
5799,1,2.3,0.105,5.4,walk
5802,1,2.3,0.105,5.4,walk
5805,1,2.3,0.105,5.4,walk
5808,1,2.3,0.105,5.4,walk
5811,1,2.3,0.105,5.4,walk
5814,1,2.3,0.105,5.4,walk
5817,1,2.3,0.105,5.4,walk
5820,1,2.3,0.105,5.4,walk
5823,1,2.3,0.105,5.4,walk
5826,1,2.3,0.105,5.4,walk
5829,1,2.3,0.105,5.4,walk
5832,1,2.3,0.105,5.4,walk
5835,1,2.3,0.105,5.4,walk
5838,1,2.3,0.105,5.4,walk
5841,1,2.3,0.105,5.4,walk
5844,1,2.3,0.105,5.4,walk
5847,1,2.3,0.105,5.4,walk
5850,1,2.3,0.105,5.4,walk
5853,1,2.3,0.105,5.4,walk
5856,1,2.3,0.105,5.4,walk
5859,1,2.3,0.105,5.4,walk
5862,1,2.3,0.105,5.4,walk
5865,1,2.3,0.105,5.4,walk
5868,1,2.3,0.105,5.4,walk
5871,1,2.3,0.105,5.4,walk
5874,1,2.3,0.105,5.4,walk
5877,1,2.3,0.105,5.4,walk
5880,1,2.3,0.105,5.4,walk
5883,1,2.3,0.105,5.4,walk
5886,1,2.3,0.105,5.4,walk
5889,1,2.3,0.105,5.4,walk
5892,1,2.3,0.105,5.4,walk
5895,1,2.3,0.105,5.4,walk
5898,1,2.3,0.105,5.4,walk
5901,1,2.3,0.105,5.4,walk
5904,1,2.3,0.105,5.4,walk
5907,1,2.3,0.105,5.4,walk
5910,1,2.3,0.105,5.4,walk
5913,1,2.3,0.105,5.4,walk
5916,1,2.3,0.105,5.4,walk
5919,1,2.3,0.105,5.4,walk
5922,1,2.3,0.105,5.4,walk
5925,1,2.3,0.105,5.4,walk
5928,1,2.3,0.105,5.4,walk
5931,1,2.3,0.105,5.4,walk
5934,1,2.3,0.105,5.4,walk
5937,1,2.3,0.105,5.4,walk
5940,1,2.3,0.105,5.4,walk
5943,1,2.3,0.105,5.4,walk
5946,1,2.3,0.105,5.4,walk
5949,1,2.3,0.105,5.4,walk
5952,1,2.3,0.105,5.4,walk
5955,1,2.3,0.105,5.4,walk
5958,1,2.3,0.105,5.4,walk
5961,1,2.3,0.105,5.4,walk
5964,1,2.3,0.105,5.4,walk
5967,1,2.3,0.105,5.4,walk
5970,1,2.3,0.105,5.4,walk
5973,1,2.3,0.105,5.4,walk
5976,1,2.3,0.105,5.4,walk
5979,1,2.3,0.105,5.4,walk
5982,1,2.3,0.105,5.4,walk
5985,1,2.3,0.105,5.4,walk
5988,1,2.3,0.105,5.4,walk
5991,1,2.3,0.105,5.4,walk
5994,1,2.3,0.105,5.4,walk
5997,1,2.3,0.105,5.4,walk
6000,1,2.3,0.105,5.4,walk
6003,1,2.3,0.105,5.4,walk
6006,1,2.3,0.105,5.4,walk
6009,1,2.3,0.105,5.4,walk
6012,1,2.3,0.105,5.4,walk
6015,1,2.3,0.105,5.4,walk
6018,1,2.3,0.105,5.4,walk
6021,1,2.3,0.105,5.4,walk
6024,1,2.3,0.105,5.4,walk
6027,1,2.3,0.105,5.4,walk
6030,1,2.3,0.105,5.4,walk
6033,1,2.3,0.105,5.4,walk
6036,1,2.3,0.105,5.4,walk
6039,1,2.3,0.105,5.4,walk
6042,1,2.3,0.105,5.4,walk
6045,1,2.3,0.105,5.4,walk
6048,1,2.3,0.105,5.4,walk
6051,1,2.3,0.105,5.4,walk
6054,1,2.3,0.105,5.4,walk
6057,1,2.3,0.105,5.4,walk
6060,1,2.3,0.105,5.4,walk
6063,1,2.3,0.105,5.4,walk
6066,1,2.3,0.105,5.4,walk
6069,1,2.3,0.105,5.4,walk
6072,1,2.3,0.105,5.4,walk
6075,1,2.3,0.105,5.4,walk
6078,1,2.3,0.105,5.4,walk
6081,1,2.3,0.105,5.4,walk
6084,1,2.3,0.105,5.4,walk
6087,1,2.3,0.105,5.4,walk
6090,1,2.3,0.105,5.4,walk
6093,1,2.3,0.105,5.4,walk
6096,1,2.3,0.105,5.4,walk
6099,1,2.3,0.105,5.4,walk
6102,1,2.3,0.105,5.4,walk
6105,1,2.3,0.105,5.4,walk
6108,1,2.3,0.105,5.4,walk
6111,1,2.3,0.105,5.4,walk
6114,1,2.3,0.105,5.4,walk
6117,1,2.3,0.105,5.4,walk
6120,1,2.3,0.105,5.4,walk
6123,1,2.3,0.105,5.4,walk
6126,1,2.3,0.105,5.4,walk
6129,1,2.3,0.105,5.4,walk
6132,1,2.3,0.105,5.4,walk
6135,1,2.3,0.105,5.4,walk
6138,1,2.3,0.105,5.4,walk
6141,1,2.3,0.105,5.4,walk
6144,1,2.3,0.105,5.4,walk
6147,1,2.3,0.105,5.4,walk
6150,1,2.3,0.105,5.4,walk
6153,1,2.3,0.105,5.4,walk
6156,1,2.3,0.105,5.4,walk
6159,1,2.3,0.105,5.4,walk
6162,1,2.3,0.105,5.4,walk
6165,1,2.3,0.105,5.4,walk
6168,1,2.3,0.105,5.4,walk
6171,1,2.3,0.105,5.4,walk
6174,1,2.3,0.105,5.4,walk
6177,1,2.3,0.105,5.4,walk
6180,1,2.3,0.105,5.4,walk
6183,1,2.3,0.105,5.4,walk
6186,1,2.3,0.105,5.4,walk
6189,1,2.3,0.105,5.4,walk
6192,1,2.3,0.105,5.4,walk
6195,1,2.3,0.105,5.4,walk
6198,1,2.3,0.105,5.4,walk
6201,1,2.3,0.105,5.4,walk
6204,1,2.3,0.105,5.4,walk
6207,1,2.3,0.105,5.4,walk
6210,1,2.3,0.105,5.4,walk
6213,1,2.3,0.105,5.4,walk
6216,1,2.3,0.105,5.4,walk
6219,1,2.3,0.105,5.4,walk
6222,1,2.3,0.105,5.4,walk
6225,1,2.3,0.105,5.4,walk
6228,1,2.3,0.105,5.4,walk
6231,1,2.3,0.105,5.4,walk
6234,1,2.3,0.105,5.4,walk
6237,1,2.3,0.105,5.4,walk
6240,1,2.3,0.105,5.4,walk
6243,1,2.3,0.105,5.4,walk
6246,1,2.3,0.105,5.4,walk
6249,1,2.3,0.105,5.4,walk
6252,1,2.3,0.105,5.4,walk
6255,1,2.3,0.105,5.4,walk
6258,1,2.3,0.105,5.4,walk
6261,1,2.3,0.105,5.4,walk
6264,1,2.3,0.105,5.4,walk
6267,1,2.3,0.105,5.4,walk
6270,1,2.3,0.105,5.4,walk
6273,1,2.3,0.105,5.4,walk
6276,1,2.3,0.105,5.4,walk
6279,1,2.3,0.105,5.4,walk
6282,1,2.3,0.105,5.4,walk
6285,1,2.3,0.105,5.4,walk
6288,1,2.3,0.105,5.4,walk
6291,1,2.3,0.105,5.4,walk
6294,1,2.3,0.105,5.4,walk
6297,1,2.3,0.105,5.4,walk
6300,1,2.3,0.105,5.4,walk
6303,1,2.3,0.105,5.4,walk
6306,1,2.3,0.105,5.4,walk
6309,1,2.3,0.105,5.4,walk
6312,1,2.3,0.105,5.4,walk
6315,1,2.3,0.105,5.4,walk
6318,1,2.3,0.105,5.4,walk
6321,1,2.3,0.105,5.4,walk
6324,1,2.3,0.105,5.4,walk
6327,1,2.3,0.105,5.4,walk
6330,1,2.3,0.105,5.4,walk
6333,1,2.3,0.105,5.4,walk
6334,1,2.3,0.105,5.4,walk
6335,1,2.3,0.105,5.4,walk
6336,1,2.3,0.105,5.4,walk
6339,1,2.3,0.105,5.4,walk
6342,1,2.3,0.105,5.4,walk
6344,1,2.3,0.105,5.4,walk
6345,1,2.3,0.105,5.4,walk
6346,1,2.3,0.105,5.4,walk
6347,1,2.3,0.105,5.4,walk
6348,1,2.3,0.105,5.4,walk
6351,1,2.3,0.105,5.4,walk
6354,1,2.3,0.105,5.4,walk
6357,1,2.3,0.105,5.4,walk
6359,1,2.3,0.105,5.4,walk
6360,1,2.3,0.105,5.4,walk
6361,1,2.3,0.105,5.4,walk
6362,1,2.3,0.105,5.4,walk
6363,1,2.3,0.105,5.4,walk
6364,1,2.3,0.105,5.4,walk
6366,1,2.3,0.105,5.4,walk
6368,1,2.3,0.105,5.4,walk
6369,1,2.3,0.105,5.4,walk
6372,1,2.3,0.105,5.4,walk
6375,1,2.3,0.105,5.4,walk
6376,1,2.3,0.105,5.4,walk
6377,1,2.3,0.105,5.4,walk
6378,1,2.3,0.105,5.4,walk
6379,1,2.3,0.105,5.4,walk
6381,1,2.3,0.105,5.4,walk
6384,1,2.3,0.105,5.4,walk
6387,1,2.3,0.105,5.4,walk
6390,1,2.3,0.105,5.4,walk
6391,1,2.3,0.105,5.4,walk
6392,1,2.3,0.105,5.4,walk
6393,1,2.3,0.105,5.4,walk
6394,1,2.3,0.105,5.4,walk
6395,1,2.3,0.105,5.4,walk
6396,1,2.3,0.105,5.4,walk
6397,1,2.3,0.105,5.4,walk
6399,1,2.3,0.105,5.4,walk
6402,1,2.3,0.105,5.4,walk
6405,1,2.3,0.105,5.4,walk
6408,1,2.3,0.105,5.4,walk
6411,1,2.3,0.105,5.4,walk
6414,1,2.3,0.105,5.4,walk
6417,1,2.3,0.105,5.4,walk
6420,1,2.3,0.105,5.4,walk
6423,1,2.3,0.105,5.4,walk
6426,1,2.3,0.105,5.4,walk
6429,1,2.3,0.105,5.4,walk
6432,1,2.3,0.105,5.4,walk
6435,1,2.3,0.105,5.4,walk
6438,1,2.3,0.105,5.4,walk
6439,1,2.3,0.105,5.4,walk
6441,1,2.3,0.105,5.4,walk
6444,1,2.3,0.105,5.4,walk
6447,1,2.3,0.105,5.4,walk
6450,1,2.3,0.105,5.4,walk
6451,1,2.3,0.105,5.4,walk
6452,1,2.3,0.105,5.4,walk
6453,1,2.3,0.105,5.4,walk
6454,1,2.3,0.105,5.4,walk
6455,1,2.3,0.105,5.4,walk
6456,1,2.3,0.105,5.4,walk
6457,1,2.3,0.105,5.4,walk
6459,1,2.3,0.105,5.4,walk
6462,1,2.3,0.105,5.4,walk
6465,1,2.3,0.105,5.4,walk
6468,1,2.3,0.105,5.4,walk
6471,1,2.3,0.105,5.4,walk
6474,1,2.3,0.105,5.4,walk
6477,1,2.3,0.105,5.4,walk
6479,1,2.3,0.105,5.4,walk
6480,1,2.3,0.105,5.4,walk
6481,1,2.3,0.105,5.4,walk
6482,1,2.3,0.105,5.4,walk
6483,1,2.3,0.105,5.4,walk
6486,1,2.3,0.105,5.4,walk
6489,1,2.3,0.105,5.4,walk
6492,1,2.3,0.105,5.4,walk
6494,1,2.3,0.105,5.4,walk
6495,1,2.3,0.105,5.4,walk
6496,1,2.3,0.105,5.4,walk
6497,1,2.3,0.105,5.4,walk
6498,1,2.3,0.105,5.4,walk
6499,1,2.3,0.105,5.4,walk
6501,1,2.3,0.105,5.4,walk
6504,1,2.3,0.105,5.4,walk
6507,1,2.3,0.105,5.4,walk
6510,1,2.3,0.105,5.4,walk
6511,1,2.3,0.105,5.4,walk
6512,1,2.3,0.105,5.4,walk
6513,1,2.3,0.105,5.4,walk
6514,1,2.3,0.105,5.4,walk
6515,1,2.3,0.105,5.4,walk
6516,1,2.3,0.105,5.4,walk
6519,1,2.3,0.105,5.4,walk
6522,1,2.3,0.105,5.4,walk
6525,1,2.3,0.105,5.4,walk
6526,1,2.3,0.105,5.4,walk
6527,1,2.3,0.105,5.4,walk
6528,1,2.3,0.105,5.4,walk
6529,1,2.3,0.105,5.4,walk
6530,1,2.3,0.105,5.4,walk
6531,1,2.3,0.105,5.4,walk
6532,1,2.3,0.105,5.4,walk
6533,1,2.3,0.105,5.4,walk
6534,1,2.3,0.105,5.4,walk
6537,1,2.3,0.105,5.4,walk
6540,1,2.3,0.105,5.4,walk
6542,1,2.3,0.105,5.4,walk
6543,1,2.3,0.105,5.4,walk
6546,1,2.3,0.105,5.4,walk
6549,1,2.3,0.105,5.4,walk
6552,1,2.3,0.105,5.4,walk
6554,1,2.3,0.105,5.4,walk
6555,1,2.3,0.105,5.4,walk
6556,1,2.3,0.105,5.4,walk
6557,1,2.3,0.105,5.4,walk
6558,1,2.3,0.105,5.4,walk
6559,1,2.3,0.105,5.4,walk
6560,1,2.3,0.105,5.4,walk
6561,1,2.3,0.105,5.4,walk
6564,1,2.3,0.105,5.4,walk
6567,1,2.3,0.105,5.4,walk
6570,1,2.3,0.105,5.4,walk
6573,1,2.3,0.105,5.4,walk
6576,1,2.3,0.105,5.4,walk
6579,1,2.3,0.105,5.4,walk
6582,1,2.3,0.105,5.4,walk
6585,1,2.3,0.105,5.4,walk
6586,1,2.3,0.105,5.4,walk
6587,1,2.3,0.105,5.4,walk
6588,1,2.3,0.105,5.4,walk
6589,1,2.3,0.105,5.4,walk
6590,1,2.3,0.105,5.4,walk
6591,1,2.3,0.105,5.4,walk
6592,1,2.3,0.105,5.4,walk
6594,1,2.3,0.105,5.4,walk
6597,1,2.3,0.105,5.4,walk
6599,1,2.3,0.105,5.4,walk
6600,1,2.3,0.105,5.4,walk
6601,1,2.3,0.105,5.4,walk
6602,1,2.3,0.105,5.4,walk
6603,1,2.3,0.105,5.4,walk
6606,1,2.3,0.105,5.4,walk
6609,1,2.3,0.105,5.4,walk
6612,1,2.3,0.105,5.4,walk
6614,1,2.3,0.105,5.4,walk
6615,1,2.3,0.105,5.4,walk
6616,1,2.3,0.105,5.4,walk
6617,1,2.3,0.105,5.4,walk
6618,1,2.52,0.105,5.01,walk
6621,1,3.18,0.105,3.84,walk
6624,1,3.4,0.105,3.45,walk
6627,1,3.4,0.105,3.45,walk
6629,1,3.4,0.105,3.45,walk
6630,1,3.4,0.105,3.45,walk
6631,1,3.4,0.105,3.45,walk
6632,1,3.4,0.105,3.45,walk
6633,1,3.4,0.105,3.45,walk
6634,1,3.4,0.105,3.45,walk
6635,1,3.4,0.105,3.45,walk
6636,1,3.4,0.105,3.45,walk
6639,1,3.4,0.105,3.45,walk
6642,1,3.4,0.105,3.45,walk
6645,1,3.4,0.105,3.45,walk
6648,1,3.4,0.105,3.45,walk
6651,1,3.4,0.105,3.45,walk
6654,1,3.4,0.105,3.45,walk
6657,1,3.4,0.105,3.45,walk
6660,1,3.4,0.105,3.45,walk
6663,1,3.4,0.105,3.45,walk
6678,1,3.4,0.105,3.45,walk
