2.017584,1,2.942808,5.087741,0.105,walk
4.040193,1,2.117007,5.757317,0.1130766,walk
6.072332,1,1.141779,6.03858,0.105,walk
7.323902,1,0.9342618,5.710284,0.115,walk
7.380985,1,0.9342618,5.710284,0.115,Clean
7.795475,1,0.9342618,5.710284,0.115,walk
7.831753,1,0.9342618,5.710284,0.115,Clean
8.233763,1,0.9342618,5.710284,0.115,walk
8.233763,1,0.9342618,5.710284,0.115,walk
8.332838,1,0.9342618,5.710284,0.115,Clean
8.745182,1,0.9342618,5.710284,0.115,walk
8.783606,1,0.9342618,5.710284,0.115,Clean
9.189468,1,0.9342618,5.710284,0.115,walk
9.22436,1,0.9342618,5.710284,0.115,Clean
9.629484,1,0.9342618,5.710284,0.115,walk
9.687311,1,0.9342618,5.710284,0.115,Clean
10.09781,1,0.9342618,5.710284,0.115,walk
10.13378,1,0.9342618,5.710284,0.115,Clean
10.54028,1,0.9342618,5.710284,0.115,walk
10.54028,1,0.9342618,5.710284,0.115,walk
10.61195,1,0.9342618,5.710284,0.115,Clean
11.01637,1,0.9342618,5.710284,0.115,walk
11.05431,1,0.9342618,5.710284,0.115,Clean
11.48315,1,0.9342618,5.710284,0.115,walk
11.51807,1,0.9342618,5.710284,0.115,Clean
11.92084,1,0.9342618,5.710284,0.115,walk
11.95496,1,0.9342618,5.710284,0.115,Clean
12.3604,1,0.9342618,5.710284,0.115,walk
12.39775,1,0.9342618,5.710284,0.115,Clean
12.8023,1,0.9342618,5.710284,0.115,walk
12.8023,1,0.9342618,5.710284,0.115,walk
12.8681,1,0.9342618,5.710284,0.115,Clean
13.27328,1,0.9342618,5.710284,0.115,walk
13.30964,1,0.9342618,5.710284,0.115,Clean
13.71786,1,0.9342618,5.710284,0.115,walk
13.75258,1,0.9342618,5.710284,0.115,Clean
14.15718,1,0.9342618,5.710284,0.115,walk
14.19208,1,0.9342618,5.710284,0.115,Clean
14.62475,1,0.9342618,5.710284,0.115,walk
14.66282,1,0.9342618,5.710284,0.115,Clean
15.07301,1,0.9342618,5.710284,0.115,walk
17.1011,1,0.5727152,5.710386,0.1149948,walk
19.11145,1,0.2325115,4.812966,0.105,walk
21.12458,1,1.015878,4.157875,0.105,walk
23.1432,1,1.797866,4.34752,0.1117216,walk
23.5182,1,1.801135,4.419256,0.115,walk
23.58293,1,1.801135,4.419256,0.115,Clean
25.15241,1,2.226201,4.030855,0.1069196,walk
26.27693,1,2.548297,3.736543,0.105,walk
26.31457,1,2.548297,3.736543,0.105,Clean
27.1852,1,2.668209,3.565668,0.105,walk
28.67162,1,3.039525,3.036543,0.105,walk
28.74476,1,3.039525,3.036543,0.105,Clean
29.16377,1,3.039525,3.036543,0.105,walk
29.20635,1,3.039525,3.036543,0.105,Clean
29.62222,1,3.039525,3.036543,0.105,walk
29.62222,1,3.039525,3.036543,0.105,walk
29.69541,1,3.039525,3.036543,0.105,Clean
30.1042,1,3.039525,3.036543,0.105,walk
30.14506,1,3.039525,3.036543,0.105,Clean
30.55582,1,3.039525,3.036543,0.105,walk
30.59962,1,3.039525,3.036543,0.105,Clean
31.02027,1,3.039525,3.036543,0.105,walk
31.06502,1,3.039525,3.036543,0.105,Clean
31.47658,1,3.039525,3.036543,0.105,walk
31.52927,1,3.039525,3.036543,0.105,Clean
31.94806,1,3.039525,3.036543,0.105,walk
31.94806,1,3.039525,3.036543,0.105,walk
32.01987,1,3.039525,3.036543,0.105,Clean
32.42883,1,3.039525,3.036543,0.105,walk
32.4625,1,3.039525,3.036543,0.105,Clean
32.86832,1,3.039525,3.036543,0.105,walk
32.90623,1,3.039525,3.036543,0.105,Clean
33.30941,1,3.039525,3.036543,0.105,walk
33.34511,1,3.039525,3.036543,0.105,Clean
33.75011,1,3.039525,3.036543,0.105,walk
33.78526,1,3.039525,3.036543,0.105,Clean
34.19105,1,3.039525,3.036543,0.105,walk
34.19105,1,3.039525,3.036543,0.105,walk
34.25975,1,3.039525,3.036543,0.105,Clean
34.67394,1,3.039525,3.036543,0.105,walk
34.71111,1,3.039525,3.036543,0.105,Clean
35.12066,1,3.039525,3.036543,0.105,walk
35.15952,1,3.039525,3.036543,0.105,Clean
35.56954,1,3.039525,3.036543,0.105,walk
35.61092,1,3.039525,3.036543,0.105,Clean
36.03023,1,3.039525,3.036543,0.105,walk
36.06869,1,3.039525,3.036543,0.105,Clean
36.47594,1,3.039525,3.036543,0.105,walk
36.47594,1,3.039525,3.036543,0.105,walk
36.54678,1,3.039525,3.036543,0.105,Clean
36.9584,1,3.039525,3.036543,0.105,walk
36.9981,1,3.039525,3.036543,0.105,Clean
37.40816,1,3.039525,3.036543,0.105,walk
37.45413,1,3.039525,3.036543,0.105,Clean
37.85973,1,3.039525,3.036543,0.105,walk
37.89761,1,3.039525,3.036543,0.105,Clean
38.30856,1,3.039525,3.036543,0.105,walk
38.34666,1,3.039525,3.036543,0.105,Clean
38.75371,1,3.039525,3.036543,0.105,walk
38.75371,1,3.039525,3.036543,0.105,walk
38.82391,1,3.039525,3.036543,0.105,Clean
39.2302,1,3.039525,3.036543,0.105,walk
39.27088,1,3.039525,3.036543,0.105,Clean
39.67805,1,3.039525,3.036543,0.105,walk
39.71576,1,3.039525,3.036543,0.105,Clean
40.12361,1,3.039525,3.036543,0.105,walk
40.16036,1,3.039525,3.036543,0.105,Clean
40.56907,1,3.039525,3.036543,0.105,walk
40.61108,1,3.039525,3.036543,0.105,Clean
41.01891,1,3.039525,3.036543,0.105,walk
41.01891,1,3.039525,3.036543,0.105,walk
41.08992,1,3.039525,3.036543,0.105,Clean
41.49604,1,3.039525,3.036543,0.105,walk
41.53339,1,3.039525,3.036543,0.105,Clean
41.94749,1,3.039525,3.036543,0.105,walk
41.98323,1,3.039525,3.036543,0.105,Clean
42.39458,1,3.039525,3.036543,0.105,walk
42.4378,1,3.039525,3.036543,0.105,Clean
42.84315,1,3.039525,3.036543,0.105,walk
42.87931,1,3.039525,3.036543,0.105,Clean
43.28993,1,3.039525,3.036543,0.105,walk
43.28993,1,3.039525,3.036543,0.105,walk
43.36861,1,3.039525,3.036543,0.105,Clean
43.77412,1,3.039525,3.036543,0.105,walk
43.80922,1,3.039525,3.036543,0.105,Clean
44.21478,1,3.039525,3.036543,0.105,walk
44.25434,1,3.039525,3.036543,0.105,Clean
44.65997,1,3.039525,3.036543,0.105,walk
44.6965,1,3.039525,3.036543,0.105,Clean
45.1067,1,3.039525,3.036543,0.105,walk
45.14412,1,3.039525,3.036543,0.105,Clean
45.54966,1,3.039525,3.036543,0.105,walk
45.54966,1,3.039525,3.036543,0.105,walk
45.62289,1,3.039525,3.036543,0.105,Clean
46.03118,1,3.039525,3.036543,0.105,walk
46.06773,1,3.039525,3.036543,0.105,Clean
46.47794,1,3.039525,3.036543,0.105,walk
46.52409,1,3.039525,3.036543,0.105,Clean
46.94202,1,3.039525,3.036543,0.105,walk
46.98048,1,3.039525,3.036543,0.105,Clean
47.38765,1,3.039525,3.036543,0.105,walk
47.42382,1,3.039525,3.036543,0.105,Clean
47.83439,1,3.039525,3.036543,0.105,walk
47.83439,1,3.039525,3.036543,0.105,walk
47.9085,1,3.039525,3.036543,0.105,Clean
48.33014,1,3.039525,3.036543,0.105,walk
48.37058,1,3.039525,3.036543,0.105,Clean
48.77923,1,3.039525,3.036543,0.105,walk
48.81619,1,3.039525,3.036543,0.105,Clean
49.22451,1,3.039525,3.036543,0.105,walk
49.26083,1,3.039525,3.036543,0.105,Clean
49.69285,1,3.039525,3.036543,0.105,walk
49.73095,1,3.039525,3.036543,0.105,Clean
50.13749,1,3.039525,3.036543,0.105,walk
50.13749,1,3.039525,3.036543,0.105,walk
50.21217,1,3.039525,3.036543,0.105,Clean
50.61951,1,3.039525,3.036543,0.105,walk
50.65948,1,3.039525,3.036543,0.105,Clean
51.06835,1,3.039525,3.036543,0.105,walk
51.10565,1,3.039525,3.036543,0.105,Clean
51.51136,1,3.039525,3.036543,0.105,walk
51.54895,1,3.039525,3.036543,0.105,Clean
51.95904,1,3.039525,3.036543,0.105,walk
51.99941,1,3.039525,3.036543,0.105,Clean
52.40945,1,3.039525,3.036543,0.105,walk
52.40945,1,3.039525,3.036543,0.105,walk
52.4884,1,3.039525,3.036543,0.105,Clean
52.89503,1,3.039525,3.036543,0.105,walk
52.93592,1,3.039525,3.036543,0.105,Clean
53.36359,1,3.039525,3.036543,0.105,walk
53.40719,1,3.039525,3.036543,0.105,Clean
53.83908,1,3.039525,3.036543,0.105,walk
53.88773,1,3.039525,3.036543,0.105,Clean
54.30843,1,3.039525,3.036543,0.105,walk
54.35403,1,3.039525,3.036543,0.105,Clean
54.77054,1,3.039525,3.036543,0.105,walk
54.77054,1,3.039525,3.036543,0.105,walk
54.85212,1,3.039525,3.036543,0.105,Clean
55.2739,1,3.039525,3.036543,0.105,walk
55.31837,1,3.039525,3.036543,0.105,Clean
55.7951,1,3.039525,3.036543,0.105,walk
55.83916,1,3.039525,3.036543,0.105,Clean
56.25874,1,3.039525,3.036543,0.105,walk
56.30726,1,3.039525,3.036543,0.105,Clean
56.73026,1,3.039525,3.036543,0.105,walk
56.77493,1,3.039525,3.036543,0.105,Clean
57.2007,1,3.039525,3.036543,0.105,walk
57.2007,1,3.039525,3.036543,0.105,walk
57.28816,1,3.039525,3.036543,0.105,Clean
57.72649,1,3.039525,3.036543,0.105,walk
57.77167,1,3.039525,3.036543,0.105,Clean
58.19439,1,3.039525,3.036543,0.105,walk
58.23695,1,3.039525,3.036543,0.105,Clean
58.66382,1,3.039525,3.036543,0.105,walk
58.71629,1,3.039525,3.036543,0.105,Clean
59.14587,1,3.039525,3.036543,0.105,walk
59.19122,1,3.039525,3.036543,0.105,Clean
59.61306,1,3.039525,3.036543,0.105,walk
59.61306,1,3.039525,3.036543,0.105,walk
59.69587,1,3.039525,3.036543,0.105,Clean
60.12167,1,3.039525,3.036543,0.105,walk
60.16538,1,3.039525,3.036543,0.105,Clean
60.58755,1,3.039525,3.036543,0.105,walk
60.63149,1,3.039525,3.036543,0.105,Clean
61.05074,1,3.039525,3.036543,0.105,walk
61.09759,1,3.039525,3.036543,0.105,Clean
61.51919,1,3.039525,3.036543,0.105,walk
61.56486,1,3.039525,3.036543,0.105,Clean
61.98959,1,3.039525,3.036543,0.105,walk
61.98959,1,3.039525,3.036543,0.105,walk
62.07989,1,3.039525,3.036543,0.105,Clean
62.50943,1,3.039525,3.036543,0.105,walk
62.55244,1,3.039525,3.036543,0.105,Clean
62.97626,1,3.039525,3.036543,0.105,walk
63.02213,1,3.039525,3.036543,0.105,Clean
63.44807,1,3.039525,3.036543,0.105,walk
63.49701,1,3.039525,3.036543,0.105,Clean
63.92136,1,3.039525,3.036543,0.105,walk
63.96634,1,3.039525,3.036543,0.105,Clean
64.38593,1,3.039525,3.036543,0.105,walk
64.38593,1,3.039525,3.036543,0.105,walk
64.47048,1,3.039525,3.036543,0.105,Clean
64.89956,1,3.039525,3.036543,0.105,walk
64.94527,1,3.039525,3.036543,0.105,Clean
65.37064,1,3.039525,3.036543,0.105,walk
65.41528,1,3.039525,3.036543,0.105,Clean
65.83617,1,3.039525,3.036543,0.105,walk
65.88247,1,3.039525,3.036543,0.105,Clean
66.30625,1,3.039525,3.036543,0.105,walk
66.35088,1,3.039525,3.036543,0.105,Clean
66.7801,1,3.039525,3.036543,0.105,walk
66.7801,1,3.039525,3.036543,0.105,walk
66.86445,1,3.039525,3.036543,0.105,Clean
67.29347,1,3.039525,3.036543,0.105,walk
67.34496,1,3.039525,3.036543,0.105,Clean
67.78101,1,3.039525,3.036543,0.105,walk
67.82465,1,3.039525,3.036543,0.105,Clean
68.24436,1,3.039525,3.036543,0.105,walk
68.30166,1,3.039525,3.036543,0.105,Clean
68.72662,1,3.039525,3.036543,0.105,walk
68.77029,1,3.039525,3.036543,0.105,Clean
69.19308,1,3.039525,3.036543,0.105,walk
69.19308,1,3.039525,3.036543,0.105,walk
69.28232,1,3.039525,3.036543,0.105,Clean
69.71413,1,3.039525,3.036543,0.105,walk
69.75999,1,3.039525,3.036543,0.105,Clean
70.18575,1,3.039525,3.036543,0.105,walk
70.23391,1,3.039525,3.036543,0.105,Clean
70.66379,1,3.039525,3.036543,0.105,walk
70.71197,1,3.039525,3.036543,0.105,Clean
71.1403,1,3.039525,3.036543,0.105,walk
71.18922,1,3.039525,3.036543,0.105,Clean
71.62434,1,3.039525,3.036543,0.105,walk
71.62434,1,3.039525,3.036543,0.105,walk
71.71718,1,3.039525,3.036543,0.105,Clean
72.15799,1,3.039525,3.036543,0.105,walk
72.20583,1,3.039525,3.036543,0.105,Clean
72.62968,1,3.039525,3.036543,0.105,walk
72.67289,1,3.039525,3.036543,0.105,Clean
73.09838,1,3.039525,3.036543,0.105,walk
73.15089,1,3.039525,3.036543,0.105,Clean
73.57407,1,3.039525,3.036543,0.105,walk
73.62029,1,3.039525,3.036543,0.105,Clean
74.0456,1,3.039525,3.036543,0.105,walk
74.0456,1,3.039525,3.036543,0.105,walk
74.12943,1,3.039525,3.036543,0.105,Clean
74.56251,1,3.039525,3.036543,0.105,walk
74.62242,1,3.039525,3.036543,0.105,Clean
75.05338,1,3.039525,3.036543,0.105,walk
75.10052,1,3.039525,3.036543,0.105,Clean
75.53417,1,3.039525,3.036543,0.105,walk
75.58613,1,3.039525,3.036543,0.105,Clean
76.02474,1,3.039525,3.036543,0.105,walk
76.07411,1,3.039525,3.036543,0.105,Clean
76.50241,1,3.039525,3.036543,0.105,walk
76.50241,1,3.039525,3.036543,0.105,walk
76.58805,1,3.039525,3.036543,0.105,Clean
77.01527,1,3.039525,3.036543,0.105,walk
77.06118,1,3.039525,3.036543,0.105,Clean
77.49697,1,3.039525,3.036543,0.105,walk
77.54488,1,3.039525,3.036543,0.105,Clean
77.96833,1,3.039525,3.036543,0.105,walk
78.01992,1,3.039525,3.036543,0.105,Clean
78.44284,1,3.039525,3.036543,0.105,walk
78.49152,1,3.039525,3.036543,0.105,Clean
78.91681,1,3.039525,3.036543,0.105,walk
78.91681,1,3.039525,3.036543,0.105,walk
79.00234,1,3.039525,3.036543,0.105,Clean
79.42852,1,3.039525,3.036543,0.105,walk
79.47652,1,3.039525,3.036543,0.105,Clean
79.89719,1,3.039525,3.036543,0.105,walk
79.94283,1,3.039525,3.036543,0.105,Clean
80.36791,1,3.039525,3.036543,0.105,walk
80.41236,1,3.039525,3.036543,0.105,Clean
80.84663,1,3.039525,3.036543,0.105,walk
80.89306,1,3.039525,3.036543,0.105,Clean
81.3434,1,3.039525,3.036543,0.105,walk
81.3434,1,3.039525,3.036543,0.105,walk
81.43095,1,3.039525,3.036543,0.105,Clean
81.85958,1,3.039525,3.036543,0.105,walk
81.90418,1,3.039525,3.036543,0.105,Clean
82.32835,1,3.039525,3.036543,0.105,walk
82.37467,1,3.039525,3.036543,0.105,Clean
82.79613,1,3.039525,3.036543,0.105,walk
82.84518,1,3.039525,3.036543,0.105,Clean
83.26682,1,3.039525,3.036543,0.105,walk
83.3113,1,3.039525,3.036543,0.105,Clean
83.73457,1,3.039525,3.036543,0.105,walk
83.73457,1,3.039525,3.036543,0.105,walk
83.8196,1,3.039525,3.036543,0.105,Clean
84.24969,1,3.039525,3.036543,0.105,walk
84.29792,1,3.039525,3.036543,0.105,Clean
84.72309,1,3.039525,3.036543,0.105,walk
84.76801,1,3.039525,3.036543,0.105,Clean
85.19241,1,3.039525,3.036543,0.105,walk
85.24487,1,3.039525,3.036543,0.105,Clean
85.67143,1,3.039525,3.036543,0.105,walk
85.71709,1,3.039525,3.036543,0.105,Clean
86.14382,1,3.039525,3.036543,0.105,walk
86.14382,1,3.039525,3.036543,0.105,walk
86.23098,1,3.039525,3.036543,0.105,Clean
86.66163,1,3.039525,3.036543,0.105,walk
86.70748,1,3.039525,3.036543,0.105,Clean
87.13003,1,3.039525,3.036543,0.105,walk
87.17615,1,3.039525,3.036543,0.105,Clean
87.64516,1,3.039525,3.036543,0.105,walk
87.69734,1,3.039525,3.036543,0.105,Clean
88.11788,1,3.039525,3.036543,0.105,walk
88.16328,1,3.039525,3.036543,0.105,Clean
88.58582,1,3.039525,3.036543,0.105,walk
88.58582,1,3.039525,3.036543,0.105,walk
88.67331,1,3.039525,3.036543,0.105,Clean
89.10389,1,3.039525,3.036543,0.105,walk
89.14907,1,3.039525,3.036543,0.105,Clean
89.57178,1,3.039525,3.036543,0.105,walk
89.61703,1,3.039525,3.036543,0.105,Clean
90.04394,1,3.039525,3.036543,0.105,walk
90.0957,1,3.039525,3.036543,0.105,Clean
90.52332,1,3.039525,3.036543,0.105,walk
90.56744,1,3.039525,3.036543,0.105,Clean
91.00653,1,3.039525,3.036543,0.105,walk
91.00653,1,3.039525,3.036543,0.105,walk
91.10017,1,3.039525,3.036543,0.105,Clean
91.52818,1,3.039525,3.036543,0.105,walk
91.57343,1,3.039525,3.036543,0.105,Clean
91.99776,1,3.039525,3.036543,0.105,walk
92.04473,1,3.039525,3.036543,0.105,Clean
92.46748,1,3.039525,3.036543,0.105,walk
92.5146,1,3.039525,3.036543,0.105,Clean
92.9362,1,3.039525,3.036543,0.105,walk
92.97938,1,3.039525,3.036543,0.105,Clean
93.40273,1,3.039525,3.036543,0.105,walk
93.40273,1,3.039525,3.036543,0.105,walk
93.4901,1,3.039525,3.036543,0.105,Clean
93.94111,1,3.039525,3.036543,0.105,walk
93.98586,1,3.039525,3.036543,0.105,Clean
94.41045,1,3.039525,3.036543,0.105,walk
94.45766,1,3.039525,3.036543,0.105,Clean
94.8901,1,3.039525,3.036543,0.105,walk
94.94062,1,3.039525,3.036543,0.105,Clean
95.36942,1,3.039525,3.036543,0.105,walk
95.41783,1,3.039525,3.036543,0.105,Clean
95.84783,1,3.039525,3.036543,0.105,walk
95.84783,1,3.039525,3.036543,0.105,walk
95.93384,1,3.039525,3.036543,0.105,Clean
96.36709,1,3.039525,3.036543,0.105,walk
96.41425,1,3.039525,3.036543,0.105,Clean
96.84126,1,3.039525,3.036543,0.105,walk
96.89084,1,3.039525,3.036543,0.105,Clean
97.32685,1,3.039525,3.036543,0.105,walk
97.37406,1,3.039525,3.036543,0.105,Clean
97.79663,1,3.039525,3.036543,0.105,walk
97.84252,1,3.039525,3.036543,0.105,Clean
98.2664,1,3.039525,3.036543,0.105,walk
98.2664,1,3.039525,3.036543,0.105,walk
98.35578,1,3.039525,3.036543,0.105,Clean
98.78496,1,3.039525,3.036543,0.105,walk
98.82914,1,3.039525,3.036543,0.105,Clean
99.25524,1,3.039525,3.036543,0.105,walk
99.30415,1,3.039525,3.036543,0.105,Clean
99.73098,1,3.039525,3.036543,0.105,walk
99.77967,1,3.039525,3.036543,0.105,Clean
100.2064,1,3.039525,3.036543,0.105,walk
100.2637,1,3.039525,3.036543,0.105,Clean
100.6896,1,3.039525,3.036543,0.105,walk
100.6896,1,3.039525,3.036543,0.105,walk
100.7775,1,3.039525,3.036543,0.105,Clean
101.2114,1,3.039525,3.036543,0.105,walk
101.2567,1,3.039525,3.036543,0.105,Clean
101.6918,1,3.039525,3.036543,0.105,walk
101.739,1,3.039525,3.036543,0.105,Clean
102.1665,1,3.039525,3.036543,0.105,walk
102.2155,1,3.039525,3.036543,0.105,Clean
102.6377,1,3.039525,3.036543,0.105,walk
102.6824,1,3.039525,3.036543,0.105,Clean
103.1058,1,3.039525,3.036543,0.105,walk
103.1058,1,3.039525,3.036543,0.105,walk
103.1947,1,3.039525,3.036543,0.105,Clean
103.6554,1,3.039525,3.036543,0.105,walk
103.7016,1,3.039525,3.036543,0.105,Clean
104.132,1,3.039525,3.036543,0.105,walk
104.1785,1,3.039525,3.036543,0.105,Clean
104.6117,1,3.039525,3.036543,0.105,walk
104.6605,1,3.039525,3.036543,0.105,Clean
105.0858,1,3.039525,3.036543,0.105,walk
105.1333,1,3.039525,3.036543,0.105,Clean
105.5581,1,3.039525,3.036543,0.105,walk
105.5581,1,3.039525,3.036543,0.105,walk
105.6473,1,3.039525,3.036543,0.105,Clean
106.0792,1,3.039525,3.036543,0.105,walk
106.1298,1,3.039525,3.036543,0.105,Clean
106.5651,1,3.039525,3.036543,0.105,walk
106.6248,1,3.039525,3.036543,0.105,Clean
107.0504,1,3.039525,3.036543,0.105,walk
107.0996,1,3.039525,3.036543,0.105,Clean
107.538,1,3.039525,3.036543,0.105,walk
107.5913,1,3.039525,3.036543,0.105,Clean
108.0199,1,3.039525,3.036543,0.105,walk
108.0199,1,3.039525,3.036543,0.105,walk
108.1048,1,3.039525,3.036543,0.105,Clean
108.5316,1,3.039525,3.036543,0.105,walk
108.5859,1,3.039525,3.036543,0.105,Clean
109.0053,1,3.039525,3.036543,0.105,walk
109.0496,1,3.039525,3.036543,0.105,Clean
109.4691,1,3.039525,3.036543,0.105,walk
109.5128,1,3.039525,3.036543,0.105,Clean
109.9552,1,3.039525,3.036543,0.105,walk
110.0095,1,3.039525,3.036543,0.105,Clean
110.4403,1,3.039525,3.036543,0.105,walk
110.4403,1,3.039525,3.036543,0.105,walk
110.5354,1,3.039525,3.036543,0.105,Clean
110.9801,1,3.039525,3.036543,0.105,walk
111.0318,1,3.039525,3.036543,0.105,Clean
111.472,1,3.039525,3.036543,0.105,walk
111.5228,1,3.039525,3.036543,0.105,Clean
111.9662,1,3.039525,3.036543,0.105,walk
112.0159,1,3.039525,3.036543,0.105,Clean
112.4508,1,3.039525,3.036543,0.105,walk
112.4508,1,3.039525,3.036543,0.105,walk
112.5361,1,3.039525,3.036543,0.105,Clean
112.9768,1,3.039525,3.036543,0.105,walk
113.0349,1,3.039525,3.036543,0.105,Clean
113.4619,1,3.039525,3.036543,0.105,walk
113.5092,1,3.039525,3.036543,0.105,Clean
113.9386,1,3.039525,3.036543,0.105,walk
113.9948,1,3.039525,3.036543,0.105,Clean
114.4239,1,3.039525,3.036543,0.105,walk
114.4685,1,3.039525,3.036543,0.105,Clean
114.8958,1,3.039525,3.036543,0.105,walk
114.8958,1,3.039525,3.036543,0.105,walk
114.9914,1,3.039525,3.036543,0.105,Clean
115.4166,1,3.039525,3.036543,0.105,walk
115.4611,1,3.039525,3.036543,0.105,Clean
115.8856,1,3.039525,3.036543,0.105,walk
115.9353,1,3.039525,3.036543,0.105,Clean
116.3603,1,3.039525,3.036543,0.105,walk
116.418,1,3.039525,3.036543,0.105,Clean
116.8456,1,3.039525,3.036543,0.105,walk
116.8974,1,3.039525,3.036543,0.105,Clean
117.3285,1,3.039525,3.036543,0.105,walk
117.3285,1,3.039525,3.036543,0.105,walk
117.4213,1,3.039525,3.036543,0.105,Clean
117.8525,1,3.039525,3.036543,0.105,walk
117.9029,1,3.039525,3.036543,0.105,Clean
118.3272,1,3.039525,3.036543,0.105,walk
118.3728,1,3.039525,3.036543,0.105,Clean
118.8066,1,3.039525,3.036543,0.105,walk
118.8539,1,3.039525,3.036543,0.105,Clean
119.2913,1,3.039525,3.036543,0.105,walk
119.3401,1,3.039525,3.036543,0.105,Clean
119.7857,1,3.039525,3.036543,0.105,walk
119.7857,1,3.039525,3.036543,0.105,walk
119.8742,1,3.039525,3.036543,0.105,Clean
120.3122,1,3.039525,3.036543,0.105,walk
120.3568,1,3.039525,3.036543,0.105,Clean
120.7863,1,3.039525,3.036543,0.105,walk
120.8301,1,3.039525,3.036543,0.105,Clean
121.2519,1,3.039525,3.036543,0.105,walk
121.2985,1,3.039525,3.036543,0.105,Clean
121.7222,1,3.039525,3.036543,0.105,walk
121.7687,1,3.039525,3.036543,0.105,Clean
122.1943,1,3.039525,3.036543,0.105,walk
122.1943,1,3.039525,3.036543,0.105,walk
122.2872,1,3.039525,3.036543,0.105,Clean
122.7173,1,3.039525,3.036543,0.105,walk
122.7671,1,3.039525,3.036543,0.105,Clean
123.1872,1,3.039525,3.036543,0.105,walk
123.2332,1,3.039525,3.036543,0.105,Clean
123.6554,1,3.039525,3.036543,0.105,walk
123.7024,1,3.039525,3.036543,0.105,Clean
124.1271,1,3.039525,3.036543,0.105,walk
124.1728,1,3.039525,3.036543,0.105,Clean
124.5991,1,3.039525,3.036543,0.105,walk
124.5991,1,3.039525,3.036543,0.105,walk
124.6855,1,3.039525,3.036543,0.105,Clean
125.1176,1,3.039525,3.036543,0.105,walk
125.1646,1,3.039525,3.036543,0.105,Clean
125.5963,1,3.039525,3.036543,0.105,walk
125.6431,1,3.039525,3.036543,0.105,Clean
126.0973,1,3.039525,3.036543,0.105,walk
126.1488,1,3.039525,3.036543,0.105,Clean
126.5712,1,3.039525,3.036543,0.105,walk
126.6165,1,3.039525,3.036543,0.105,Clean
127.0393,1,3.039525,3.036543,0.105,walk
127.0393,1,3.039525,3.036543,0.105,walk
127.1261,1,3.039525,3.036543,0.105,Clean
127.553,1,3.039525,3.036543,0.105,walk
127.6049,1,3.039525,3.036543,0.105,Clean
128.03,1,3.039525,3.036543,0.105,walk
128.076,1,3.039525,3.036543,0.105,Clean
128.4989,1,3.039525,3.036543,0.105,walk
128.5458,1,3.039525,3.036543,0.105,Clean
128.9687,1,3.039525,3.036543,0.105,walk
129.0147,1,3.039525,3.036543,0.105,Clean
129.4694,1,3.039525,3.036543,0.105,walk
129.4694,1,3.039525,3.036543,0.105,walk
129.5529,1,3.039525,3.036543,0.105,Clean
129.9824,1,3.039525,3.036543,0.105,walk
130.0297,1,3.039525,3.036543,0.105,Clean
130.4497,1,3.039525,3.036543,0.105,walk
130.4935,1,3.039525,3.036543,0.105,Clean
130.922,1,3.039525,3.036543,0.105,walk
130.9691,1,3.039525,3.036543,0.105,Clean
131.391,1,3.039525,3.036543,0.105,walk
131.4357,1,3.039525,3.036543,0.105,Clean
131.8614,1,3.039525,3.036543,0.105,walk
131.8614,1,3.039525,3.036543,0.105,walk
131.9494,1,3.039525,3.036543,0.105,Clean
132.3982,1,3.039525,3.036543,0.105,walk
132.4424,1,3.039525,3.036543,0.105,Clean
132.8651,1,3.039525,3.036543,0.105,walk
132.9091,1,3.039525,3.036543,0.105,Clean
133.3305,1,3.039525,3.036543,0.105,walk
133.3779,1,3.039525,3.036543,0.105,Clean
133.8018,1,3.039525,3.036543,0.105,walk
133.8452,1,3.039525,3.036543,0.105,Clean
134.2693,1,3.039525,3.036543,0.105,walk
134.2693,1,3.039525,3.036543,0.105,walk
134.3544,1,3.039525,3.036543,0.105,Clean
134.7845,1,3.039525,3.036543,0.105,walk
134.8291,1,3.039525,3.036543,0.105,Clean
135.2532,1,3.039525,3.036543,0.105,walk
135.298,1,3.039525,3.036543,0.105,Clean
135.7285,1,3.039525,3.036543,0.105,walk
135.7771,1,3.039525,3.036543,0.105,Clean
136.2005,1,3.039525,3.036543,0.105,walk
136.2457,1,3.039525,3.036543,0.105,Clean
136.6724,1,3.039525,3.036543,0.105,walk
136.6724,1,3.039525,3.036543,0.105,walk
136.7614,1,3.039525,3.036543,0.105,Clean
137.2051,1,3.039525,3.036543,0.105,walk
137.2523,1,3.039525,3.036543,0.105,Clean
137.6979,1,3.039525,3.036543,0.105,walk
137.7432,1,3.039525,3.036543,0.105,Clean
138.1739,1,3.039525,3.036543,0.105,walk
138.2165,1,3.039525,3.036543,0.105,Clean
138.6395,1,3.039525,3.036543,0.105,walk
138.6923,1,3.039525,3.036543,0.105,Clean
139.1237,1,3.039525,3.036543,0.105,walk
139.1237,1,3.039525,3.036543,0.105,walk
139.2144,1,3.039525,3.036543,0.105,Clean
139.6469,1,3.039525,3.036543,0.105,walk
139.6962,1,3.039525,3.036543,0.105,Clean
140.1334,1,3.039525,3.036543,0.105,walk
140.1864,1,3.039525,3.036543,0.105,Clean
140.6107,1,3.039525,3.036543,0.105,walk
140.656,1,3.039525,3.036543,0.105,Clean
141.089,1,3.039525,3.036543,0.105,walk
141.1404,1,3.039525,3.036543,0.105,Clean
141.5736,1,3.039525,3.036543,0.105,walk
141.5736,1,3.039525,3.036543,0.105,walk
141.6687,1,3.039525,3.036543,0.105,Clean
142.1137,1,3.039525,3.036543,0.105,walk
142.1668,1,3.039525,3.036543,0.105,Clean
142.5992,1,3.039525,3.036543,0.105,walk
142.6466,1,3.039525,3.036543,0.105,Clean
143.0729,1,3.039525,3.036543,0.105,walk
143.1192,1,3.039525,3.036543,0.105,Clean
143.5513,1,3.039525,3.036543,0.105,walk
143.5992,1,3.039525,3.036543,0.105,Clean
144.0227,1,3.039525,3.036543,0.105,walk
144.0227,1,3.039525,3.036543,0.105,walk
144.1143,1,3.039525,3.036543,0.105,Clean
144.5501,1,3.039525,3.036543,0.105,walk
144.5972,1,3.039525,3.036543,0.105,Clean
145.0261,1,3.039525,3.036543,0.105,walk
145.0934,1,3.039525,3.036543,0.105,Clean
145.5307,1,3.039525,3.036543,0.105,walk
145.5798,1,3.039525,3.036543,0.105,Clean
146.0084,1,3.039525,3.036543,0.105,walk
146.0535,1,3.039525,3.036543,0.105,Clean
146.4777,1,3.039525,3.036543,0.105,walk
146.4777,1,3.039525,3.036543,0.105,walk
146.5685,1,3.039525,3.036543,0.105,Clean
147.0001,1,3.039525,3.036543,0.105,walk
147.047,1,3.039525,3.036543,0.105,Clean
147.4712,1,3.039525,3.036543,0.105,walk
147.521,1,3.039525,3.036543,0.105,Clean
147.9505,1,3.039525,3.036543,0.105,walk
147.9974,1,3.039525,3.036543,0.105,Clean
148.4257,1,3.039525,3.036543,0.105,walk
148.4748,1,3.039525,3.036543,0.105,Clean
148.9058,1,3.039525,3.036543,0.105,walk
148.9058,1,3.039525,3.036543,0.105,walk
148.9966,1,3.039525,3.036543,0.105,Clean
149.4241,1,3.039525,3.036543,0.105,walk
149.4712,1,3.039525,3.036543,0.105,Clean
149.9027,1,3.039525,3.036543,0.105,walk
149.9491,1,3.039525,3.036543,0.105,Clean
150.3826,1,3.039525,3.036543,0.105,walk
150.4317,1,3.039525,3.036543,0.105,Clean
150.8624,1,3.039525,3.036543,0.105,walk
150.9123,1,3.039525,3.036543,0.105,Clean
151.3445,1,3.039525,3.036543,0.105,walk
151.3445,1,3.039525,3.036543,0.105,walk
151.4574,1,3.039525,3.036543,0.105,Clean
151.8928,1,3.039525,3.036543,0.105,walk
151.939,1,3.039525,3.036543,0.105,Clean
152.3661,1,3.039525,3.036543,0.105,walk
152.4127,1,3.039525,3.036543,0.105,Clean
152.8392,1,3.039525,3.036543,0.105,walk
152.8898,1,3.039525,3.036543,0.105,Clean
153.3143,1,3.039525,3.036543,0.105,walk
153.361,1,3.039525,3.036543,0.105,Clean
153.7894,1,3.039525,3.036543,0.105,walk
153.7894,1,3.039525,3.036543,0.105,walk
153.8804,1,3.039525,3.036543,0.105,Clean
154.3128,1,3.039525,3.036543,0.105,walk
154.3605,1,3.039525,3.036543,0.105,Clean
154.7896,1,3.039525,3.036543,0.105,walk
154.8425,1,3.039525,3.036543,0.105,Clean
155.269,1,3.039525,3.036543,0.105,walk
155.3176,1,3.039525,3.036543,0.105,Clean
155.7452,1,3.039525,3.036543,0.105,walk
155.7917,1,3.039525,3.036543,0.105,Clean
156.2209,1,3.039525,3.036543,0.105,walk
156.2209,1,3.039525,3.036543,0.105,walk
156.3123,1,3.039525,3.036543,0.105,Clean
156.7462,1,3.039525,3.036543,0.105,walk
156.793,1,3.039525,3.036543,0.105,Clean
157.22,1,3.039525,3.036543,0.105,walk
157.2688,1,3.039525,3.036543,0.105,Clean
158.2283,1,3.039525,3.294952,0.105,walk
160.232,1,3.785771,3.885245,0.105,walk
161.0778,1,4.06163,3.996543,0.105,walk
161.1902,1,4.06163,3.996543,0.105,Clean
162.2554,1,4.255468,4.235113,0.105,walk
164.2727,1,4.841534,4.956423,0.105,walk
164.4234,1,4.84163,4.956542,0.105,walk
164.4742,1,4.84163,4.956542,0.105,Clean
166.3038,1,5.324245,5.368633,0.105,walk
168.2427,1,5.881631,5.710284,0.105,walk
168.3201,1,5.881631,5.710284,0.105,Clean
168.7568,1,5.881631,5.710284,0.105,walk
168.7568,1,5.881631,5.710284,0.105,walk
168.8564,1,5.881631,5.710284,0.105,Clean
169.3015,1,5.881631,5.710284,0.105,walk
169.3485,1,5.881631,5.710284,0.105,Clean
169.8088,1,5.881631,5.710284,0.105,walk
169.8534,1,5.881631,5.710284,0.105,Clean
170.2811,1,5.881631,5.710284,0.105,walk
170.3259,1,5.881631,5.710284,0.105,Clean
170.7512,1,5.881631,5.710284,0.105,walk
170.8065,1,5.881631,5.710284,0.105,Clean
171.2326,1,5.881631,5.710284,0.105,walk
171.2326,1,5.881631,5.710284,0.105,walk
171.3234,1,5.881631,5.710284,0.105,Clean
171.7491,1,5.881631,5.710284,0.105,walk
171.7951,1,5.881631,5.710284,0.105,Clean
172.2409,1,5.881631,5.710284,0.105,walk
172.2992,1,5.881631,5.710284,0.105,Clean
172.7548,1,5.881631,5.710284,0.105,walk
172.83,1,5.881631,5.710284,0.105,Clean
173.406,1,5.881631,5.710284,0.105,walk
175.4167,1,5.097305,5.042952,0.105,walk
177.4231,1,4.526751,4.127099,0.105,walk
179.4337,1,3.954977,3.209289,0.105,walk
181.4397,1,3.834983,2.17918,0.105,walk
183.4561,1,3.842277,1.076159,0.105,walk
185.3971,1,4.08163,0.2365426,0.105,walk
185.4702,1,4.08163,0.2365426,0.105,Clean
185.9127,1,4.08163,0.2365426,0.105,walk
185.9127,1,4.08163,0.2365426,0.105,walk
186.0277,1,4.08163,0.2365426,0.105,Clean
186.4698,1,4.08163,0.2365426,0.105,walk
186.5232,1,4.08163,0.2365426,0.105,Clean
186.9651,1,4.08163,0.2365426,0.105,walk
187.0258,1,4.08163,0.2365426,0.105,Clean
187.4601,1,4.08163,0.2365426,0.105,walk
187.5137,1,4.08163,0.2365426,0.105,Clean
187.9565,1,4.08163,0.2365426,0.105,walk
187.9565,1,4.08163,0.2365426,0.105,walk
188.0578,1,4.08163,0.2365426,0.105,Clean
188.4942,1,4.08163,0.2365426,0.105,walk
188.5426,1,4.08163,0.2365426,0.105,Clean
188.97,1,4.08163,0.2365426,0.105,walk
189.0164,1,4.08163,0.2365426,0.105,Clean
189.4708,1,4.08163,0.2365426,0.105,walk
189.5249,1,4.08163,0.2365426,0.105,Clean
189.9683,1,4.08163,0.2365426,0.105,walk
189.9683,1,4.08163,0.2365426,0.105,walk
190.0895,1,4.08163,0.2365426,0.105,Clean
190.5775,1,4.08163,0.2365426,0.105,walk
190.6433,1,4.08163,0.2365426,0.105,Clean
191.1767,1,4.08163,0.2365426,0.105,walk
191.2567,1,4.08163,0.2365426,0.105,Clean
191.7181,1,4.08163,0.2365426,0.105,walk
191.7798,1,4.08163,0.2365426,0.105,Clean
192.2466,1,4.08163,0.2365426,0.105,walk
194.2559,1,3.809913,1.176456,0.105,walk
196.2616,1,3.735822,2.270866,0.105,walk
198.2844,1,4.181104,3.251029,0.105,walk
200.2845,1,4.68733,4.204525,0.105,walk
202.3131,1,5.198766,5.169698,0.105,walk
204.3242,1,5.767287,5.654506,0.105,walk
204.8032,1,5.881631,5.710284,0.105,walk
204.8821,1,5.881631,5.710284,0.105,Clean
205.3257,1,5.881631,5.710284,0.105,walk
205.3802,1,5.881631,5.710284,0.105,Clean
205.8231,1,5.881631,5.710284,0.105,walk
205.873,1,5.881631,5.710284,0.105,Clean
206.3162,1,5.881631,5.710284,0.105,walk
206.3817,1,5.881631,5.710284,0.105,Clean
206.8109,1,5.881631,5.710284,0.105,walk
206.8109,1,5.881631,5.710284,0.105,walk
206.901,1,5.881631,5.710284,0.105,Clean
207.337,1,5.881631,5.710284,0.105,walk
207.3876,1,5.881631,5.710284,0.105,Clean
207.8157,1,5.881631,5.710284,0.105,walk
207.8665,1,5.881631,5.710284,0.105,Clean
208.3199,1,5.881631,5.710284,0.105,walk
208.369,1,5.881631,5.710284,0.105,Clean
208.7945,1,5.881631,5.710284,0.105,walk
208.8398,1,5.881631,5.710284,0.105,Clean
209.2737,1,5.881631,5.710284,0.105,walk
209.2737,1,5.881631,5.710284,0.105,walk
209.3654,1,5.881631,5.710284,0.105,Clean
209.7995,1,5.881631,5.710284,0.105,walk
209.8504,1,5.881631,5.710284,0.105,Clean
210.2853,1,5.881631,5.710284,0.105,walk
210.3332,1,5.881631,5.710284,0.105,Clean
210.7624,1,5.881631,5.710284,0.105,walk
210.8137,1,5.881631,5.710284,0.105,Clean
211.2488,1,5.881631,5.710284,0.105,walk
211.3011,1,5.881631,5.710284,0.105,Clean
211.7401,1,5.881631,5.710284,0.105,walk
211.7401,1,5.881631,5.710284,0.105,walk
211.827,1,5.881631,5.710284,0.105,Clean
212.2515,1,5.881631,5.710284,0.105,walk
212.2993,1,5.881631,5.710284,0.105,Clean
212.7243,1,5.881631,5.710284,0.105,walk
212.77,1,5.881631,5.710284,0.105,Clean
213.1929,1,5.881631,5.710284,0.105,walk
213.2376,1,5.881631,5.710284,0.105,Clean
213.667,1,5.881631,5.710284,0.105,walk
213.7118,1,5.881631,5.710284,0.105,Clean
214.1373,1,5.881631,5.710284,0.105,walk
214.1373,1,5.881631,5.710284,0.105,walk
214.2241,1,5.881631,5.710284,0.105,Clean
214.6774,1,5.881631,5.710284,0.105,walk
214.7247,1,5.881631,5.710284,0.105,Clean
215.15,1,5.881631,5.710284,0.105,walk
215.195,1,5.881631,5.710284,0.105,Clean
215.6241,1,5.881631,5.710284,0.105,walk
215.6712,1,5.881631,5.710284,0.105,Clean
216.0997,1,5.881631,5.710284,0.105,walk
216.1497,1,5.881631,5.710284,0.105,Clean
216.5808,1,5.881631,5.710284,0.105,walk
216.5808,1,5.881631,5.710284,0.105,walk
216.686,1,5.881631,5.710284,0.105,Clean
217.1588,1,5.881631,5.710284,0.105,walk
217.2577,1,5.881631,5.710284,0.105,Clean
217.7316,1,5.881631,5.710284,0.105,walk
217.8157,1,5.881631,5.710284,0.105,Clean
218.2785,1,5.881631,5.710284,0.105,walk
218.3462,1,5.881631,5.710284,0.105,Clean
218.8093,1,5.881631,5.710284,0.105,walk
218.8093,1,5.881631,5.710284,0.105,walk
218.9439,1,5.881631,5.710284,0.105,Clean
219.44,1,5.881631,5.710284,0.105,walk
219.5041,1,5.881631,5.710284,0.105,Clean
219.9624,1,5.881631,5.710284,0.105,walk
220.0195,1,5.881631,5.710284,0.105,Clean
220.4734,1,5.881631,5.710284,0.105,walk
220.545,1,5.881631,5.710284,0.105,Clean
220.9842,1,5.881631,5.710284,0.105,walk
220.9842,1,5.881631,5.710284,0.105,walk
221.0824,1,5.881631,5.710284,0.105,Clean
221.5382,1,5.881631,5.710284,0.105,walk
221.5879,1,5.881631,5.710284,0.105,Clean
222.4126,1,5.929102,5.710284,0.105,walk
222.4578,1,5.929102,5.710284,0.105,Clean
223.0146,1,5.890641,5.710284,0.105,walk
225.0303,1,4.855697,5.710284,0.105,walk
227.043,1,4.363499,6.397348,0.105,walk
229.0762,1,4.653559,7.205811,0.105,walk
230.0569,1,5.000309,7.198249,0.105,walk
230.137,1,5.000309,7.198249,0.105,Clean
230.5749,1,5.000309,7.198249,0.105,walk
230.6264,1,5.000309,7.198249,0.105,Clean
231.0632,1,5.000309,7.198249,0.105,walk
231.1137,1,5.000309,7.198249,0.105,Clean
231.5481,1,5.000309,7.198249,0.105,walk
231.5481,1,5.000309,7.198249,0.105,walk
231.6432,1,5.000309,7.198249,0.105,Clean
232.0713,1,5.000309,7.198249,0.105,walk
232.1203,1,5.000309,7.198249,0.105,Clean
232.5542,1,5.000309,7.198249,0.105,walk
232.5999,1,5.000309,7.198249,0.105,Clean
233.0325,1,5.000309,7.198249,0.105,walk
233.0837,1,5.000309,7.198249,0.105,Clean
233.5107,1,5.000309,7.198249,0.105,walk
233.5634,1,5.000309,7.198249,0.105,Clean
233.9888,1,5.000309,7.198249,0.105,walk
233.9888,1,5.000309,7.198249,0.105,walk
234.0788,1,5.000309,7.198249,0.105,Clean
234.5082,1,5.000309,7.198249,0.105,walk
234.5637,1,5.000309,7.198249,0.105,Clean
234.9902,1,5.000309,7.198249,0.105,walk
235.0384,1,5.000309,7.198249,0.105,Clean
235.4648,1,5.000309,7.198249,0.105,walk
235.519,1,5.000309,7.198249,0.105,Clean
235.9665,1,5.000309,7.198249,0.105,walk
236.015,1,5.000309,7.198249,0.105,Clean
236.4405,1,5.000309,7.198249,0.105,walk
238.4525,1,4.350187,6.873843,0.105,walk
240.4641,1,4.428519,5.794295,0.105,walk
242.4697,1,5.434813,5.704787,0.105,walk
243.6142,1,5.881631,5.710284,0.105,walk
243.7021,1,5.881631,5.710284,0.105,Clean
244.4698,1,5.750819,5.649168,0.105,walk
246.4841,1,5.312084,4.875977,0.105,walk
247.6882,1,5.640144,4.70372,0.105,walk
247.7801,1,5.640144,4.70372,0.105,Clean
248.4912,1,5.535323,4.70372,0.105,walk
250.516,1,5.132106,5.50117,0.105,walk
250.6561,1,5.13163,5.50321,0.105,walk
250.7057,1,5.13163,5.50321,0.105,Clean
252.5283,1,4.492101,5.759022,0.105,walk
254.0358,1,4.37239,6.36968,0.105,walk
254.1157,1,4.37239,6.36968,0.105,Clean
254.6022,1,4.37239,6.36968,0.105,walk
256.374,1,3.88163,6.947654,0.105,walk
256.4524,1,3.88163,6.947654,0.105,Clean
256.9272,1,3.88163,6.947654,0.105,walk
258.5525,1,3.452322,7.236543,0.105,walk
258.6518,1,3.452322,7.236543,0.105,Clean
259.116,1,3.452322,7.236543,0.105,walk
259.3331,1,3.452322,7.18927,0.105,walk
259.3995,1,3.452322,7.18927,0.105,Clean
261.149,1,3.760873,6.929878,0.105,walk
261.2936,1,3.763307,6.930565,0.105,walk
261.3447,1,3.763307,6.930565,0.105,Clean
261.9944,1,3.791317,6.937989,0.105,walk
262.0758,1,3.791317,6.937989,0.105,Clean
262.6943,1,3.819328,6.945413,0.105,walk
262.783,1,3.819328,6.945413,0.105,Clean
263.2624,1,3.819328,6.945413,0.105,walk
263.3769,1,3.847339,6.952837,0.105,walk
263.4354,1,3.847339,6.952837,0.105,Clean
264.0833,1,3.877085,6.952907,0.105,walk
264.1472,1,3.877085,6.952907,0.105,Clean
265.2886,1,3.999813,6.811088,0.105,walk
265.2886,1,3.999813,6.811088,0.105,walk
265.4222,1,3.999813,6.811088,0.105,Clean
266.5618,1,4.12254,6.66927,0.105,walk
266.6456,1,4.12254,6.66927,0.105,Clean
267.2926,1,4.171401,6.612807,0.105,walk
267.774,1,4.245266,6.527452,0.105,walk
267.9079,1,4.245266,6.527452,0.105,Clean
269.0838,1,4.367994,6.385633,0.105,walk
269.1752,1,4.367994,6.385633,0.105,Clean
269.6347,1,4.367994,6.385633,0.105,walk
269.8946,1,4.372995,6.3376,0.105,walk
270.006,1,4.372995,6.3376,0.105,Clean
270.7313,1,4.373903,6.289478,0.105,walk
270.8073,1,4.373903,6.289478,0.105,Clean
271.5801,1,4.374811,6.241358,0.105,walk
271.6507,1,4.374811,6.241358,0.105,Clean
272.0768,1,4.374811,6.241358,0.105,walk
272.4731,1,4.375719,6.193237,0.105,walk
272.5485,1,4.375719,6.193237,0.105,Clean
273.2651,1,4.376627,6.145115,0.105,walk
273.338,1,4.376627,6.145115,0.105,Clean
274.0239,1,4.377534,6.096996,0.105,walk
274.1398,1,4.377534,6.096996,0.105,Clean
274.6582,1,4.377534,6.096996,0.105,walk
276.2496,1,4.736176,5.710284,0.105,walk
276.3018,1,4.736176,5.710284,0.105,Clean
276.7615,1,4.736176,5.710284,0.105,walk
277.2008,1,4.858903,5.710285,0.105,walk
277.2784,1,4.858903,5.710285,0.105,Clean
277.9927,1,4.899812,5.710284,0.105,walk
278.0672,1,4.899812,5.710284,0.105,Clean
278.784,1,4.940722,5.710284,0.105,walk
278.784,1,4.940722,5.710284,0.105,walk
278.903,1,4.940722,5.710284,0.105,Clean
279.7673,1,4.98163,5.676543,0.105,walk
279.8386,1,4.98163,5.676543,0.105,Clean
280.7682,1,5.02254,5.62927,0.105,walk
280.8487,1,5.02254,5.62927,0.105,Clean
281.2898,1,5.02254,5.62927,0.105,walk
281.743,1,5.063448,5.581998,0.105,walk
281.8213,1,5.063448,5.581998,0.105,Clean
282.756,1,5.104357,5.534725,0.105,walk
282.8219,1,5.104357,5.534725,0.105,Clean
283.3207,1,5.113322,5.524365,0.105,walk
283.7627,1,5.145267,5.487452,0.105,walk
283.8096,1,5.145267,5.487452,0.105,Clean
285.1664,1,5.239218,5.185684,0.105,walk
285.2404,1,5.239218,5.185684,0.105,Clean
285.6747,1,5.239218,5.185684,0.105,walk
286.3793,1,5.25737,5.018023,0.105,walk
286.4592,1,5.25737,5.018023,0.105,Clean
287.2822,1,5.278388,4.962316,0.105,walk
287.3526,1,5.278388,4.962316,0.105,Clean
287.7986,1,5.278388,4.962316,0.105,walk
288.4938,1,5.368016,4.81717,0.105,walk
288.5851,1,5.368016,4.81717,0.105,Clean
289.7187,1,5.484097,4.731734,0.105,walk
289.7904,1,5.484097,4.731734,0.105,Clean
290.2234,1,5.484097,4.731734,0.105,walk
290.9596,1,5.636176,4.70372,0.105,walk
291.0109,1,5.636176,4.70372,0.105,Clean
291.4772,1,5.640144,4.70372,0.105,walk
291.5233,1,5.640144,4.70372,0.105,Clean
291.9521,1,5.640144,4.70372,0.105,walk
292.0036,1,5.640144,4.70372,0.105,Clean
292.4328,1,5.640144,4.70372,0.105,walk
292.4328,1,5.640144,4.70372,0.105,walk
292.5209,1,5.640144,4.70372,0.105,Clean
292.9519,1,5.640144,4.70372,0.105,walk
292.9971,1,5.640144,4.70372,0.105,Clean
294.4645,1,5.207888,4.934672,0.105,walk
296.4854,1,4.377752,5.603692,0.105,walk
298.4984,1,3.550864,6.270095,0.105,walk
300.5157,1,2.72225,6.937889,0.105,walk
302.5385,1,1.891318,7.607552,0.1089224,walk
303.3196,1,1.68163,7.776542,0.1102854,walk
303.372,1,1.68163,7.776542,0.1102854,Clean
304.544,1,1.959543,7.549378,0.1084688,walk
306.5547,1,2.764957,6.89104,0.105,walk
306.9113,1,2.83163,6.836543,0.105,walk
306.9858,1,2.83163,6.836543,0.105,Clean
307.426,1,2.83163,6.836543,0.105,walk
307.4801,1,2.83163,6.836543,0.105,Clean
307.914,1,2.83163,6.836543,0.105,walk
307.9901,1,2.83163,6.836543,0.105,Clean
308.4254,1,2.83163,6.836543,0.105,walk
308.475,1,2.83163,6.836543,0.105,Clean
308.9268,1,2.83163,6.836543,0.105,walk
308.9268,1,2.83163,6.836543,0.105,walk
309.0328,1,2.83163,6.836543,0.105,Clean
309.477,1,2.83163,6.836543,0.105,walk
309.5261,1,2.83163,6.836543,0.105,Clean
309.9628,1,2.83163,6.836543,0.105,walk
310.0116,1,2.83163,6.836543,0.105,Clean
310.4484,1,2.83163,6.836543,0.105,walk
310.4957,1,2.83163,6.836543,0.105,Clean
310.9261,1,2.83163,6.836543,0.105,walk
310.9801,1,2.83163,6.836543,0.105,Clean
311.4112,1,2.83163,6.836543,0.105,walk
311.4112,1,2.83163,6.836543,0.105,walk
311.5214,1,2.83163,6.836543,0.105,Clean
313.4253,1,2.70309,7.596157,0.1056971,walk
315.4332,1,2.52014,8.677311,0.105,walk
317.2461,1,2.38163,9.495843,0.105,walk
317.316,1,2.38163,9.495843,0.105,Clean
317.8089,1,2.38163,9.495843,0.105,walk
317.8089,1,2.38163,9.495843,0.105,walk
317.9259,1,2.38163,9.495843,0.105,Clean
318.3781,1,2.38163,9.495843,0.105,walk
318.4504,1,2.38163,9.495843,0.105,Clean
318.9048,1,2.38163,9.495843,0.105,walk
318.9618,1,2.38163,9.495843,0.105,Clean
319.4072,1,2.38163,9.495843,0.105,walk
319.4836,1,2.38163,9.495843,0.105,Clean
319.9636,1,2.38163,9.495843,0.105,walk
321.581,1,1.73163,9.495843,0.105,walk
321.6512,1,1.73163,9.495843,0.105,Clean
322.1773,1,1.73163,9.495843,0.105,walk
323.1243,1,2.05663,9.495843,0.105,walk
323.2106,1,2.05663,9.495843,0.105,Clean
324.1792,1,2.287806,9.495843,0.105,walk
324.6125,1,2.38163,9.495843,0.105,walk
324.6632,1,2.38163,9.495843,0.105,Clean
326.1852,1,2.493917,8.942246,0.105,walk
327.5102,1,2.60663,8.386542,0.1052896,walk
327.5609,1,2.60663,8.386542,0.1052896,Clean
328.1906,1,2.61775,8.309938,0.1067482,walk
329.7898,1,2.719131,7.611543,0.1056832,walk
329.8666,1,2.719131,7.611543,0.1056832,Clean
330.2996,1,2.719131,7.611543,0.1056832,walk
332.0957,1,2.83163,6.836543,0.105,walk
332.1451,1,2.83163,6.836543,0.105,Clean
332.591,1,2.83163,6.836543,0.105,walk
332.591,1,2.83163,6.836543,0.105,walk
332.6975,1,2.83163,6.836543,0.105,Clean
333.1342,1,2.83163,6.836543,0.105,walk
333.1856,1,2.83163,6.836543,0.105,Clean
333.6228,1,2.83163,6.836543,0.105,walk
333.6708,1,2.83163,6.836543,0.105,Clean
334.0987,1,2.83163,6.836543,0.105,walk
334.1434,1,2.83163,6.836543,0.105,Clean
334.5715,1,2.83163,6.836543,0.105,walk
334.6309,1,2.83163,6.836543,0.105,Clean
335.0596,1,2.83163,6.836543,0.105,walk
335.0596,1,2.83163,6.836543,0.105,walk
335.147,1,2.83163,6.836543,0.105,Clean
335.5742,1,2.83163,6.836543,0.105,walk
335.6223,1,2.83163,6.836543,0.105,Clean
336.0448,1,2.83163,6.836543,0.105,walk
336.0906,1,2.83163,6.836543,0.105,Clean
336.5191,1,2.83163,6.836543,0.105,walk
336.5697,1,2.83163,6.836543,0.105,Clean
337.0005,1,2.83163,6.836543,0.105,walk
337.0476,1,2.83163,6.836543,0.105,Clean
337.4752,1,2.83163,6.836543,0.105,walk
337.4752,1,2.83163,6.836543,0.105,walk
337.5645,1,2.83163,6.836543,0.105,Clean
338.0122,1,2.83163,6.836543,0.105,walk
338.0574,1,2.83163,6.836543,0.105,Clean
338.4891,1,2.83163,6.836543,0.105,walk
338.5355,1,2.83163,6.836543,0.105,Clean
338.9592,1,2.83163,6.836543,0.105,walk
339.0098,1,2.83163,6.836543,0.105,Clean
339.4347,1,2.83163,6.836543,0.105,walk
339.4817,1,2.83163,6.836543,0.105,Clean
339.9061,1,2.83163,6.836543,0.105,walk
339.9061,1,2.83163,6.836543,0.105,walk
339.9943,1,2.83163,6.836543,0.105,Clean
340.426,1,2.83163,6.836543,0.105,walk
340.473,1,2.83163,6.836543,0.105,Clean
340.8979,1,2.83163,6.836543,0.105,walk
340.951,1,2.83163,6.836543,0.105,Clean
341.3759,1,2.83163,6.836543,0.105,walk
341.4243,1,2.83163,6.836543,0.105,Clean
341.8506,1,2.83163,6.836543,0.105,walk
341.9005,1,2.83163,6.836543,0.105,Clean
342.3373,1,2.83163,6.836543,0.105,walk
342.3373,1,2.83163,6.836543,0.105,walk
342.4586,1,2.83163,6.836543,0.105,Clean
342.908,1,2.83163,6.836543,0.105,walk
342.9579,1,2.83163,6.836543,0.105,Clean
343.3822,1,2.83163,6.836543,0.105,walk
343.4301,1,2.83163,6.836543,0.105,Clean
343.8624,1,2.83163,6.836543,0.105,walk
343.9095,1,2.83163,6.836543,0.105,Clean
344.3448,1,2.83163,6.836543,0.105,walk
344.3448,1,2.83163,6.836543,0.105,walk
344.4377,1,2.83163,6.836543,0.105,Clean
344.8717,1,2.83163,6.836543,0.105,walk
344.9189,1,2.83163,6.836543,0.105,Clean
345.3462,1,2.83163,6.836543,0.105,walk
345.4087,1,2.83163,6.836543,0.105,Clean
346.3766,1,2.788106,7.093753,0.105,walk
348.3855,1,2.60506,8.175472,0.1079307,walk
350.4148,1,2.420171,9.268082,0.105,walk
350.9922,1,2.38163,9.495843,0.105,walk
351.0397,1,2.38163,9.495843,0.105,Clean
351.4651,1,2.38163,9.495843,0.105,walk
351.5117,1,2.38163,9.495843,0.105,Clean
351.9424,1,2.38163,9.495843,0.105,walk
351.9986,1,2.38163,9.495843,0.105,Clean
352.4246,1,2.38163,9.495843,0.105,walk
352.4246,1,2.38163,9.495843,0.105,walk
352.5225,1,2.38163,9.495843,0.105,Clean
352.9645,1,2.38163,9.495843,0.105,walk
353.0165,1,2.38163,9.495843,0.105,Clean
354.4495,1,2.477749,8.990579,0.105,walk
356.4162,1,2.65163,8.076543,0.1074321,walk
356.4899,1,2.65163,8.076543,0.1074321,Clean
356.9321,1,2.65163,8.076543,0.1074321,walk
358.9324,1,2.803497,7.030354,0.105,walk
359.5945,1,2.83163,6.836543,0.105,walk
359.6889,1,2.83163,6.836543,0.105,Clean
360.129,1,2.83163,6.836543,0.105,walk
360.1832,1,2.83163,6.836543,0.105,Clean
360.6241,1,2.83163,6.836543,0.105,walk
360.674,1,2.83163,6.836543,0.105,Clean
361.1125,1,2.83163,6.836543,0.105,walk
361.1125,1,2.83163,6.836543,0.105,walk
361.2216,1,2.83163,6.836543,0.105,Clean
361.6706,1,2.83163,6.836543,0.105,walk
361.7242,1,2.83163,6.836543,0.105,Clean
362.1573,1,2.83163,6.836543,0.105,walk
362.2057,1,2.83163,6.836543,0.105,Clean
362.6375,1,2.83163,6.836543,0.105,walk
362.6879,1,2.83163,6.836543,0.105,Clean
363.1156,1,2.83163,6.836543,0.105,walk
363.1156,1,2.83163,6.836543,0.105,walk
363.2061,1,2.83163,6.836543,0.105,Clean
363.66,1,2.83163,6.836543,0.105,walk
363.713,1,2.83163,6.836543,0.105,Clean
364.1533,1,2.83163,6.836543,0.105,walk
364.2007,1,2.83163,6.836543,0.105,Clean
364.6744,1,2.83163,6.836543,0.105,walk
364.7379,1,2.83163,6.836543,0.105,Clean
365.1663,1,2.83163,6.836543,0.105,walk
365.1663,1,2.83163,6.836543,0.105,walk
365.2522,1,2.83163,6.836543,0.105,Clean
365.6838,1,2.83163,6.836543,0.105,walk
365.7495,1,2.83163,6.836543,0.105,Clean
366.1849,1,2.83163,6.836543,0.105,walk
366.233,1,2.83163,6.836543,0.105,Clean
366.6599,1,2.83163,6.836543,0.105,walk
366.7108,1,2.83163,6.836543,0.105,Clean
367.1458,1,2.83163,6.836543,0.105,walk
367.1924,1,2.83163,6.836543,0.105,Clean
367.619,1,2.83163,6.836543,0.105,walk
367.619,1,2.83163,6.836543,0.105,walk
367.7094,1,2.83163,6.836543,0.105,Clean
368.153,1,2.83163,6.836543,0.105,walk
368.1993,1,2.83163,6.836543,0.105,Clean
368.628,1,2.83163,6.836543,0.105,walk
368.6756,1,2.83163,6.836543,0.105,Clean
369.1212,1,2.83163,6.836543,0.105,walk
369.1719,1,2.83163,6.836543,0.105,Clean
369.6022,1,2.83163,6.836543,0.105,walk
369.649,1,2.83163,6.836543,0.105,Clean
370.0748,1,2.83163,6.836543,0.105,walk
370.0748,1,2.83163,6.836543,0.105,walk
370.1882,1,2.83163,6.836543,0.105,Clean
370.654,1,2.83163,6.836543,0.105,walk
370.7176,1,2.83163,6.836543,0.105,Clean
371.1552,1,2.83163,6.836543,0.105,walk
371.2062,1,2.83163,6.836543,0.105,Clean
371.6524,1,2.83163,6.836543,0.105,walk
371.7053,1,2.83163,6.836543,0.105,Clean
372.1682,1,2.83163,6.836543,0.105,walk
372.1682,1,2.83163,6.836543,0.105,walk
372.2671,1,2.83163,6.836543,0.105,Clean
372.7295,1,2.83163,6.836543,0.105,walk
372.7859,1,2.83163,6.836543,0.105,Clean
373.2452,1,2.83163,6.836543,0.105,walk
373.3043,1,2.83163,6.836543,0.105,Clean
373.7606,1,2.83163,6.836543,0.105,walk
373.8138,1,2.83163,6.836543,0.105,Clean
374.246,1,2.83163,6.836543,0.105,walk
374.246,1,2.83163,6.836543,0.105,walk
374.3548,1,2.83163,6.836543,0.105,Clean
374.8009,1,2.83163,6.836543,0.105,walk
374.8478,1,2.83163,6.836543,0.105,Clean
375.2742,1,2.83163,6.836543,0.105,walk
375.319,1,2.83163,6.836543,0.105,Clean
375.7418,1,2.83163,6.836543,0.105,walk
375.7888,1,2.83163,6.836543,0.105,Clean
376.226,1,2.83163,6.836543,0.105,walk
376.2744,1,2.83163,6.836543,0.105,Clean
376.7065,1,2.83163,6.836543,0.105,walk
376.7065,1,2.83163,6.836543,0.105,walk
376.8035,1,2.83163,6.836543,0.105,Clean
377.2338,1,2.83163,6.836543,0.105,walk
377.2813,1,2.83163,6.836543,0.105,Clean
377.7061,1,2.83163,6.836543,0.105,walk
377.7525,1,2.83163,6.836543,0.105,Clean
378.1772,1,2.83163,6.836543,0.105,walk
378.2289,1,2.83163,6.836543,0.105,Clean
378.6666,1,2.83163,6.836543,0.105,walk
378.7149,1,2.83163,6.836543,0.105,Clean
379.1412,1,2.83163,6.836543,0.105,walk
379.1412,1,2.83163,6.836543,0.105,walk
379.2343,1,2.83163,6.836543,0.105,Clean
379.6664,1,2.83163,6.836543,0.105,walk
379.7124,1,2.83163,6.836543,0.105,Clean
380.1425,1,2.83163,6.836543,0.105,walk
380.188,1,2.83163,6.836543,0.105,Clean
380.6152,1,2.83163,6.836543,0.105,walk
380.6646,1,2.83163,6.836543,0.105,Clean
381.0986,1,2.83163,6.836543,0.105,walk
381.1457,1,2.83163,6.836543,0.105,Clean
381.5769,1,2.83163,6.836543,0.105,walk
381.5769,1,2.83163,6.836543,0.105,walk
381.6701,1,2.83163,6.836543,0.105,Clean
382.1066,1,2.83163,6.836543,0.105,walk
382.154,1,2.83163,6.836543,0.105,Clean
382.5769,1,2.83163,6.836543,0.105,walk
382.6238,1,2.83163,6.836543,0.105,Clean
383.0469,1,2.83163,6.836543,0.105,walk
383.1157,1,2.83163,6.836543,0.105,Clean
383.5483,1,2.83163,6.836543,0.105,walk
383.5988,1,2.83163,6.836543,0.105,Clean
384.0433,1,2.83163,6.836543,0.105,walk
384.0433,1,2.83163,6.836543,0.105,walk
384.1518,1,2.83163,6.836543,0.105,Clean
384.5834,1,2.83163,6.836543,0.105,walk
384.6288,1,2.83163,6.836543,0.105,Clean
385.0569,1,2.83163,6.836543,0.105,walk
385.1026,1,2.83163,6.836543,0.105,Clean
385.5284,1,2.83163,6.836543,0.105,walk
385.5738,1,2.83163,6.836543,0.105,Clean
385.9964,1,2.83163,6.836543,0.105,walk
386.0461,1,2.83163,6.836543,0.105,Clean
386.4742,1,2.83163,6.836543,0.105,walk
386.4742,1,2.83163,6.836543,0.105,walk
386.5687,1,2.83163,6.836543,0.105,Clean
387.0005,1,2.83163,6.836543,0.105,walk
387.0577,1,2.83163,6.836543,0.105,Clean
387.5011,1,2.83163,6.836543,0.105,walk
387.5511,1,2.83163,6.836543,0.105,Clean
387.9883,1,2.83163,6.836543,0.105,walk
388.0385,1,2.83163,6.836543,0.105,Clean
388.4722,1,2.83163,6.836543,0.105,walk
388.5228,1,2.83163,6.836543,0.105,Clean
388.9622,1,2.83163,6.836543,0.105,walk
388.9622,1,2.83163,6.836543,0.105,walk
389.0592,1,2.83163,6.836543,0.105,Clean
389.486,1,2.83163,6.836543,0.105,walk
389.5434,1,2.83163,6.836543,0.105,Clean
389.9793,1,2.83163,6.836543,0.105,walk
390.0264,1,2.83163,6.836543,0.105,Clean
390.4616,1,2.83163,6.836543,0.105,walk
390.5086,1,2.83163,6.836543,0.105,Clean
390.9349,1,2.83163,6.836543,0.105,walk
390.9859,1,2.83163,6.836543,0.105,Clean
391.4475,1,2.83163,6.836543,0.105,walk
391.4475,1,2.83163,6.836543,0.105,walk
391.5417,1,2.83163,6.836543,0.105,Clean
391.9813,1,2.83163,6.836543,0.105,walk
392.0332,1,2.83163,6.836543,0.105,Clean
392.4683,1,2.83163,6.836543,0.105,walk
392.5199,1,2.83163,6.836543,0.105,Clean
392.9593,1,2.83163,6.836543,0.105,walk
393.0217,1,2.83163,6.836543,0.105,Clean
393.4579,1,2.83163,6.836543,0.105,walk
393.4579,1,2.83163,6.836543,0.105,walk
393.5543,1,2.83163,6.836543,0.105,Clean
393.9941,1,2.83163,6.836543,0.105,walk
394.0464,1,2.83163,6.836543,0.105,Clean
394.4808,1,2.83163,6.836543,0.105,walk
394.5324,1,2.83163,6.836543,0.105,Clean
394.9785,1,2.83163,6.836543,0.105,walk
395.0288,1,2.83163,6.836543,0.105,Clean
395.4662,1,2.83163,6.836543,0.105,walk
395.4662,1,2.83163,6.836543,0.105,walk
395.5929,1,2.83163,6.836543,0.105,Clean
396.0423,1,2.83163,6.836543,0.105,walk
396.1051,1,2.83163,6.836543,0.105,Clean
396.5893,1,2.83163,6.836543,0.105,walk
396.6505,1,2.83163,6.836543,0.105,Clean
397.0926,1,2.83163,6.836543,0.105,walk
397.1459,1,2.83163,6.836543,0.105,Clean
397.5858,1,2.83163,6.836543,0.105,walk
397.5858,1,2.83163,6.836543,0.105,walk
397.6748,1,2.83163,6.836543,0.105,Clean
398.1102,1,2.83163,6.836543,0.105,walk
398.1579,1,2.83163,6.836543,0.105,Clean
398.5859,1,2.83163,6.836543,0.105,walk
398.6351,1,2.83163,6.836543,0.105,Clean
399.5988,1,2.752456,7.059671,0.105,walk
400.0216,1,2.72163,7.146543,0.105,walk
400.0947,1,2.72163,7.146543,0.105,Clean
401.3349,1,2.61163,7.456542,0.1056109,walk
401.4282,1,2.61163,7.456542,0.1056109,Clean
401.8725,1,2.61163,7.456542,0.1056109,walk
402.8449,1,2.50163,7.766542,0.1070322,walk
402.8962,1,2.50163,7.766542,0.1070322,Clean
403.885,1,2.417942,8.002392,0.1081135,walk
404.2516,1,2.39163,8.076543,0.1084535,walk
404.3207,1,2.39163,8.076543,0.1084535,Clean
405.9076,1,2.191775,8.639772,0.105,walk
406.9265,1,2.06163,9.006543,0.105,walk
407.0001,1,2.06163,9.006543,0.105,Clean
407.9084,1,1.936878,9.191518,0.105,walk
408.8948,1,1.73163,9.495843,0.105,walk
408.973,1,1.73163,9.495843,0.105,Clean
409.4533,1,1.73163,9.495843,0.105,walk
409.5048,1,1.73163,9.495843,0.105,Clean
409.9421,1,1.73163,9.495843,0.105,walk
409.9421,1,1.73163,9.495843,0.105,walk
410.0429,1,1.73163,9.495843,0.105,Clean
410.4834,1,1.73163,9.495843,0.105,walk
410.5345,1,1.73163,9.495843,0.105,Clean
411.8738,1,1.95163,9.316543,0.105,walk
411.9578,1,1.95163,9.316543,0.105,Clean
412.4027,1,1.95163,9.316543,0.105,walk
414.403,1,2.30328,8.325531,0.1064513,walk
416.3872,1,2.61163,7.456542,0.1056109,walk
416.4712,1,2.61163,7.456542,0.1056109,Clean
416.9233,1,2.61163,7.456542,0.1056109,walk
418.9457,1,1.76177,6.883288,0.1071204,walk
420.5493,1,1.198298,6.50321,0.1089622,walk
420.6227,1,1.198298,6.50321,0.1089622,Clean
421.0616,1,1.198298,6.50321,0.1089622,walk
422.6946,1,0.5627452,6.336542,0.105,walk
422.7483,1,0.5627452,6.336542,0.105,Clean
423.1846,1,0.5627452,6.336542,0.105,walk
423.1846,1,0.5627452,6.336542,0.105,walk
423.2853,1,0.5627452,6.336542,0.105,Clean
425.2177,1,1.290823,6.496991,0.1080832,walk
427.2227,1,2.30374,6.72021,0.105,walk
428.5615,1,2.83163,6.836543,0.105,walk
428.6348,1,2.83163,6.836543,0.105,Clean
429.0701,1,2.83163,6.836543,0.105,walk
429.1232,1,2.83163,6.836543,0.105,Clean
429.5909,1,2.83163,6.836543,0.105,walk
429.5909,1,2.83163,6.836543,0.105,walk
429.6909,1,2.83163,6.836543,0.105,Clean
430.1274,1,2.83163,6.836543,0.105,walk
430.1782,1,2.83163,6.836543,0.105,Clean
430.6172,1,2.83163,6.836543,0.105,walk
430.6688,1,2.83163,6.836543,0.105,Clean
431.1051,1,2.83163,6.836543,0.105,walk
431.1545,1,2.83163,6.836543,0.105,Clean
431.5919,1,2.83163,6.836543,0.105,walk
431.5919,1,2.83163,6.836543,0.105,walk
431.69,1,2.83163,6.836543,0.105,Clean
432.1288,1,2.83163,6.836543,0.105,walk
432.1785,1,2.83163,6.836543,0.105,Clean
432.6097,1,2.83163,6.836543,0.105,walk
432.6721,1,2.83163,6.836543,0.105,Clean
433.1146,1,2.83163,6.836543,0.105,walk
433.1611,1,2.83163,6.836543,0.105,Clean
433.5898,1,2.83163,6.836543,0.105,walk
433.6378,1,2.83163,6.836543,0.105,Clean
434.079,1,2.83163,6.836543,0.105,walk
434.079,1,2.83163,6.836543,0.105,walk
434.1755,1,2.83163,6.836543,0.105,Clean
434.6056,1,2.83163,6.836543,0.105,walk
434.6516,1,2.83163,6.836543,0.105,Clean
435.0828,1,2.83163,6.836543,0.105,walk
435.1327,1,2.83163,6.836543,0.105,Clean
435.562,1,2.83163,6.836543,0.105,walk
435.6078,1,2.83163,6.836543,0.105,Clean
436.0641,1,2.83163,6.836543,0.105,walk
436.1121,1,2.83163,6.836543,0.105,Clean
436.5404,1,2.83163,6.836543,0.105,walk
436.5404,1,2.83163,6.836543,0.105,walk
436.6347,1,2.83163,6.836543,0.105,Clean
437.0667,1,2.83163,6.836543,0.105,walk
437.1179,1,2.83163,6.836543,0.105,Clean
437.5599,1,2.83163,6.836543,0.105,walk
437.6086,1,2.83163,6.836543,0.105,Clean
438.0345,1,2.83163,6.836543,0.105,walk
438.0861,1,2.83163,6.836543,0.105,Clean
438.5179,1,2.83163,6.836543,0.105,walk
438.5676,1,2.83163,6.836543,0.105,Clean
438.9969,1,2.83163,6.836543,0.105,walk
438.9969,1,2.83163,6.836543,0.105,walk
439.1133,1,2.83163,6.836543,0.105,Clean
439.5647,1,2.83163,6.836543,0.105,walk
439.6177,1,2.83163,6.836543,0.105,Clean
440.0575,1,2.83163,6.836543,0.105,walk
440.1062,1,2.83163,6.836543,0.105,Clean
440.5494,1,2.83163,6.836543,0.105,walk
440.5981,1,2.83163,6.836543,0.105,Clean
441.0339,1,2.83163,6.836543,0.105,walk
441.0339,1,2.83163,6.836543,0.105,walk
441.1323,1,2.83163,6.836543,0.105,Clean
441.5715,1,2.83163,6.836543,0.105,walk
441.6233,1,2.83163,6.836543,0.105,Clean
442.0729,1,2.83163,6.836543,0.105,walk
442.121,1,2.83163,6.836543,0.105,Clean
442.5751,1,2.83163,6.836543,0.105,walk
442.6229,1,2.83163,6.836543,0.105,Clean
443.0503,1,2.83163,6.836543,0.105,walk
443.0503,1,2.83163,6.836543,0.105,walk
443.1443,1,2.83163,6.836543,0.105,Clean
443.5795,1,2.83163,6.836543,0.105,walk
443.6309,1,2.83163,6.836543,0.105,Clean
444.0605,1,2.83163,6.836543,0.105,walk
444.1094,1,2.83163,6.836543,0.105,Clean
444.5347,1,2.83163,6.836543,0.105,walk
444.5847,1,2.83163,6.836543,0.105,Clean
445.0184,1,2.83163,6.836543,0.105,walk
445.0677,1,2.83163,6.836543,0.105,Clean
445.4957,1,2.83163,6.836543,0.105,walk
445.4957,1,2.83163,6.836543,0.105,walk
445.595,1,2.83163,6.836543,0.105,Clean
446.0292,1,2.83163,6.836543,0.105,walk
446.0781,1,2.83163,6.836543,0.105,Clean
446.5143,1,2.83163,6.836543,0.105,walk
446.5634,1,2.83163,6.836543,0.105,Clean
446.9985,1,2.83163,6.836543,0.105,walk
447.0458,1,2.83163,6.836543,0.105,Clean
447.4744,1,2.83163,6.836543,0.105,walk
447.5218,1,2.83163,6.836543,0.105,Clean
447.952,1,2.83163,6.836543,0.105,walk
447.952,1,2.83163,6.836543,0.105,walk
448.0449,1,2.83163,6.836543,0.105,Clean
448.4866,1,2.83163,6.836543,0.105,walk
448.5391,1,2.83163,6.836543,0.105,Clean
448.9885,1,2.83163,6.836543,0.105,walk
449.0402,1,2.83163,6.836543,0.105,Clean
449.4686,1,2.83163,6.836543,0.105,walk
449.5172,1,2.83163,6.836543,0.105,Clean
449.9467,1,2.83163,6.836543,0.105,walk
449.996,1,2.83163,6.836543,0.105,Clean
450.4293,1,2.83163,6.836543,0.105,walk
450.4293,1,2.83163,6.836543,0.105,walk
450.5222,1,2.83163,6.836543,0.105,Clean
450.9526,1,2.83163,6.836543,0.105,walk
451.0049,1,2.83163,6.836543,0.105,Clean
451.4507,1,2.83163,6.836543,0.105,walk
451.5035,1,2.83163,6.836543,0.105,Clean
451.9457,1,2.83163,6.836543,0.105,walk
451.9952,1,2.83163,6.836543,0.105,Clean
452.433,1,2.83163,6.836543,0.105,walk
452.433,1,2.83163,6.836543,0.105,walk
452.5248,1,2.83163,6.836543,0.105,Clean
452.9528,1,2.83163,6.836543,0.105,walk
453.0028,1,2.83163,6.836543,0.105,Clean
453.4367,1,2.83163,6.836543,0.105,walk
453.4833,1,2.83163,6.836543,0.105,Clean
453.9144,1,2.83163,6.836543,0.105,walk
453.9621,1,2.83163,6.836543,0.105,Clean
454.4041,1,2.83163,6.836543,0.105,walk
454.4572,1,2.83163,6.836543,0.105,Clean
454.8906,1,2.83163,6.836543,0.105,walk
454.8906,1,2.83163,6.836543,0.105,walk
454.9833,1,2.83163,6.836543,0.105,Clean
455.4462,1,2.83163,6.836543,0.105,walk
455.5022,1,2.83163,6.836543,0.105,Clean
455.9407,1,2.83163,6.836543,0.105,walk
455.9925,1,2.83163,6.836543,0.105,Clean
456.4245,1,2.83163,6.836543,0.105,walk
456.4755,1,2.83163,6.836543,0.105,Clean
456.9031,1,2.83163,6.836543,0.105,walk
456.9031,1,2.83163,6.836543,0.105,walk
456.996,1,2.83163,6.836543,0.105,Clean
457.427,1,2.83163,6.836543,0.105,walk
457.478,1,2.83163,6.836543,0.105,Clean
457.9082,1,2.83163,6.836543,0.105,walk
457.9559,1,2.83163,6.836543,0.105,Clean
458.3924,1,2.83163,6.836543,0.105,walk
458.4377,1,2.83163,6.836543,0.105,Clean
458.8788,1,2.83163,6.836543,0.105,walk
458.9253,1,2.83163,6.836543,0.105,Clean
459.3552,1,2.83163,6.836543,0.105,walk
459.3552,1,2.83163,6.836543,0.105,walk
459.4453,1,2.83163,6.836543,0.105,Clean
459.88,1,2.83163,6.836543,0.105,walk
459.9273,1,2.83163,6.836543,0.105,Clean
460.366,1,2.83163,6.836543,0.105,walk
460.4144,1,2.83163,6.836543,0.105,Clean
460.8439,1,2.83163,6.836543,0.105,walk
460.8962,1,2.83163,6.836543,0.105,Clean
461.3271,1,2.83163,6.836543,0.105,walk
461.3743,1,2.83163,6.836543,0.105,Clean
461.8042,1,2.83163,6.836543,0.105,walk
461.8042,1,2.83163,6.836543,0.105,walk
461.9081,1,2.83163,6.836543,0.105,Clean
462.34,1,2.83163,6.836543,0.105,walk
462.3888,1,2.83163,6.836543,0.105,Clean
462.8171,1,2.83163,6.836543,0.105,walk
462.8648,1,2.83163,6.836543,0.105,Clean
463.2927,1,2.83163,6.836543,0.105,walk
463.3433,1,2.83163,6.836543,0.105,Clean
463.7753,1,2.83163,6.836543,0.105,walk
463.8239,1,2.83163,6.836543,0.105,Clean
464.2541,1,2.83163,6.836543,0.105,walk
464.2541,1,2.83163,6.836543,0.105,walk
464.3478,1,2.83163,6.836543,0.105,Clean
464.7848,1,2.83163,6.836543,0.105,walk
464.8373,1,2.83163,6.836543,0.105,Clean
466.2583,1,2.364374,6.741184,0.105,walk
467.2396,1,2.014963,6.669876,0.1054448,walk
467.3213,1,2.014963,6.669876,0.1054448,Clean
468.2636,1,1.78831,6.617851,0.1061692,walk
470.278,1,0.7724646,6.38468,0.105,walk
470.8686,1,0.5627452,6.336542,0.105,walk
470.9501,1,0.5627452,6.336542,0.105,Clean
471.3939,1,0.5627452,6.336542,0.105,walk
471.4498,1,0.5627452,6.336542,0.105,Clean
471.9006,1,0.5627452,6.336542,0.105,walk
471.9844,1,0.5627452,6.336542,0.105,Clean
472.4282,1,0.5627452,6.336542,0.105,walk
474.1594,1,0.7816303,7.056543,0.1129206,walk
474.2421,1,0.7816303,7.056543,0.1129206,Clean
474.7818,1,0.7816303,7.056543,0.1129206,walk
476.7819,1,1.300256,7.990071,0.1124649,walk
478.7855,1,1.824908,8.934443,0.105,walk
479.6637,1,1.98163,9.216542,0.105,walk
479.7407,1,1.98163,9.216542,0.105,Clean
480.8132,1,1.682475,9.200151,0.105,walk
482.8311,1,0.6472895,9.143435,0.105,walk
483.3116,1,0.5214652,9.136542,0.105,walk
483.4002,1,0.5214652,9.136542,0.105,Clean
483.8372,1,0.5214652,9.136542,0.105,walk
483.894,1,0.5214652,9.136542,0.105,Clean
484.832,1,0.6246306,8.918067,0.105,walk
486.838,1,1.087947,7.936901,0.1131292,walk
487.5579,1,1.198298,7.703209,0.1119501,walk
487.6347,1,1.198298,7.703209,0.1119501,Clean
488.8471,1,1.529447,7.527499,0.1100886,walk
490.8621,1,2.459174,7.034173,0.105,walk
491.9768,1,2.83163,6.836543,0.105,walk
492.0291,1,2.83163,6.836543,0.105,Clean
492.4615,1,2.83163,6.836543,0.105,walk
492.5139,1,2.83163,6.836543,0.105,Clean
492.9491,1,2.83163,6.836543,0.105,walk
494.2766,1,2.75663,7.353209,0.105,walk
494.3292,1,2.75663,7.353209,0.105,Clean
494.967,1,2.745087,7.432732,0.1050107,walk
496.5429,1,2.64413,8.12821,0.1076264,walk
496.6194,1,2.64413,8.12821,0.1076264,Clean
497.0577,1,2.64413,8.12821,0.1076264,walk
497.9107,1,2.60663,8.386542,0.1052896,walk
497.9969,1,2.60663,8.386542,0.1052896,Clean
499.0639,1,2.651895,8.07472,0.1074252,walk
501.0921,1,2.810428,6.982606,0.105,walk
501.6356,1,2.83163,6.836543,0.105,walk
501.7072,1,2.83163,6.836543,0.105,Clean
502.1378,1,2.83163,6.836543,0.105,walk
502.1888,1,2.83163,6.836543,0.105,Clean
502.6202,1,2.83163,6.836543,0.105,walk
502.6783,1,2.83163,6.836543,0.105,Clean
503.132,1,2.83163,6.836543,0.105,walk
503.132,1,2.83163,6.836543,0.105,walk
503.2236,1,2.83163,6.836543,0.105,Clean
503.6513,1,2.83163,6.836543,0.105,walk
503.6989,1,2.83163,6.836543,0.105,Clean
504.1331,1,2.83163,6.836543,0.105,walk
504.1891,1,2.83163,6.836543,0.105,Clean
504.6335,1,2.83163,6.836543,0.105,walk
504.681,1,2.83163,6.836543,0.105,Clean
505.1134,1,2.83163,6.836543,0.105,walk
505.1599,1,2.83163,6.836543,0.105,Clean
505.5872,1,2.83163,6.836543,0.105,walk
505.5872,1,2.83163,6.836543,0.105,walk
505.6998,1,2.83163,6.836543,0.105,Clean
506.1487,1,2.83163,6.836543,0.105,walk
506.2043,1,2.83163,6.836543,0.105,Clean
506.6473,1,2.83163,6.836543,0.105,walk
506.7017,1,2.83163,6.836543,0.105,Clean
507.6115,1,2.755919,7.049912,0.105,walk
509.6354,1,2.396711,8.062224,0.1083878,walk
509.7644,1,2.39163,8.076543,0.1084535,walk
509.8199,1,2.39163,8.076543,0.1084535,Clean
511.6417,1,2.087194,8.73122,0.105,walk
513.5101,1,1.73163,9.495843,0.105,walk
513.5852,1,1.73163,9.495843,0.105,Clean
514.0283,1,1.73163,9.495843,0.105,walk
516.0372,1,2.197136,8.556961,0.105,walk
516.6459,1,2.281631,8.386542,0.1052896,walk
516.7181,1,2.281631,8.386542,0.1052896,Clean
518.0605,1,2.435808,7.952043,0.1078827,walk
520.0638,1,2.795777,6.937583,0.105,walk
520.5195,1,2.83163,6.836543,0.105,walk
520.5651,1,2.83163,6.836543,0.105,Clean
520.9895,1,2.83163,6.836543,0.105,walk
521.0411,1,2.83163,6.836543,0.105,Clean
521.4751,1,2.83163,6.836543,0.105,walk
521.5273,1,2.83163,6.836543,0.105,Clean
521.9764,1,2.83163,6.836543,0.105,walk
522.0365,1,2.83163,6.836543,0.105,Clean
522.4719,1,2.83163,6.836543,0.105,walk
522.4719,1,2.83163,6.836543,0.105,walk
522.5766,1,2.83163,6.836543,0.105,Clean
523.0216,1,2.83163,6.836543,0.105,walk
523.0721,1,2.83163,6.836543,0.105,Clean
523.5117,1,2.83163,6.836543,0.105,walk
523.5641,1,2.83163,6.836543,0.105,Clean
524.0104,1,2.83163,6.836543,0.105,walk
524.0608,1,2.83163,6.836543,0.105,Clean
524.4857,1,2.83163,6.836543,0.105,walk
524.4857,1,2.83163,6.836543,0.105,walk
524.5878,1,2.83163,6.836543,0.105,Clean
525.019,1,2.83163,6.836543,0.105,walk
525.0671,1,2.83163,6.836543,0.105,Clean
525.4944,1,2.83163,6.836543,0.105,walk
525.5404,1,2.83163,6.836543,0.105,Clean
525.9644,1,2.83163,6.836543,0.105,walk
526.012,1,2.83163,6.836543,0.105,Clean
526.4392,1,2.83163,6.836543,0.105,walk
526.4853,1,2.83163,6.836543,0.105,Clean
526.913,1,2.83163,6.836543,0.105,walk
526.913,1,2.83163,6.836543,0.105,walk
526.9992,1,2.83163,6.836543,0.105,Clean
527.444,1,2.83163,6.836543,0.105,walk
527.4934,1,2.83163,6.836543,0.105,Clean
527.9297,1,2.83163,6.836543,0.105,walk
527.9797,1,2.83163,6.836543,0.105,Clean
528.4106,1,2.83163,6.836543,0.105,walk
528.4565,1,2.83163,6.836543,0.105,Clean
528.8809,1,2.83163,6.836543,0.105,walk
528.9272,1,2.83163,6.836543,0.105,Clean
529.3509,1,2.83163,6.836543,0.105,walk
529.3509,1,2.83163,6.836543,0.105,walk
529.4408,1,2.83163,6.836543,0.105,Clean
529.8688,1,2.83163,6.836543,0.105,walk
529.914,1,2.83163,6.836543,0.105,Clean
530.338,1,2.83163,6.836543,0.105,walk
530.386,1,2.83163,6.836543,0.105,Clean
531.3798,1,2.791922,7.110088,0.105,walk
533.392,1,2.634006,8.197952,0.1078887,walk
534.0085,1,2.60663,8.386542,0.1052896,walk
534.0585,1,2.60663,8.386542,0.1052896,Clean
535.4193,1,2.511984,8.853168,0.105,walk
536.9284,1,2.38163,9.495843,0.105,walk
536.9816,1,2.38163,9.495843,0.105,Clean
537.42,1,2.38163,9.495843,0.105,walk
537.42,1,2.38163,9.495843,0.105,walk
537.5261,1,2.38163,9.495843,0.105,Clean
539.4307,1,2.534723,8.741062,0.105,walk
540.3781,1,2.60663,8.386542,0.1052896,walk
540.4519,1,2.60663,8.386542,0.1052896,Clean
541.4478,1,2.646443,8.112275,0.1075665,walk
543.4575,1,2.804162,7.025769,0.105,walk
544.0638,1,2.83163,6.836543,0.105,walk
544.1199,1,2.83163,6.836543,0.105,Clean
544.5535,1,2.83163,6.836543,0.105,walk
544.6037,1,2.83163,6.836543,0.105,Clean
545.0369,1,2.83163,6.836543,0.105,walk
545.0862,1,2.83163,6.836543,0.105,Clean
545.5236,1,2.83163,6.836543,0.105,walk
545.5236,1,2.83163,6.836543,0.105,walk
545.6345,1,2.83163,6.836543,0.105,Clean
546.0729,1,2.83163,6.836543,0.105,walk
546.1218,1,2.83163,6.836543,0.105,Clean
546.5527,1,2.83163,6.836543,0.105,walk
546.615,1,2.83163,6.836543,0.105,Clean
547.045,1,2.83163,6.836543,0.105,walk
547.0922,1,2.83163,6.836543,0.105,Clean
547.5527,1,2.83163,6.836543,0.105,walk
547.5527,1,2.83163,6.836543,0.105,walk
547.642,1,2.83163,6.836543,0.105,Clean
549.5592,1,2.719352,7.610017,0.1056775,walk
551.2964,1,2.60663,8.386542,0.1052896,walk
551.3707,1,2.60663,8.386542,0.1052896,Clean
551.8067,1,2.60663,8.386542,0.1052896,walk
553.8373,1,2.741168,7.459731,0.1051122,walk
553.938,1,2.74163,7.456542,0.1051002,walk
553.9934,1,2.74163,7.456542,0.1051002,Clean
555.8571,1,2.633875,8.198853,0.1078921,walk
557.8618,1,2.481489,9.248629,0.105,walk
558.1752,1,2.47163,9.316543,0.105,walk
558.2299,1,2.47163,9.316543,0.105,Clean
559.8677,1,2.089583,8.838759,0.105,walk
561.8763,1,1.419367,8.000598,0.1120305,walk
563.2965,1,1.048298,7.536542,0.1120076,walk
563.3492,1,1.048298,7.536542,0.1120076,Clean
563.8866,1,1.037148,7.508988,0.1119634,walk
565.9107,1,0.6295252,6.501584,0.105,walk
566.4929,1,0.5627452,6.336542,0.105,walk
566.5743,1,0.5627452,6.336542,0.105,Clean
567.0225,1,0.5627452,6.336542,0.105,walk
567.0873,1,0.5627452,6.336542,0.105,Clean
567.5306,1,0.5627452,6.336542,0.105,walk
567.5836,1,0.5627452,6.336542,0.105,Clean
568.0286,1,0.5627452,6.336542,0.105,walk
568.0286,1,0.5627452,6.336542,0.105,walk
568.1346,1,0.5627452,6.336542,0.105,Clean
570.0568,1,1.185896,6.499957,0.1090801,walk
570.1556,1,1.198298,6.50321,0.1089622,walk
570.2084,1,1.198298,6.50321,0.1089622,Clean
572.0742,1,1.894748,6.645342,0.1058388,walk
574.0839,1,2.821057,6.834384,0.105,walk
574.2321,1,2.83163,6.836543,0.105,walk
574.2852,1,2.83163,6.836543,0.105,Clean
574.7264,1,2.83163,6.836543,0.105,walk
574.7762,1,2.83163,6.836543,0.105,Clean
575.2203,1,2.83163,6.836543,0.105,walk
575.2728,1,2.83163,6.836543,0.105,Clean
575.7269,1,2.83163,6.836543,0.105,walk
575.7773,1,2.83163,6.836543,0.105,Clean
576.2048,1,2.83163,6.836543,0.105,walk
576.2048,1,2.83163,6.836543,0.105,walk
576.3092,1,2.83163,6.836543,0.105,Clean
576.7524,1,2.83163,6.836543,0.105,walk
576.8026,1,2.83163,6.836543,0.105,Clean
577.2381,1,2.83163,6.836543,0.105,walk
577.2902,1,2.83163,6.836543,0.105,Clean
577.7274,1,2.83163,6.836543,0.105,walk
577.7794,1,2.83163,6.836543,0.105,Clean
578.2205,1,2.83163,6.836543,0.105,walk
578.2205,1,2.83163,6.836543,0.105,walk
578.3188,1,2.83163,6.836543,0.105,Clean
578.7565,1,2.83163,6.836543,0.105,walk
578.8077,1,2.83163,6.836543,0.105,Clean
580.2379,1,2.355138,6.739299,0.105,walk
582.0153,1,1.606631,6.586543,0.106783,walk
582.1014,1,1.606631,6.586543,0.106783,Clean
582.5393,1,1.606631,6.586543,0.106783,walk
584.566,1,0.640989,6.355281,0.105,walk
584.8937,1,0.5627452,6.336542,0.105,walk
584.9657,1,0.5627452,6.336542,0.105,Clean
585.4058,1,0.5627452,6.336542,0.105,walk
585.4617,1,0.5627452,6.336542,0.105,Clean
585.9149,1,0.5627452,6.336542,0.105,walk
585.9653,1,0.5627452,6.336542,0.105,Clean
586.4824,1,0.5627449,6.348448,0.105,walk
586.5356,1,0.5627449,6.348448,0.105,Clean
586.9725,1,0.5627449,6.348448,0.105,walk
587.0817,1,0.5627452,6.360352,0.105,walk
587.1349,1,0.5627452,6.360352,0.105,Clean
587.6356,1,0.5627449,6.372256,0.105,walk
587.6865,1,0.5627449,6.372256,0.105,Clean
588.5778,1,0.6149635,6.384161,0.105,walk
588.6285,1,0.6149635,6.384161,0.105,Clean
589.0631,1,0.6149635,6.384161,0.105,walk
589.8557,1,0.7899634,6.419876,0.105,walk
589.917,1,0.7899634,6.419876,0.105,Clean
591.0851,1,0.9649634,6.455591,0.1101515,walk
591.0851,1,0.9649634,6.455591,0.1101515,walk
591.2164,1,0.9649634,6.455591,0.1101515,Clean
593.0494,1,1.489963,6.562733,0.1071653,walk
593.1255,1,1.489963,6.562733,0.1071653,Clean
593.5648,1,1.489963,6.562733,0.1071653,walk
594.2734,1,1.664963,6.598447,0.1065918,walk
594.3496,1,1.664963,6.598447,0.1065918,Clean
595.5656,1,2.029832,6.672911,0.1053961,walk
596.8767,1,2.539963,6.777019,0.105,walk
596.9304,1,2.539963,6.777019,0.105,Clean
597.5664,1,2.60665,6.790627,0.105,walk
598.0458,1,2.714963,6.812733,0.105,walk
598.1213,1,2.714963,6.812733,0.105,Clean
599.5891,1,2.220193,6.711759,0.105,walk
600.17,1,2.014963,6.669876,0.1054448,walk
600.2234,1,2.014963,6.669876,0.1054448,Clean
601.5924,1,1.570295,6.579127,0.1069021,walk
602.588,1,1.198298,6.50321,0.1089622,walk
602.6666,1,1.198298,6.50321,0.1089622,Clean
603.6033,1,0.975027,6.444659,0.1100165,walk
604.7155,1,0.5627452,6.336542,0.105,walk
604.768,1,0.5627452,6.336542,0.105,Clean
605.6144,1,0.7344498,6.39213,0.105,walk
606.1309,1,0.8716305,6.436543,0.106175,walk
606.2072,1,0.8716305,6.436543,0.106175,Clean
607.6393,1,1.309357,6.525875,0.1079072,walk
607.895,1,1.36163,6.536543,0.1075859,walk
607.9483,1,1.36163,6.536543,0.1075859,Clean
609.6497,1,1.84894,6.635993,0.1059889,walk
609.8019,1,1.85163,6.636543,0.1059801,walk
609.8551,1,1.85163,6.636543,0.1059801,Clean
611.6545,1,2.51441,6.771804,0.105,walk
612.5712,1,2.83163,6.836543,0.105,walk
612.6475,1,2.83163,6.836543,0.105,Clean
613.0878,1,2.83163,6.836543,0.105,walk
613.1415,1,2.83163,6.836543,0.105,Clean
613.6004,1,2.83163,6.836543,0.105,walk
613.6547,1,2.83163,6.836543,0.105,Clean
614.0997,1,2.83163,6.836543,0.105,walk
614.0997,1,2.83163,6.836543,0.105,walk
614.1984,1,2.83163,6.836543,0.105,Clean
614.6295,1,2.83163,6.836543,0.105,walk
614.6855,1,2.83163,6.836543,0.105,Clean
615.1265,1,2.83163,6.836543,0.105,walk
615.1799,1,2.83163,6.836543,0.105,Clean
615.6219,1,2.83163,6.836543,0.105,walk
615.6741,1,2.83163,6.836543,0.105,Clean
616.1098,1,2.83163,6.836543,0.105,walk
616.1098,1,2.83163,6.836543,0.105,walk
616.2111,1,2.83163,6.836543,0.105,Clean
616.652,1,2.83163,6.836543,0.105,walk
616.709,1,2.83163,6.836543,0.105,Clean
617.152,1,2.83163,6.836543,0.105,walk
617.2037,1,2.83163,6.836543,0.105,Clean
617.6389,1,2.83163,6.836543,0.105,walk
617.6908,1,2.83163,6.836543,0.105,Clean
618.1284,1,2.83163,6.836543,0.105,walk
618.1284,1,2.83163,6.836543,0.105,walk
618.2267,1,2.83163,6.836543,0.105,Clean
618.6748,1,2.83163,6.836543,0.105,walk
618.7275,1,2.83163,6.836543,0.105,Clean
619.1647,1,2.83163,6.836543,0.105,walk
619.2142,1,2.83163,6.836543,0.105,Clean
619.6514,1,2.83163,6.836543,0.105,walk
619.705,1,2.83163,6.836543,0.105,Clean
620.1564,1,2.83163,6.836543,0.105,walk
620.1564,1,2.83163,6.836543,0.105,walk
620.2668,1,2.83163,6.836543,0.105,Clean
620.7078,1,2.83163,6.836543,0.105,walk
620.758,1,2.83163,6.836543,0.105,Clean
621.1952,1,2.83163,6.836543,0.105,walk
621.2482,1,2.83163,6.836543,0.105,Clean
621.6888,1,2.83163,6.836543,0.105,walk
621.7365,1,2.83163,6.836543,0.105,Clean
622.166,1,2.83163,6.836543,0.105,walk
622.166,1,2.83163,6.836543,0.105,walk
622.2576,1,2.83163,6.836543,0.105,Clean
622.6931,1,2.83163,6.836543,0.105,walk
622.7407,1,2.83163,6.836543,0.105,Clean
623.1759,1,2.83163,6.836543,0.105,walk
623.228,1,2.83163,6.836543,0.105,Clean
623.66,1,2.83163,6.836543,0.105,walk
623.709,1,2.83163,6.836543,0.105,Clean
624.1368,1,2.83163,6.836543,0.105,walk
624.1851,1,2.83163,6.836543,0.105,Clean
624.6148,1,2.83163,6.836543,0.105,walk
624.6148,1,2.83163,6.836543,0.105,walk
624.7137,1,2.83163,6.836543,0.105,Clean
625.1448,1,2.83163,6.836543,0.105,walk
625.1911,1,2.83163,6.836543,0.105,Clean
625.6192,1,2.83163,6.836543,0.105,walk
625.6747,1,2.83163,6.836543,0.105,Clean
626.1116,1,2.83163,6.836543,0.105,walk
626.1595,1,2.83163,6.836543,0.105,Clean
626.6026,1,2.83163,6.836543,0.105,walk
626.653,1,2.83163,6.836543,0.105,Clean
627.0885,1,2.83163,6.836543,0.105,walk
627.0885,1,2.83163,6.836543,0.105,walk
627.1808,1,2.83163,6.836543,0.105,Clean
627.6189,1,2.83163,6.836543,0.105,walk
627.6708,1,2.83163,6.836543,0.105,Clean
628.1056,1,2.83163,6.836543,0.105,walk
628.156,1,2.83163,6.836543,0.105,Clean
628.5918,1,2.83163,6.836543,0.105,walk
628.6438,1,2.83163,6.836543,0.105,Clean
629.0749,1,2.83163,6.836543,0.105,walk
629.1209,1,2.83163,6.836543,0.105,Clean
629.5497,1,2.83163,6.836543,0.105,walk
629.5497,1,2.83163,6.836543,0.105,walk
629.6638,1,2.83163,6.836543,0.105,Clean
630.1082,1,2.83163,6.836543,0.105,walk
630.1589,1,2.83163,6.836543,0.105,Clean
630.5963,1,2.83163,6.836543,0.105,walk
630.6436,1,2.83163,6.836543,0.105,Clean
631.0822,1,2.83163,6.836543,0.105,walk
631.131,1,2.83163,6.836543,0.105,Clean
631.5588,1,2.83163,6.836543,0.105,walk
631.5588,1,2.83163,6.836543,0.105,walk
631.6521,1,2.83163,6.836543,0.105,Clean
633.5814,1,2.544488,7.562497,0.1062128,walk
635.5917,1,2.143365,8.576622,0.105,walk
637.5997,1,1.782852,9.488071,0.105,walk
637.7499,1,1.779778,9.495843,0.105,walk
637.8127,1,1.779778,9.495843,0.105,Clean
638.9191,1,1.924224,9.495843,0.105,walk
638.9998,1,1.924224,9.495843,0.105,Clean
639.613,1,1.959051,9.495843,0.105,walk
639.9319,1,1.996445,9.495843,0.105,walk
640.0106,1,1.996445,9.495843,0.105,Clean
641.04,1,2.068667,9.495843,0.105,walk
641.1155,1,2.068667,9.495843,0.105,Clean
641.6264,1,2.083637,9.495843,0.105,walk
642.0986,1,2.140889,9.495843,0.105,walk
642.1767,1,2.140889,9.495843,0.105,Clean
643.1821,1,2.213111,9.495843,0.105,walk
643.2576,1,2.213111,9.495843,0.105,Clean
643.7007,1,2.213111,9.495843,0.105,walk
644.2377,1,2.285334,9.495843,0.105,walk
644.3181,1,2.285334,9.495843,0.105,Clean
645.7208,1,2.038814,9.071587,0.105,walk
646.7404,1,1.844131,8.736543,0.105,walk
646.8166,1,1.844131,8.736543,0.105,Clean
647.7211,1,1.890617,8.515933,0.105,walk
649.7454,1,2.118341,7.435219,0.1074807,walk
651.7587,1,2.34483,6.360371,0.105,walk
653.7657,1,2.569299,5.294195,0.105,walk
654.3354,1,2.564809,5.136543,0.105,walk
654.3878,1,2.564809,5.136543,0.105,Clean
654.8309,1,2.564809,5.136543,0.105,walk
654.8815,1,2.564809,5.136543,0.105,Clean
655.3215,1,2.564809,5.136543,0.105,walk
655.3809,1,2.564809,5.136543,0.105,Clean
655.8307,1,2.564809,5.136543,0.105,walk
655.8307,1,2.564809,5.136543,0.105,walk
655.9315,1,2.564809,5.136543,0.105,Clean
657.8357,1,2.598927,5.907512,0.1127865,walk
658.7838,1,2.614964,6.269876,0.1099141,walk
658.8622,1,2.614964,6.269876,0.1099141,Clean
659.8685,1,2.602529,5.988878,0.1124175,walk
661.7134,1,2.564809,5.136543,0.105,walk
661.79,1,2.564809,5.136543,0.105,Clean
662.2336,1,2.564809,5.136543,0.105,walk
662.2336,1,2.564809,5.136543,0.105,walk
662.3379,1,2.564809,5.136543,0.105,Clean
664.2385,1,2.398297,5.70321,0.1143498,walk
664.2385,1,2.398297,5.70321,0.1143498,walk
664.3644,1,2.398297,5.70321,0.1143498,Clean
666.2692,1,2.671863,6.41869,0.1078219,walk
667.4039,1,2.83163,6.836543,0.105,walk
667.4827,1,2.83163,6.836543,0.105,Clean
667.9204,1,2.83163,6.836543,0.105,walk
667.9736,1,2.83163,6.836543,0.105,Clean
668.4138,1,2.83163,6.836543,0.105,walk
670.4383,1,2.665677,5.779202,0.1083838,walk
671.9362,1,2.564809,5.136543,0.105,walk
672.0129,1,2.564809,5.136543,0.105,Clean
672.4543,1,2.564809,5.136543,0.105,walk
674.4828,1,1.916058,5.722599,0.1144372,walk
674.9316,1,1.801135,5.710284,0.115,walk
675.0093,1,1.801135,5.710284,0.115,Clean
676.5099,1,1.514398,6.038884,0.1050046,walk
677.9044,1,0.9816306,5.936543,0.105,walk
677.9804,1,0.9816306,5.936543,0.105,Clean
678.5198,1,0.960292,5.956919,0.105,walk
679.884,1,0.5627452,6.336542,0.105,walk
679.9603,1,0.5627452,6.336542,0.105,Clean
680.5329,1,0.5958304,6.307804,0.105,walk
681.8966,1,1.018076,5.941041,0.105,walk
681.9517,1,1.018076,5.941041,0.105,Clean
682.5533,1,1.064268,5.97777,0.105,walk
684.5548,1,1.79165,5.782947,0.1116793,walk
684.8715,1,1.801135,5.710284,0.115,walk
684.9232,1,1.801135,5.710284,0.115,Clean
686.5606,1,2.348372,5.598393,0.114613,walk
687.8698,1,2.564809,5.136543,0.105,walk
687.9236,1,2.564809,5.136543,0.105,Clean
688.3708,1,2.564809,5.136543,0.105,walk
688.4266,1,2.564809,5.136543,0.105,Clean
688.8763,1,2.564809,5.136543,0.105,walk
688.8763,1,2.564809,5.136543,0.105,walk
688.9854,1,2.564809,5.136543,0.105,Clean
689.4287,1,2.564809,5.136543,0.105,walk
689.4824,1,2.564809,5.136543,0.105,Clean
689.9137,1,2.564809,5.136543,0.105,walk
689.962,1,2.564809,5.136543,0.105,Clean
690.3925,1,2.564809,5.136543,0.105,walk
690.4408,1,2.564809,5.136543,0.105,Clean
690.8749,1,2.564809,5.136543,0.105,walk
690.9243,1,2.564809,5.136543,0.105,Clean
691.3641,1,2.564809,5.136543,0.105,walk
691.3641,1,2.564809,5.136543,0.105,walk
691.4683,1,2.564809,5.136543,0.105,Clean
691.9091,1,2.564809,5.136543,0.105,walk
691.9575,1,2.564809,5.136543,0.105,Clean
692.3865,1,2.564809,5.136543,0.105,walk
692.4337,1,2.564809,5.136543,0.105,Clean
692.8625,1,2.564809,5.136543,0.105,walk
692.9143,1,2.564809,5.136543,0.105,Clean
693.3536,1,2.564809,5.136543,0.105,walk
693.4032,1,2.564809,5.136543,0.105,Clean
693.833,1,2.564809,5.136543,0.105,walk
693.833,1,2.564809,5.136543,0.105,walk
693.9338,1,2.564809,5.136543,0.105,Clean
694.3682,1,2.564809,5.136543,0.105,walk
694.4166,1,2.564809,5.136543,0.105,Clean
694.8525,1,2.564809,5.136543,0.105,walk
694.9042,1,2.564809,5.136543,0.105,Clean
695.3361,1,2.564809,5.136543,0.105,walk
695.3846,1,2.564809,5.136543,0.105,Clean
695.8163,1,2.564809,5.136543,0.105,walk
695.8648,1,2.564809,5.136543,0.105,Clean
696.298,1,2.564809,5.136543,0.105,walk
696.298,1,2.564809,5.136543,0.105,walk
696.3922,1,2.564809,5.136543,0.105,Clean
696.8265,1,2.564809,5.136543,0.105,walk
696.8804,1,2.564809,5.136543,0.105,Clean
697.321,1,2.564809,5.136543,0.105,walk
697.3696,1,2.564809,5.136543,0.105,Clean
697.8045,1,2.564809,5.136543,0.105,walk
697.8667,1,2.564809,5.136543,0.105,Clean
698.3023,1,2.564809,5.136543,0.105,walk
698.3023,1,2.564809,5.136543,0.105,walk
698.4005,1,2.564809,5.136543,0.105,Clean
698.8301,1,2.564809,5.136543,0.105,walk
698.8786,1,2.564809,5.136543,0.105,Clean
699.3324,1,2.564809,5.136543,0.105,walk
699.3843,1,2.564809,5.136543,0.105,Clean
699.82,1,2.564809,5.136543,0.105,walk
699.8694,1,2.564809,5.136543,0.105,Clean
700.3057,1,2.564809,5.136543,0.105,walk
700.3057,1,2.564809,5.136543,0.105,walk
700.4023,1,2.564809,5.136543,0.105,Clean
700.832,1,2.564809,5.136543,0.105,walk
700.8796,1,2.564809,5.136543,0.105,Clean
701.3241,1,2.564809,5.136543,0.105,walk
701.3716,1,2.564809,5.136543,0.105,Clean
701.8047,1,2.564809,5.136543,0.105,walk
701.8542,1,2.564809,5.136543,0.105,Clean
702.2924,1,2.564809,5.136543,0.105,walk
702.342,1,2.564809,5.136543,0.105,Clean
702.7727,1,2.564809,5.136543,0.105,walk
702.7727,1,2.564809,5.136543,0.105,walk
702.8692,1,2.564809,5.136543,0.105,Clean
703.3048,1,2.564809,5.136543,0.105,walk
703.3517,1,2.564809,5.136543,0.105,Clean
703.7912,1,2.564809,5.136543,0.105,walk
703.8406,1,2.564809,5.136543,0.105,Clean
704.2771,1,2.564809,5.136543,0.105,walk
704.3348,1,2.564809,5.136543,0.105,Clean
704.7657,1,2.564809,5.136543,0.105,walk
704.8159,1,2.564809,5.136543,0.105,Clean
705.2488,1,2.564809,5.136543,0.105,walk
705.2488,1,2.564809,5.136543,0.105,walk
705.341,1,2.564809,5.136543,0.105,Clean
705.7708,1,2.564809,5.136543,0.105,walk
705.8198,1,2.564809,5.136543,0.105,Clean
706.2552,1,2.564809,5.136543,0.105,walk
706.3085,1,2.564809,5.136543,0.105,Clean
706.7413,1,2.564809,5.136543,0.105,walk
706.7885,1,2.564809,5.136543,0.105,Clean
707.2241,1,2.564809,5.136543,0.105,walk
707.2744,1,2.564809,5.136543,0.105,Clean
707.7087,1,2.564809,5.136543,0.105,walk
707.7087,1,2.564809,5.136543,0.105,walk
707.8018,1,2.564809,5.136543,0.105,Clean
708.2345,1,2.564809,5.136543,0.105,walk
708.2798,1,2.564809,5.136543,0.105,Clean
708.7037,1,2.564809,5.136543,0.105,walk
708.7504,1,2.564809,5.136543,0.105,Clean
709.1813,1,2.564809,5.136543,0.105,walk
709.2304,1,2.564809,5.136543,0.105,Clean
709.6543,1,2.564809,5.136543,0.105,walk
709.7,1,2.564809,5.136543,0.105,Clean
710.1274,1,2.564809,5.136543,0.105,walk
710.1274,1,2.564809,5.136543,0.105,walk
710.2181,1,2.564809,5.136543,0.105,Clean
710.6489,1,2.564809,5.136543,0.105,walk
710.7305,1,2.564809,5.136543,0.105,Clean
711.1631,1,2.564809,5.136543,0.105,walk
711.2115,1,2.564809,5.136543,0.105,Clean
711.6526,1,2.564809,5.136543,0.105,walk
711.6996,1,2.564809,5.136543,0.105,Clean
712.1312,1,2.564809,5.136543,0.105,walk
712.1312,1,2.564809,5.136543,0.105,walk
712.2249,1,2.564809,5.136543,0.105,Clean
712.6622,1,2.564809,5.136543,0.105,walk
712.7106,1,2.564809,5.136543,0.105,Clean
713.14,1,2.564809,5.136543,0.105,walk
713.1908,1,2.564809,5.136543,0.105,Clean
713.6263,1,2.564809,5.136543,0.105,walk
713.6799,1,2.564809,5.136543,0.105,Clean
714.1157,1,2.564809,5.136543,0.105,walk
714.1674,1,2.564809,5.136543,0.105,Clean
714.5989,1,2.564809,5.136543,0.105,walk
714.5989,1,2.564809,5.136543,0.105,walk
714.6954,1,2.564809,5.136543,0.105,Clean
715.1267,1,2.564809,5.136543,0.105,walk
715.177,1,2.564809,5.136543,0.105,Clean
715.6056,1,2.564809,5.136543,0.105,walk
715.6555,1,2.564809,5.136543,0.105,Clean
716.0803,1,2.564809,5.136543,0.105,walk
716.1271,1,2.564809,5.136543,0.105,Clean
716.5509,1,2.564809,5.136543,0.105,walk
716.5997,1,2.564809,5.136543,0.105,Clean
717.0331,1,2.564809,5.136543,0.105,walk
717.0331,1,2.564809,5.136543,0.105,walk
717.1323,1,2.564809,5.136543,0.105,Clean
717.5623,1,2.564809,5.136543,0.105,walk
717.6089,1,2.564809,5.136543,0.105,Clean
718.0508,1,2.564809,5.136543,0.105,walk
718.1014,1,2.564809,5.136543,0.105,Clean
718.5294,1,2.564809,5.136543,0.105,walk
718.5774,1,2.564809,5.136543,0.105,Clean
719.0116,1,2.564809,5.136543,0.105,walk
719.0597,1,2.564809,5.136543,0.105,Clean
719.4886,1,2.564809,5.136543,0.105,walk
719.4886,1,2.564809,5.136543,0.105,walk
719.5806,1,2.564809,5.136543,0.105,Clean
720.019,1,2.564809,5.136543,0.105,walk
720.0685,1,2.564809,5.136543,0.105,Clean
720.5082,1,2.564809,5.136543,0.105,walk
720.5586,1,2.564809,5.136543,0.105,Clean
720.9934,1,2.564809,5.136543,0.105,walk
721.0416,1,2.564809,5.136543,0.105,Clean
721.4819,1,2.564809,5.136543,0.105,walk
721.5294,1,2.564809,5.136543,0.105,Clean
721.9781,1,2.564809,5.136543,0.105,walk
721.9781,1,2.564809,5.136543,0.105,walk
722.0706,1,2.564809,5.136543,0.105,Clean
722.5036,1,2.564809,5.136543,0.105,walk
722.5498,1,2.564809,5.136543,0.105,Clean
722.9836,1,2.564809,5.136543,0.105,walk
723.0317,1,2.564809,5.136543,0.105,Clean
723.466,1,2.564809,5.136543,0.105,walk
723.5126,1,2.564809,5.136543,0.105,Clean
723.9586,1,2.564809,5.136543,0.105,walk
724.0139,1,2.564809,5.136543,0.105,Clean
724.4453,1,2.564809,5.136543,0.105,walk
724.4453,1,2.564809,5.136543,0.105,walk
724.5391,1,2.564809,5.136543,0.105,Clean
724.9726,1,2.564809,5.136543,0.105,walk
725.0222,1,2.564809,5.136543,0.105,Clean
