location,date,b3001,b3002,b3003,b3004,b3005,b3006,b3007,b3008,b3009,b3010,b3011,b3012,b3013
R15,10-10-2016 10:35:20,-200,-200,-200,-200,-200,-200,-200,-200,-200,-200,-200,-63,-200
R15,10-10-2016 10:35:22,-200,-200,-200,-200,-200,-200,-200,-200,-200,-200,-200,-61,-200
P15,10-10-2016 10:35:24,-200,-200,-200,-200,-200,-200,-200,-200,-200,-200,-200,-74,-200
P15,10-10-2016 10:35:26,-200,-200,-200,-200,-200,-200,-200,-200,-200,-200,-200,-78,-200
P15,10-10-2016 10:35:28,-200,-200,-200,-200,-200,-200,-200,-200,-200,-200,-200,-81,-200
N15,10-10-2016 10:35:30,-200,-200,-200,-200,-200,-200,-200,-200,-200,-200,-76,-200,-200
N15,10-10-2016 10:35:32,-200,-200,-200,-200,-200,-200,-200,-200,-200,-200,-79,-80,-200
N15,10-10-2016 10:35:34,-200,-200,-200,-200,-200,-200,-200,-200,-200,-200,-62,-200,-200
N15,10-10-2016 10:35:36,-200,-200,-200,-200,-200,-200,-200,-200,-200,-200,-67,-200,-200
K08,10-10-2016 10:35:38,-200,-200,-200,-200,-79,-200,-200,-200,-200,-200,-200,-200,-200
K08,10-10-2016 10:35:40,-200,-200,-200,-200,-78,-76,-200,-200,-200,-200,-200,-200,-200
K08,10-10-2016 10:35:42,-200,-200,-200,-200,-77,-78,-200,-200,-200,-200,-200,-200,-200
K08,10-10-2016 10:35:44,-200,-200,-200,-200,-200,-77,-200,-200,-200,-200,-200,-200,-200
K08,10-10-2016 10:35:46,-200,-200,-200,-200,-78,-200,-200,-200,-200,-200,-200,-200,-200
K07,10-10-2016 10:35:48,-200,-200,-200,-200,-76,-76,-200,-200,-200,-200,-200,-200,-200
K07,10-10-2016 10:35:50,-200,-200,-200,-200,-75,-75,-200,-81,-200,-200,-200,-200,-200
K07,10-10-2016 10:35:52,-200,-200,-200,-200,-80,-200,-200,-200,-200,-200,-200,-200,-200
K07,10-10-2016 10:35:54,-200,-200,-200,-200,-72,-77,-200,-200,-200,-200,-200,-200,-200
K07,10-10-2016 10:35:56,-200,-200,-200,-200,-73,-77,-200,-200,-200,-200,-200,-200,-200
K06,10-10-2016 10:35:58,-200,-200,-200,-200,-73,-76,-200,-200,-200,-200,-200,-200,-200
K06,10-10-2016 10:36:00,-200,-81,-200,-200,-75,-200,-200,-200,-200,-200,-200,-200,-200
K06,10-10-2016 10:36:02,-200,-200,-200,-200,-75,-78,-200,-200,-200,-200,-200,-200,-200
K06,10-10-2016 10:36:04,-200,-77,-200,-200,-78,-77,-200,-200,-200,-200,-200,-200,-200
K05,10-10-2016 10:36:06,-200,-200,-200,-200,-77,-200,-200,-200,-200,-200,-200,-200,-200
K05,10-10-2016 10:36:08,-200,-70,-200,-200,-200,-200,-200,-200,-200,-200,-200,-200,-200
K05,10-10-2016 10:36:10,-200,-80,-79,-200,-200,-200,-200,-200,-200,-200,-200,-200,-200
K05,10-10-2016 10:36:12,-200,-73,-200,-200,-200,-200,-200,-200,-200,-200,-200,-200,-200
K04,10-10-2016 10:36:14,-200,-74,-80,-200,-200,-200,-200,-200,-200,-200,-200,-200,-200
K04,10-10-2016 10:36:16,-200,-73,-80,-200,-200,-200,-200,-200,-200,-200,-200,-200,-200
K04,10-10-2016 10:36:18,-200,-72,-74,-200,-200,-200,-200,-200,-200,-200,-200,-200,-200
J01,10-10-2016 10:36:20,-200,-75,-200,-200,-200,-200,-200,-200,-200,-200,-200,-200,-200
J01,10-10-2016 10:36:22,-200,-80,-200,-200,-200,-200,-200,-200,-200,-200,-200,-200,-200
J02,10-10-2016 10:36:24,-200,-76,-77,-200,-200,-200,-200,-200,-200,-200,-200,-200,-200
J02,10-10-2016 10:36:26,-200,-68,-200,-200,-200,-200,-200,-200,-200,-200,-200,-200,-200
J02,10-10-2016 10:36:28,-200,-75,-80,-200,-200,-200,-200,-200,-200,-200,-200,-200,-200
J02,10-10-2016 10:36:30,-200,-72,-79,-200,-200,-200,-200,-200,-200,-200,-200,-200,-200
J03,10-10-2016 10:36:32,-200,-71,-200,-200,-200,-200,-200,-200,-200,-200,-200,-200,-200
J03,10-10-2016 10:36:34,-200,-76,-200,-200,-200,-200,-200,-200,-200,-200,-200,-200,-200
J03,10-10-2016 10:36:36,-200,-67,-200,-200,-200,-200,-200,-200,-200,-200,-200,-200,-200
J03,10-10-2016 10:36:38,-200,-66,-200,-200,-200,-200,-200,-200,-200,-200,-200,-200,-200
J03,10-10-2016 10:36:40,-200,-67,-200,-200,-200,-200,-200,-200,-200,-200,-200,-200,-200
J04,10-10-2016 10:36:42,-200,-71,-200,-200,-200,-200,-200,-200,-200,-200,-200,-200,-200
J04,10-10-2016 10:36:44,-200,-79,-200,-200,-200,-200,-200,-200,-200,-200,-200,-200,-200
J04,10-10-2016 10:36:46,-200,-64,-200,-200,-200,-200,-200,-200,-200,-200,-200,-200,-200
J04,10-10-2016 10:36:48,-200,-65,-200,-200,-200,-200,-200,-200,-200,-200,-200,-200,-200
J05,10-10-2016 10:36:50,-200,-62,-200,-200,-76,-200,-200,-200,-200,-200,-200,-200,-200
J05,10-10-2016 10:36:52,-200,-62,-200,-200,-83,-200,-200,-200,-200,-200,-200,-200,-200
J05,10-10-2016 10:36:54,-200,-59,-200,-200,-200,-200,-200,-200,-200,-200,-200,-200,-200
J06,10-10-2016 10:36:56,-200,-76,-200,-200,-200,-200,-200,-200,-200,-200,-200,-200,-200
J06,10-10-2016 10:36:58,-200,-200,-200,-200,-75,-200,-200,-200,-200,-200,-200,-200,-200
J06,10-10-2016 10:37:00,-200,-80,-200,-200,-76,-200,-200,-81,-200,-200,-200,-200,-200
J07,10-10-2016 10:37:02,-200,-74,-200,-200,-71,-200,-200,-200,-200,-200,-200,-200,-200
J07,10-10-2016 10:37:04,-200,-200,-200,-200,-69,-200,-200,-200,-200,-200,-200,-200,-200
J07,10-10-2016 10:37:06,-200,-200,-200,-200,-73,-200,-200,-200,-200,-200,-200,-200,-200
J07,10-10-2016 10:37:08,-200,-200,-84,-200,-68,-200,-200,-200,-200,-200,-200,-200,-200
J07,10-10-2016 10:37:10,-200,-200,-200,-200,-66,-200,-200,-200,-200,-200,-200,-200,-200
J08,10-10-2016 10:37:12,-200,-84,-200,-200,-200,-200,-200,-200,-200,-200,-200,-200,-200
D13,10-10-2016 10:45:00,-200,-200,-200,-200,-200,-200,-200,-200,-81,-200,-200,-200,-200
D13,10-10-2016 10:45:03,-200,-200,-200,-200,-200,-200,-200,-200,-77,-200,-200,-200,-200
D13,10-10-2016 10:45:06,-200,-200,-200,-200,-200,-200,-200,-200,-73,-200,-200,-200,-200
D14,10-10-2016 10:45:09,-200,-200,-200,-200,-200,-200,-200,-200,-70,-200,-200,-200,-200
D14,10-10-2016 10:45:12,-200,-200,-200,-200,-200,-200,-200,-200,-65,-200,-200,-200,-200
D15,10-10-2016 10:45:15,-200,-200,-200,-200,-200,-200,-200,-200,-75,-200,-200,-200,-200
D15,10-10-2016 10:45:18,-200,-200,-200,-200,-200,-200,-200,-200,-72,-200,-200,-200,-200
K04,10-10-2016 10:50:10,-200,-75,-80,-200,-200,-200,-200,-200,-200,-200,-200,-200,-200
K03,10-10-2016 10:50:12,-200,-79,-200,-200,-200,-200,-200,-200,-200,-200,-200,-200,-200
K03,10-10-2016 10:50:14,-200,-79,-200,-200,-200,-200,-200,-200,-200,-200,-200,-200,-200
K03,10-10-2016 10:50:16,-200,-200,-82,-200,-200,-200,-200,-200,-200,-200,-200,-200,-200
K02,10-10-2016 10:50:18,-200,-72,-200,-200,-200,-200,-200,-200,-200,-200,-200,-200,-200
K01,10-10-2016 10:50:20,-200,-200,-200,-200,-200,-81,-200,-200,-200,-200,-200,-200,-200
K01,10-10-2016 10:50:22,-200,-200,-200,-200,-200,-77,-200,-200,-200,-200,-200,-200,-200
J01,10-10-2016 10:50:24,-200,-71,-200,-200,-200,-200,-200,-200,-200,-200,-200,-200,-200
J01,10-10-2016 10:50:26,-200,-78,-200,-200,-200,-200,-200,-200,-200,-200,-200,-200,-200
D15,10-10-2016 10:50:28,-200,-200,-200,-200,-200,-200,-200,-200,-60,-200,-200,-200,-200
I10,10-10-2016 10:50:30,-200,-200,-200,-200,-200,-77,-200,-73,-200,-81,-200,-200,-200
I10,10-10-2016 10:50:32,-200,-200,-200,-200,-200,-200,-200,-73,-200,-200,-200,-200,-200
I10,10-10-2016 10:50:34,-200,-200,-200,-200,-200,-200,-200,-70,-200,-200,-200,-200,-200
I09,10-10-2016 10:50:36,-200,-85,-200,-200,-200,-200,-200,-71,-200,-200,-200,-200,-200
I09,10-10-2016 10:50:38,-200,-200,-200,-200,-76,-200,-200,-65,-200,-200,-200,-200,-200
I09,10-10-2016 10:50:40,-200,-200,-200,-200,-74,-78,-200,-71,-200,-200,-200,-200,-200
I09,10-10-2016 10:50:42,-78,-198,-200,-200,-73,-200,-200,-67,-200,-200,-200,-200,-200
I08,10-10-2016 10:50:44,-79,-198,-200,-200,-200,-200,-200,-79,-200,-200,-200,-200,-200
I08,10-10-2016 10:50:46,-200,-200,-200,-200,-200,-77,-200,-200,-200,-200,-200,-200,-200
I08,10-10-2016 10:50:48,-200,-200,-200,-200,-80,-200,-200,-200,-200,-200,-200,-200,-200
I08,10-10-2016 10:50:50,-81,-198,-200,-200,-76,-200,-200,-74,-200,-200,-200,-200,-200
I08,10-10-2016 10:50:52,-81,-198,-200,-200,-73,-84,-200,-77,-200,-200,-200,-200,-200
I07,10-10-2016 10:50:54,-81,-198,-200,-200,-78,-200,-200,-77,-200,-200,-200,-200,-200
I07,10-10-2016 10:50:56,-200,-200,-200,-200,-73,-200,-200,-200,-200,-200,-200,-200,-200
I07,10-10-2016 10:50:58,-78,-78,-200,-200,-200,-200,-200,-200,-200,-200,-200,-200,-200
I07,10-10-2016 10:51:00,-200,-74,-200,-200,-72,-200,-200,-200,-200,-200,-200,-200,-200
I03,10-10-2016 10:51:02,-200,-75,-200,-200,-200,-200,-200,-200,-200,-200,-200,-200,-200
I03,10-10-2016 10:51:04,-200,-200,-200,-200,-78,-200,-200,-200,-200,-200,-200,-200,-200
I03,10-10-2016 10:51:06,-200,-69,-200,-86,-200,-87,-200,-200,-200,-200,-200,-200,-200
O02,10-10-2016 10:51:08,-200,-200,-200,-200,-80,-200,-200,-200,-200,-200,-200,-200,-200
O02,10-10-2016 10:51:10,-200,-200,-200,-200,-200,-81,-200,-200,-200,-200,-200,-200,-200
O01,10-10-2016 10:51:12,-200,-200,-200,-200,-200,-77,-200,-200,-200,-200,-200,-200,-200
N02,10-10-2016 10:51:14,-200,-200,-79,-200,-200,-77,-200,-200,-200,-200,-200,-200,-200
N02,10-10-2016 10:51:16,-200,-200,-72,-200,-200,-76,-200,-200,-200,-200,-200,-200,-200
N02,10-10-2016 10:51:18,-200,-200,-200,-200,-200,-76,-200,-200,-200,-200,-200,-200,-200
N02,10-10-2016 10:51:20,-200,-200,-78,-200,-200,-77,-200,-200,-200,-200,-200,-200,-200
N02,10-10-2016 10:51:22,-200,-200,-76,-200,-200,-74,-200,-200,-200,-200,-200,-200,-200
N02,10-10-2016 10:51:24,-200,-200,-79,-200,-200,-77,-200,-200,-200,-200,-200,-200,-200
N01,10-10-2016 10:51:26,-200,-200,-77,-200,-200,-200,-200,-200,-200,-200,-200,-200,-200
N01,10-10-2016 10:51:28,-200,-200,-79,-200,-200,-72,-200,-200,-200,-200,-200,-200,-200
N01,10-10-2016 10:51:30,-200,-200,-200,-200,-200,-72,-200,-200,-200,-200,-200,-200,-200
N01,10-10-2016 10:51:32,-200,-80,-79,-200,-200,-73,-200,-200,-200,-200,-200,-200,-200
N01,10-10-2016 10:51:34,-200,-200,-81,-200,-200,-200,-200,-200,-200,-200,-200,-200,-200
N01,10-10-2016 10:51:36,-200,-200,-200,-200,-200,-78,-200,-200,-200,-200,-200,-200,-200
M02,10-10-2016 10:51:38,-200,-200,-78,-200,-200,-200,-200,-200,-200,-200,-200,-200,-200
M02,10-10-2016 10:51:40,-200,-200,-75,-200,-200,-75,-200,-200,-200,-200,-200,-200,-200
M02,10-10-2016 10:51:42,-200,-200,-80,-200,-200,-200,-200,-200,-200,-200,-200,-200,-200
M02,10-10-2016 10:51:44,-200,-200,-200,-200,-200,-74,-200,-200,-200,-200,-200,-200,-200
M02,10-10-2016 10:51:46,-200,-200,-200,-200,-200,-75,-200,-200,-200,-200,-200,-200,-200
M02,10-10-2016 10:51:48,-200,-200,-200,-200,-200,-75,-200,-200,-200,-200,-200,-200,-200
M02,10-10-2016 10:51:50,-200,-200,-80,-200,-200,-77,-200,-200,-200,-200,-200,-200,-200
M01,10-10-2016 10:51:52,-200,-200,-79,-200,-200,-200,-200,-200,-200,-200,-200,-200,-200
M01,10-10-2016 10:51:54,-200,-200,-77,-200,-200,-200,-200,-200,-200,-200,-200,-200,-200
M01,10-10-2016 10:51:56,-200,-200,-79,-200,-200,-200,-200,-200,-200,-200,-200,-200,-200
M01,10-10-2016 10:51:58,-200,-200,-76,-200,-200,-80,-200,-200,-200,-200,-200,-200,-200
M01,10-10-2016 10:52:00,-200,-200,-77,-200,-200,-200,-200,-200,-200,-200,-200,-200,-200
L02,10-10-2016 10:52:02,-200,-200,-200,-200,-200,-80,-200,-200,-200,-200,-200,-200,-200
L02,10-10-2016 10:52:04,-200,-200,-200,-200,-200,-80,-200,-200,-200,-200,-200,-200,-200
L02,10-10-2016 10:52:06,-200,-200,-200,-200,-200,-78,-200,-200,-200,-200,-200,-200,-200
L01,10-10-2016 10:52:08,-200,-80,-79,-200,-200,-200,-200,-200,-200,-200,-200,-200,-200
L01,10-10-2016 10:52:10,-200,-200,-77,-200,-200,-200,-200,-200,-200,-200,-200,-200,-200
L01,10-10-2016 10:52:12,-200,-200,-80,-200,-200,-80,-200,-200,-200,-200,-200,-200,-200
K02,10-10-2016 10:52:14,-200,-78,-200,-200,-200,-200,-200,-200,-200,-200,-200,-200,-200
K02,10-10-2016 10:52:16,-200,-80,-200,-200,-200,-200,-200,-200,-200,-200,-200,-200,-200
K02,10-10-2016 10:52:18,-200,-83,-200,-200,-200,-200,-200,-200,-200,-200,-200,-200,-200
K01,10-10-2016 10:52:20,-200,-200,-200,-200,-200,-78,-200,-200,-200,-200,-200,-200,-200
J02,10-10-2016 10:52:22,-200,-67,-200,-200,-200,-200,-200,-200,-200,-200,-200,-200,-200
J02,10-10-2016 10:52:24,-200,-74,-200,-200,-200,-200,-200,-200,-200,-200,-200,-200,-200
J02,10-10-2016 10:52:26,-200,-72,-200,-200,-200,-200,-200,-200,-200,-200,-200,-200,-200
J02,10-10-2016 10:52:28,-200,-71,-81,-200,-200,-200,-200,-200,-200,-200,-200,-200,-200
I02,10-10-2016 10:52:30,-200,-73,-200,-200,-200,-200,-200,-200,-200,-200,-200,-200,-200
I02,10-10-2016 10:52:32,-200,-66,-200,-200,-200,-200,-200,-200,-200,-200,-200,-200,-200
I02,10-10-2016 10:52:34,-200,-65,-200,-200,-200,-200,-200,-200,-200,-200,-200,-200,-200
I02,10-10-2016 10:52:36,-200,-65,-200,-200,-200,-200,-200,-200,-200,-200,-200,-200,-200
I02,10-10-2016 10:52:38,-200,-66,-200,-200,-200,-200,-200,-200,-200,-200,-200,-200,-200
I02,10-10-2016 10:52:40,-200,-64,-200,-200,-200,-200,-200,-200,-200,-200,-200,-200,-200
J01,10-10-2016 10:52:42,-200,-78,-200,-200,-200,-80,-200,-200,-200,-200,-200,-200,-200
J01,10-10-2016 10:52:44,-200,-65,-200,-200,-200,-200,-200,-200,-200,-200,-200,-200,-200
J01,10-10-2016 10:52:46,-200,-200,-200,-200,-200,-78,-200,-200,-200,-200,-200,-200,-200
J01,10-10-2016 10:52:48,-200,-67,-200,-200,-200,-200,-200,-200,-200,-200,-200,-200,-200
I01,10-10-2016 10:52:50,-200,-69,-200,-200,-200,-200,-200,-200,-200,-200,-200,-200,-200
I01,10-10-2016 10:52:52,-200,-75,-200,-200,-200,-200,-200,-200,-200,-200,-200,-200,-200
I01,10-10-2016 10:52:54,-200,-71,-200,-200,-200,-200,-200,-200,-200,-200,-200,-200,-200
I01,10-10-2016 10:52:56,-200,-66,-200,-200,-200,-200,-200,-200,-200,-200,-200,-200,-200
I01,10-10-2016 10:52:58,-200,-78,-200,-200,-200,-200,-200,-200,-200,-200,-200,-200,-200
I01,10-10-2016 10:53:00,-200,-74,-200,-200,-200,-200,-200,-200,-200,-200,-200,-200,-200
I03,10-10-2016 10:53:02,-200,-78,-200,-200,-200,-200,-200,-200,-200,-200,-200,-200,-200
I02,10-10-2016 10:53:04,-200,-62,-200,-200,-200,-200,-200,-200,-200,-200,-200,-200,-200
I02,10-10-2016 10:53:06,-200,-77,-200,-200,-200,-78,-200,-200,-200,-200,-200,-200,-200
I02,10-10-2016 10:53:08,-200,-200,-200,-200,-80,-200,-200,-200,-200,-200,-200,-200,-200
I02,10-10-2016 10:53:10,-200,-74,-200,-200,-200,-200,-200,-200,-200,-200,-200,-200,-200
I01,10-10-2016 10:53:12,-200,-69,-200,-200,-200,-200,-200,-200,-200,-200,-200,-200,-200
I01,10-10-2016 10:53:14,-200,-69,-200,-200,-200,-200,-200,-200,-200,-200,-200,-200,-200
I01,10-10-2016 10:53:16,-200,-69,-200,-200,-200,-200,-200,-200,-200,-200,-200,-200,-200
J08,10-10-2016 10:53:18,-200,-200,-200,-200,-74,-200,-200,-200,-200,-200,-200,-200,-200
J08,10-10-2016 10:53:20,-200,-200,-200,-200,-72,-200,-200,-80,-200,-200,-200,-200,-200
J08,10-10-2016 10:53:22,-200,-83,-200,-200,-74,-200,-200,-75,-200,-200,-200,-200,-200
J07,10-10-2016 10:53:24,-200,-80,-200,-200,-73,-200,-200,-200,-200,-200,-200,-200,-200
J07,10-10-2016 10:53:26,-200,-200,-200,-200,-77,-200,-200,-200,-200,-200,-200,-200,-200
J07,10-10-2016 10:53:28,-200,-200,-200,-200,-73,-200,-200,-200,-200,-200,-200,-200,-200
J07,10-10-2016 10:53:30,-200,-200,-200,-200,-74,-80,-200,-200,-200,-200,-200,-200,-200
J06,10-10-2016 10:53:32,-200,-74,-200,-200,-70,-200,-200,-200,-200,-200,-200,-200,-200
J06,10-10-2016 10:53:34,-200,-71,-200,-200,-69,-200,-200,-200,-200,-200,-200,-200,-200
J06,10-10-2016 10:53:36,-200,-68,-200,-200,-200,-200,-200,-200,-200,-200,-200,-200,-200
J06,10-10-2016 10:53:38,-200,-72,-200,-200,-76,-200,-200,-200,-200,-200,-200,-200,-200
I06,10-10-2016 10:53:40,-200,-77,-200,-200,-200,-200,-200,-200,-200,-200,-200,-200,-200
I06,10-10-2016 10:53:42,-200,-72,-200,-200,-75,-200,-200,-200,-200,-200,-200,-200,-200
I06,10-10-2016 10:53:44,-200,-77,-200,-200,-78,-200,-200,-200,-200,-200,-200,-200,-200
I08,10-10-2016 10:53:46,-200,-76,-200,-200,-79,-200,-200,-200,-200,-200,-200,-200,-200
I08,10-10-2016 10:53:48,-200,-74,-200,-200,-78,-200,-200,-81,-200,-200,-200,-200,-200
I08,10-10-2016 10:53:50,-200,-78,-200,-200,-79,-200,-200,-200,-200,-200,-200,-200,-200
I08,10-10-2016 10:53:52,-80,-198,-200,-200,-80,-200,-200,-79,-200,-200,-200,-200,-200
I08,10-10-2016 10:53:54,-78,-198,-200,-200,-78,-200,-200,-77,-200,-200,-200,-200,-200
I08,10-10-2016 10:53:56,-200,-200,-200,-200,-200,-200,-200,-75,-200,-200,-200,-200,-200
I07,10-10-2016 10:53:58,-200,-76,-200,-200,-81,-200,-200,-78,-200,-200,-200,-200,-200
I06,10-10-2016 10:54:00,-200,-81,-200,-200,-70,-200,-200,-200,-200,-200,-200,-200,-200
I06,10-10-2016 10:54:02,-200,-81,-200,-200,-70,-200,-200,-200,-200,-200,-200,-200,-200
I06,10-10-2016 10:54:04,-200,-76,-200,-200,-75,-200,-200,-200,-200,-200,-200,-200,-200
I06,10-10-2016 10:54:06,-200,-75,-200,-200,-75,-200,-200,-200,-200,-200,-200,-200,-200
I05,10-10-2016 10:54:08,-200,-73,-200,-200,-78,-200,-200,-200,-200,-200,-200,-200,-200
I05,10-10-2016 10:54:10,-200,-79,-200,-200,-81,-200,-200,-200,-200,-200,-200,-200,-200
I05,10-10-2016 10:54:12,-200,-79,-200,-200,-200,-200,-200,-200,-200,-200,-200,-200,-200
I04,10-10-2016 10:54:14,-200,-73,-200,-200,-78,-200,-200,-200,-200,-200,-200,-200,-200
I03,10-10-2016 10:54:16,-200,-72,-200,-200,-79,-200,-200,-200,-200,-200,-200,-200,-200
I08,10-10-2016 10:54:18,-73,-198,-200,-200,-200,-200,-200,-73,-200,-200,-200,-200,-200
I07,10-10-2016 10:54:20,-200,-80,-200,-200,-72,-200,-200,-200,-200,-200,-200,-200,-200
I07,10-10-2016 10:54:22,-200,-200,-200,-200,-72,-200,-84,-200,-200,-200,-200,-200,-200
I07,10-10-2016 10:54:24,-200,-200,-200,-200,-72,-200,-200,-200,-200,-200,-200,-200,-200
I07,10-10-2016 10:54:26,-200,-200,-200,-200,-72,-200,-200,-200,-200,-200,-200,-200,-200
W15,10-10-2016 10:54:28,-200,-200,-200,-200,-200,-200,-200,-200,-200,-200,-200,-200,-75
W15,10-10-2016 10:54:30,-200,-200,-200,-200,-200,-200,-200,-200,-200,-200,-200,-199,-67
W15,10-10-2016 10:54:32,-200,-200,-200,-200,-200,-200,-200,-200,-200,-200,-200,-199,-71
W15,10-10-2016 10:54:34,-200,-200,-200,-200,-200,-200,-200,-200,-200,-200,-200,-200,-75
W15,10-10-2016 10:54:36,-200,-200,-200,-200,-200,-200,-200,-200,-200,-200,-200,-199,-62
W15,10-10-2016 10:54:38,-200,-200,-200,-200,-200,-200,-200,-200,-200,-200,-200,-199,-61
T15,10-10-2016 10:54:40,-200,-200,-200,-200,-200,-200,-200,-200,-200,-200,-200,-81,-81
T15,10-10-2016 10:54:42,-200,-200,-200,-200,-200,-200,-200,-200,-200,-200,-200,-200,-76
R15,10-10-2016 10:54:44,-200,-200,-200,-200,-200,-200,-200,-200,-200,-200,-200,-68,-200
R15,10-10-2016 10:54:46,-200,-200,-200,-200,-200,-200,-200,-200,-200,-200,-200,-68,-79
R15,10-10-2016 10:54:48,-200,-200,-200,-200,-200,-200,-200,-200,-200,-200,-200,-61,-200
R15,10-10-2016 10:54:50,-200,-200,-200,-200,-200,-200,-200,-79,-200,-200,-200,-66,-200
L15,10-10-2016 10:54:52,-200,-200,-200,-200,-200,-200,-200,-200,-200,-200,-81,-81,-200
L15,10-10-2016 10:54:54,-200,-200,-200,-200,-200,-200,-200,-200,-200,-200,-71,-82,-200
L15,10-10-2016 10:54:56,-200,-200,-200,-200,-200,-200,-200,-200,-200,-78,-200,-81,-81
L15,10-10-2016 10:54:58,-200,-200,-200,-200,-200,-200,-200,-200,-200,-200,-73,-79,-200
L15,10-10-2016 10:55:00,-200,-200,-200,-200,-200,-200,-200,-200,-200,-200,-69,-200,-200
J15,10-10-2016 10:55:02,-200,-200,-200,-200,-200,-200,-200,-200,-200,-61,-75,-200,-200
J15,10-10-2016 10:55:04,-200,-200,-200,-200,-200,-200,-200,-200,-200,-66,-85,-200,-200
G15,10-10-2016 10:55:06,-200,-200,-200,-200,-200,-200,-200,-200,-200,-79,-200,-200,-200
G15,10-10-2016 10:55:08,-200,-200,-200,-200,-200,-200,-200,-200,-200,-78,-200,-200,-200
E15,10-10-2016 10:55:10,-200,-200,-200,-200,-200,-200,-200,-200,-71,-200,-200,-200,-200
E15,10-10-2016 10:55:12,-200,-200,-200,-200,-200,-200,-200,-200,-77,-200,-200,-200,-200
D15,10-10-2016 10:55:14,-200,-200,-200,-200,-200,-200,-200,-200,-58,-200,-200,-200,-200
D15,10-10-2016 10:55:16,-200,-200,-200,-200,-200,-200,-200,-200,-58,-200,-200,-200,-200
D15,10-10-2016 10:55:18,-200,-200,-200,-200,-200,-200,-200,-200,-55,-200,-200,-200,-200
D15,10-10-2016 10:55:20,-200,-200,-200,-200,-200,-200,-200,-200,-56,-200,-200,-200,-200
J10,10-10-2016 10:55:22,-200,-200,-200,-200,-77,-200,-200,-64,-200,-200,-200,-200,-200
J10,10-10-2016 10:55:24,-200,-200,-200,-200,-200,-200,-200,-63,-200,-200,-200,-200,-200
I10,10-10-2016 10:55:26,-200,-200,-200,-200,-200,-200,-200,-61,-200,-200,-200,-200,-200
I10,10-10-2016 10:55:28,-200,-200,-200,-200,-78,-200,-200,-70,-200,-200,-200,-200,-200
I10,10-10-2016 10:55:30,-200,-200,-200,-200,-200,-200,-200,-72,-200,-80,-200,-200,-200
I10,10-10-2016 10:55:32,-200,-200,-200,-200,-200,-200,-200,-68,-200,-81,-200,-200,-200
I07,10-10-2016 10:55:34,-200,-200,-200,-200,-74,-200,-200,-79,-200,-200,-200,-200,-200
I07,10-10-2016 10:55:36,-200,-79,-200,-200,-68,-200,-200,-77,-200,-200,-200,-200,-200
I07,10-10-2016 10:55:38,-200,-82,-200,-200,-68,-200,-200,-83,-200,-200,-200,-200,-200
I07,10-10-2016 10:55:40,-200,-200,-200,-200,-66,-200,-200,-200,-200,-200,-200,-200,-200
J07,10-10-2016 10:55:42,-200,-200,-200,-200,-61,-200,-200,-200,-200,-200,-200,-200,-200
J07,10-10-2016 10:55:44,-200,-200,-200,-200,-61,-200,-200,-200,-200,-200,-200,-200,-200
J07,10-10-2016 10:55:46,-200,-200,-200,-200,-60,-200,-200,-78,-200,-200,-200,-200,-200
J07,10-10-2016 10:55:48,-200,-200,-200,-200,-63,-200,-200,-200,-200,-200,-200,-200,-200
J02,10-10-2016 10:55:50,-200,-77,-200,-200,-200,-200,-200,-200,-200,-200,-200,-200,-200
J02,10-10-2016 10:55:52,-200,-72,-200,-200,-200,-200,-200,-200,-200,-200,-200,-200,-200
J04,10-10-2016 10:55:54,-200,-64,-200,-200,-200,-200,-200,-200,-200,-200,-200,-200,-200
J04,10-10-2016 10:55:56,-200,-66,-200,-200,-200,-200,-200,-200,-200,-200,-200,-200,-200
J04,10-10-2016 10:55:58,-200,-59,-200,-200,-79,-200,-200,-200,-200,-200,-200,-200,-200
J04,10-10-2016 10:56:00,-200,-60,-200,-200,-200,-200,-200,-200,-200,-200,-200,-200,-200
I04,10-10-2016 10:56:02,-200,-73,-200,-200,-200,-80,-200,-200,-200,-200,-200,-200,-200
I04,10-10-2016 10:56:04,-200,-69,-200,-200,-200,-200,-200,-200,-200,-200,-200,-200,-200
F08,10-10-2016 10:56:06,-68,-198,-200,-200,-200,-200,-200,-200,-200,-200,-200,-200,-200
F08,10-10-2016 10:56:08,-71,-198,-200,-200,-200,-200,-200,-200,-200,-200,-200,-200,-200
I06,10-10-2016 10:56:10,-200,-67,-200,-200,-81,-200,-200,-200,-200,-200,-200,-200,-200
I06,10-10-2016 10:56:12,-200,-69,-200,-200,-77,-200,-200,-200,-200,-200,-200,-200,-200
I06,10-10-2016 10:56:14,-200,-70,-200,-200,-81,-200,-200,-79,-200,-200,-200,-200,-200
I06,10-10-2016 10:56:16,-200,-70,-200,-200,-73,-200,-200,-82,-200,-200,-200,-200,-200
I06,10-10-2016 10:56:18,-200,-74,-200,-200,-80,-200,-200,-80,-200,-200,-200,-200,-200
I06,10-10-2016 10:56:20,-200,-74,-200,-200,-80,-200,-200,-78,-200,-200,-200,-200,-200
J06,10-10-2016 10:56:22,-200,-72,-200,-200,-200,-200,-200,-78,-200,-200,-200,-200,-200
J06,10-10-2016 10:56:24,-200,-79,-200,-200,-77,-200,-200,-200,-200,-200,-200,-200,-200
J06,10-10-2016 10:56:26,-200,-75,-200,-200,-200,-200,-200,-200,-200,-200,-200,-200,-200
J06,10-10-2016 10:56:28,-200,-73,-200,-200,-77,-200,-200,-200,-200,-200,-200,-200,-200
J06,10-10-2016 10:56:30,-200,-71,-200,-200,-75,-200,-200,-200,-200,-200,-200,-200,-200
J06,10-10-2016 10:56:32,-200,-78,-200,-200,-200,-200,-200,-79,-200,-200,-200,-200,-200
K06,10-10-2016 10:56:34,-200,-76,-200,-200,-74,-200,-200,-200,-200,-200,-200,-200,-200
K06,10-10-2016 10:56:36,-200,-78,-200,-200,-76,-200,-200,-200,-200,-200,-200,-200,-200
K06,10-10-2016 10:56:38,-200,-78,-200,-200,-200,-200,-200,-200,-200,-200,-200,-200,-200
K06,10-10-2016 10:56:40,-200,-200,-200,-200,-72,-200,-200,-200,-200,-200,-200,-200,-200
K06,10-10-2016 10:56:42,-200,-200,-200,-200,-79,-77,-200,-200,-200,-200,-200,-200,-200
K06,10-10-2016 10:56:44,-200,-200,-200,-200,-200,-81,-200,-200,-200,-200,-200,-200,-200
L06,10-10-2016 10:56:46,-200,-200,-200,-200,-78,-200,-200,-200,-200,-200,-200,-200,-200
L06,10-10-2016 10:56:48,-200,-200,-200,-200,-78,-75,-200,-200,-200,-200,-200,-200,-200
L06,10-10-2016 10:56:50,-200,-200,-200,-200,-200,-81,-200,-200,-200,-200,-200,-200,-200
L06,10-10-2016 10:56:52,-200,-200,-200,-200,-73,-200,-200,-200,-200,-200,-200,-200,-200
L06,10-10-2016 10:56:54,-200,-200,-200,-200,-79,-80,-200,-200,-200,-200,-200,-200,-200
L06,10-10-2016 10:56:56,-200,-200,-200,-200,-82,-200,-200,-200,-200,-200,-200,-200,-200
L06,10-10-2016 10:56:58,-200,-200,-200,-200,-81,-200,-200,-200,-200,-200,-200,-200,-200
L06,10-10-2016 10:57:00,-200,-200,-200,-200,-79,-200,-200,-200,-200,-200,-200,-200,-200
L06,10-10-2016 10:57:02,-200,-200,-200,-200,-77,-200,-200,-200,-200,-200,-200,-200,-200
M06,10-10-2016 10:57:04,-200,-200,-200,-200,-81,-83,-200,-200,-200,-200,-200,-200,-200
M06,10-10-2016 10:57:06,-200,-200,-200,-200,-200,-86,-200,-200,-200,-200,-200,-200,-200
M06,10-10-2016 10:57:08,-200,-200,-200,-200,-83,-200,-200,-200,-200,-200,-200,-200,-200
M06,10-10-2016 10:57:10,-200,-200,-200,-200,-74,-200,-200,-200,-200,-200,-200,-200,-200
M06,10-10-2016 10:57:12,-200,-200,-200,-200,-81,-71,-200,-200,-200,-200,-200,-200,-200
M06,10-10-2016 10:57:14,-200,-200,-200,-200,-78,-71,-200,-200,-200,-200,-200,-200,-200
M06,10-10-2016 10:57:16,-200,-80,-200,-200,-80,-70,-200,-200,-200,-200,-200,-200,-200
M06,10-10-2016 10:57:18,-200,-200,-200,-200,-200,-69,-200,-200,-200,-200,-200,-200,-200
M06,10-10-2016 10:57:20,-200,-200,-200,-200,-200,-68,-200,-200,-200,-200,-200,-200,-200
M06,10-10-2016 10:57:22,-200,-200,-200,-200,-80,-76,-200,-200,-200,-200,-200,-200,-200
N06,10-10-2016 10:57:24,-200,-200,-200,-200,-200,-66,-200,-200,-200,-200,-200,-200,-200
N06,10-10-2016 10:57:26,-200,-200,-200,-200,-200,-68,-200,-200,-200,-200,-200,-200,-200
N06,10-10-2016 10:57:28,-200,-200,-200,-200,-200,-62,-200,-200,-200,-200,-200,-200,-200
N06,10-10-2016 10:57:30,-200,-200,-200,-200,-200,-67,-200,-200,-200,-200,-200,-200,-200
N06,10-10-2016 10:57:32,-200,-200,-200,-200,-200,-66,-200,-200,-200,-200,-200,-200,-200
N06,10-10-2016 10:57:34,-200,-200,-200,-200,-200,-66,-200,-200,-200,-200,-200,-200,-200
O06,10-10-2016 10:57:36,-200,-200,-200,-200,-200,-72,-200,-200,-200,-200,-200,-200,-200
O06,10-10-2016 10:57:38,-200,-200,-200,-200,-200,-69,-200,-200,-200,-200,-200,-200,-200
O06,10-10-2016 10:57:40,-200,-200,-200,-200,-200,-77,-200,-200,-200,-200,-200,-200,-200
O06,10-10-2016 10:57:42,-200,-200,-200,-200,-200,-80,-200,-200,-200,-200,-200,-200,-200
O06,10-10-2016 10:57:44,-200,-200,-200,-200,-200,-66,-200,-200,-200,-200,-200,-200,-200
O06,10-10-2016 10:57:46,-200,-200,-200,-200,-200,-68,-200,-200,-200,-200,-200,-200,-200
O06,10-10-2016 10:57:48,-200,-200,-200,-200,-200,-73,-200,-200,-200,-200,-200,-200,-200
P06,10-10-2016 10:57:50,-200,-200,-200,-200,-200,-76,-200,-200,-200,-200,-200,-200,-200
P06,10-10-2016 10:57:52,-200,-200,-200,-81,-200,-76,-200,-200,-200,-200,-200,-200,-200
P06,10-10-2016 10:57:54,-200,-200,-200,-200,-200,-78,-200,-200,-200,-200,-200,-200,-200
P06,10-10-2016 10:57:56,-200,-200,-200,-80,-200,-80,-200,-200,-200,-200,-200,-200,-200
Q06,10-10-2016 10:57:58,-200,-200,-200,-200,-200,-80,-200,-200,-200,-200,-200,-200,-200
Q06,10-10-2016 10:58:00,-200,-200,-200,-200,-200,-75,-200,-200,-200,-200,-200,-200,-200
R06,10-10-2016 10:58:02,-200,-200,-200,-200,-200,-200,-80,-200,-200,-200,-200,-200,-200
R06,10-10-2016 10:58:04,-200,-200,-200,-78,-200,-200,-79,-200,-200,-200,-200,-200,-200
R06,10-10-2016 10:58:06,-200,-200,-200,-200,-200,-200,-76,-200,-200,-200,-200,-200,-200
S06,10-10-2016 10:58:08,-200,-200,-200,-74,-200,-200,-200,-200,-200,-200,-200,-200,-200
S06,10-10-2016 10:58:10,-200,-200,-200,-77,-200,-200,-82,-200,-200,-200,-200,-200,-200
S06,10-10-2016 10:58:12,-200,-200,-200,-82,-200,-200,-78,-200,-200,-200,-200,-200,-200
S06,10-10-2016 10:58:14,-200,-200,-200,-200,-200,-200,-79,-200,-200,-200,-200,-200,-200
S06,10-10-2016 10:58:16,-200,-200,-200,-78,-200,-200,-200,-200,-200,-200,-200,-200,-200
S06,10-10-2016 10:58:18,-200,-200,-200,-78,-200,-200,-79,-200,-200,-200,-200,-200,-200
U05,10-10-2016 10:58:20,-200,-200,-200,-71,-200,-200,-200,-200,-200,-200,-200,-200,-200
U05,10-10-2016 10:58:22,-200,-200,-200,-71,-200,-200,-200,-200,-200,-200,-200,-200,-200
U05,10-10-2016 10:58:24,-200,-200,-200,-77,-200,-200,-200,-200,-200,-200,-200,-200,-200
U05,10-10-2016 10:58:26,-200,-200,-200,-77,-200,-200,-200,-200,-200,-200,-200,-200,-200
T05,10-10-2016 10:58:28,-200,-200,-200,-81,-200,-200,-200,-200,-200,-200,-200,-200,-200
T05,10-10-2016 10:58:30,-200,-200,-200,-80,-200,-200,-200,-200,-200,-200,-200,-200,-200
T05,10-10-2016 10:58:32,-200,-200,-200,-200,-200,-200,-79,-200,-200,-200,-200,-200,-200
T05,10-10-2016 10:58:34,-200,-200,-200,-76,-200,-200,-200,-200,-200,-200,-200,-200,-200
T05,10-10-2016 10:58:36,-200,-200,-200,-78,-200,-200,-200,-200,-200,-200,-200,-200,-200
S05,10-10-2016 10:58:38,-200,-200,-200,-65,-200,-200,-82,-200,-200,-200,-200,-200,-200
S05,10-10-2016 10:58:40,-200,-200,-200,-70,-200,-200,-200,-200,-200,-200,-200,-200,-200
S05,10-10-2016 10:58:42,-200,-200,-200,-70,-200,-200,-200,-200,-200,-200,-200,-200,-200
S05,10-10-2016 10:58:44,-200,-200,-200,-76,-200,-200,-200,-200,-200,-200,-200,-200,-200
S05,10-10-2016 10:58:46,-200,-200,-200,-70,-200,-200,-200,-200,-200,-200,-200,-200,-200
R05,10-10-2016 10:58:48,-200,-200,-200,-71,-200,-200,-200,-200,-200,-200,-200,-200,-200
R05,10-10-2016 10:58:50,-200,-200,-200,-79,-200,-200,-200,-200,-200,-200,-200,-200,-200
R05,10-10-2016 10:58:52,-200,-200,-200,-75,-200,-200,-200,-200,-200,-200,-200,-200,-200
R05,10-10-2016 10:58:54,-200,-200,-200,-76,-200,-200,-200,-200,-200,-200,-200,-200,-200
R05,10-10-2016 10:58:56,-200,-200,-200,-77,-200,-200,-81,-200,-200,-200,-200,-200,-200
R05,10-10-2016 10:58:58,-200,-200,-200,-200,-200,-200,-79,-200,-200,-200,-200,-200,-200
R05,10-10-2016 10:59:00,-200,-200,-200,-65,-200,-200,-200,-200,-200,-200,-200,-200,-200
R05,10-10-2016 10:59:02,-200,-200,-200,-70,-200,-200,-81,-200,-200,-200,-200,-200,-200
Q05,10-10-2016 10:59:04,-200,-80,-200,-78,-200,-200,-200,-200,-200,-200,-200,-200,-200
Q05,10-10-2016 10:59:06,-200,-200,-200,-81,-200,-200,-200,-200,-200,-200,-200,-200,-200
Q05,10-10-2016 10:59:08,-200,-200,-200,-67,-200,-200,-200,-200,-200,-200,-200,-200,-200
Q05,10-10-2016 10:59:10,-200,-200,-200,-75,-200,-200,-200,-200,-200,-200,-200,-200,-200
Q05,10-10-2016 10:59:12,-200,-200,-200,-69,-200,-200,-200,-200,-200,-200,-200,-200,-200
Q05,10-10-2016 10:59:14,-200,-200,-200,-69,-200,-200,-200,-200,-200,-200,-200,-200,-200
Q05,10-10-2016 10:59:16,-200,-200,-200,-76,-200,-200,-200,-200,-200,-200,-200,-200,-200
Q05,10-10-2016 10:59:18,-200,-200,-200,-72,-200,-200,-200,-200,-200,-200,-200,-200,-200
Q05,10-10-2016 10:59:20,-200,-200,-200,-79,-200,-200,-200,-200,-200,-200,-200,-200,-200
Q05,10-10-2016 10:59:22,-200,-200,-200,-74,-200,-200,-200,-200,-200,-200,-200,-200,-200
Q05,10-10-2016 10:59:24,-200,-200,-200,-75,-200,-200,-200,-200,-200,-200,-200,-200,-200
Q05,10-10-2016 10:59:26,-200,-200,-200,-200,-200,-80,-200,-200,-200,-200,-200,-200,-200
P05,10-10-2016 10:59:28,-200,-200,-200,-79,-200,-75,-200,-200,-200,-200,-200,-200,-200
P05,10-10-2016 10:59:30,-200,-200,-200,-200,-200,-75,-200,-200,-200,-200,-200,-200,-200
P05,10-10-2016 10:59:32,-200,-200,-200,-71,-200,-200,-200,-200,-200,-200,-200,-200,-200
P05,10-10-2016 10:59:34,-200,-200,-200,-72,-200,-200,-200,-200,-200,-200,-200,-200,-200
P05,10-10-2016 10:59:36,-200,-200,-200,-80,-200,-80,-200,-200,-200,-200,-200,-200,-200
P05,10-10-2016 10:59:38,-200,-200,-200,-76,-200,-78,-200,-200,-200,-200,-200,-200,-200
O05,10-10-2016 10:59:40,-200,-200,-200,-76,-200,-200,-200,-200,-200,-200,-200,-200,-200
O05,10-10-2016 10:59:42,-200,-200,-200,-72,-200,-200,-200,-200,-200,-200,-200,-200,-200
O05,10-10-2016 10:59:44,-200,-200,-200,-72,-200,-200,-200,-200,-200,-200,-200,-200,-200
O05,10-10-2016 10:59:46,-200,-200,-200,-71,-200,-200,-200,-200,-200,-200,-200,-200,-200
O05,10-10-2016 10:59:48,-200,-200,-200,-77,-200,-200,-200,-200,-200,-200,-200,-200,-200
O05,10-10-2016 10:59:50,-200,-200,-200,-77,-200,-200,-200,-200,-200,-200,-200,-200,-200
O05,10-10-2016 10:59:52,-200,-200,-200,-78,-200,-74,-200,-200,-200,-200,-200,-200,-200
O05,10-10-2016 10:59:54,-200,-200,-200,-81,-200,-73,-200,-200,-200,-200,-200,-200,-200
O05,10-10-2016 10:59:56,-200,-200,-200,-73,-200,-200,-200,-200,-200,-200,-200,-200,-200
O05,10-10-2016 10:59:58,-200,-200,-200,-73,-200,-80,-200,-200,-200,-200,-200,-200,-200
O05,10-10-2016 11:00:00,-200,-200,-200,-79,-200,-77,-200,-200,-200,-200,-200,-200,-200
O05,10-10-2016 11:00:02,-200,-200,-200,-80,-200,-76,-200,-200,-200,-200,-200,-200,-200
N05,10-10-2016 11:00:04,-200,-200,-200,-79,-82,-200,-200,-200,-200,-200,-200,-200,-200
N05,10-10-2016 11:00:06,-200,-200,-200,-200,-200,-77,-200,-200,-200,-200,-200,-200,-200
N05,10-10-2016 11:00:08,-200,-200,-200,-200,-200,-72,-200,-200,-200,-200,-200,-200,-200
N05,10-10-2016 11:00:10,-200,-200,-200,-200,-200,-78,-200,-200,-200,-200,-200,-200,-200
N05,10-10-2016 11:00:12,-200,-200,-200,-200,-200,-75,-200,-200,-200,-200,-200,-200,-200
N05,10-10-2016 11:00:14,-200,-200,-200,-200,-200,-77,-200,-200,-200,-200,-200,-200,-200
M05,10-10-2016 11:00:16,-200,-200,-200,-77,-200,-77,-200,-200,-200,-200,-200,-200,-200
M05,10-10-2016 11:00:18,-200,-200,-200,-200,-200,-81,-200,-200,-200,-200,-200,-200,-200
M05,10-10-2016 11:00:20,-200,-200,-200,-200,-200,-78,-200,-200,-200,-200,-200,-200,-200
M05,10-10-2016 11:00:22,-200,-80,-200,-200,-78,-200,-200,-200,-200,-200,-200,-200,-200
M05,10-10-2016 11:00:24,-200,-200,-200,-200,-80,-200,-200,-200,-200,-200,-200,-200,-200
L05,10-10-2016 11:00:26,-200,-76,-200,-200,-200,-200,-200,-200,-200,-200,-200,-200,-200
L05,10-10-2016 11:00:28,-200,-80,-200,-200,-200,-200,-200,-200,-200,-200,-200,-200,-200
L05,10-10-2016 11:00:30,-200,-76,-200,-80,-200,-200,-200,-200,-200,-200,-200,-200,-200
L05,10-10-2016 11:00:32,-200,-200,-200,-200,-200,-73,-200,-200,-200,-200,-200,-200,-200
L05,10-10-2016 11:00:34,-200,-200,-200,-200,-200,-73,-200,-200,-200,-200,-200,-200,-200
K05,10-10-2016 11:00:36,-200,-80,-200,-200,-200,-78,-200,-200,-200,-200,-200,-200,-200
K05,10-10-2016 11:00:38,-200,-77,-200,-78,-200,-76,-200,-200,-200,-200,-200,-200,-200
K05,10-10-2016 11:00:40,-200,-69,-200,-200,-200,-200,-200,-200,-200,-200,-200,-200,-200
K05,10-10-2016 11:00:42,-200,-69,-200,-200,-200,-200,-200,-200,-200,-200,-200,-200,-200
K05,10-10-2016 11:00:44,-200,-68,-200,-200,-200,-200,-200,-200,-200,-200,-200,-200,-200
K05,10-10-2016 11:00:46,-200,-75,-200,-200,-200,-200,-200,-200,-200,-200,-200,-200,-200
K05,10-10-2016 11:00:48,-200,-71,-200,-200,-200,-200,-200,-200,-200,-200,-200,-200,-200
J05,10-10-2016 11:00:50,-200,-65,-200,-200,-200,-200,-200,-200,-200,-200,-200,-200,-200
J05,10-10-2016 11:00:52,-200,-66,-200,-200,-82,-200,-200,-200,-200,-200,-200,-200,-200
J05,10-10-2016 11:00:54,-200,-70,-200,-200,-200,-200,-200,-200,-200,-200,-200,-200,-200
J05,10-10-2016 11:00:56,-200,-68,-200,-200,-200,-200,-200,-200,-200,-200,-200,-200,-200
J05,10-10-2016 11:00:58,-200,-64,-200,-200,-200,-200,-200,-81,-200,-200,-200,-200,-200
J05,10-10-2016 11:01:00,-200,-63,-200,-200,-200,-200,-200,-200,-200,-200,-200,-200,-200
I05,10-10-2016 11:01:02,-200,-65,-200,-200,-200,-200,-200,-200,-200,-200,-200,-200,-200
I05,10-10-2016 11:01:04,-200,-77,-200,-200,-200,-200,-200,-200,-200,-200,-200,-200,-200
I05,10-10-2016 11:01:06,-200,-74,-200,-200,-200,-200,-200,-200,-200,-200,-200,-200,-200
I05,10-10-2016 11:01:08,-200,-70,-200,-200,-200,-200,-200,-200,-200,-200,-200,-200,-200
I05,10-10-2016 11:01:10,-200,-72,-200,-200,-200,-200,-200,-200,-200,-200,-200,-200,-200
I05,10-10-2016 11:01:12,-200,-67,-200,-200,-200,-200,-200,-200,-200,-200,-200,-200,-200
I04,10-10-2016 11:01:14,-75,-198,-200,-200,-200,-200,-200,-200,-200,-200,-200,-200,-200
I04,10-10-2016 11:01:16,-200,-75,-200,-200,-200,-200,-200,-200,-200,-200,-200,-200,-200
I04,10-10-2016 11:01:18,-200,-77,-200,-200,-200,-200,-200,-200,-200,-200,-200,-200,-200
I04,10-10-2016 11:01:20,-200,-64,-200,-200,-200,-200,-200,-200,-200,-200,-200,-200,-200
I04,10-10-2016 11:01:22,-200,-64,-200,-200,-200,-200,-200,-200,-200,-200,-200,-200,-200
J04,10-10-2016 11:01:24,-200,-74,-80,-200,-200,-200,-200,-200,-200,-200,-200,-200,-200
J04,10-10-2016 11:01:26,-200,-72,-200,-200,-200,-200,-200,-200,-200,-200,-200,-200,-200
J04,10-10-2016 11:01:28,-200,-75,-82,-200,-200,-200,-200,-200,-200,-200,-200,-200,-200
J04,10-10-2016 11:01:30,-200,-66,-200,-200,-200,-200,-200,-200,-200,-200,-200,-200,-200
J04,10-10-2016 11:01:32,-200,-67,-200,-200,-200,-200,-200,-200,-200,-200,-200,-200,-200
J04,10-10-2016 11:01:34,-200,-67,-200,-200,-200,-200,-200,-200,-200,-200,-200,-200,-200
J04,10-10-2016 11:01:36,-200,-69,-80,-200,-200,-200,-200,-200,-200,-200,-200,-200,-200
J04,10-10-2016 11:01:38,-200,-65,-200,-200,-200,-200,-200,-200,-200,-200,-200,-200,-200
K04,10-10-2016 11:01:40,-200,-65,-76,-200,-200,-200,-200,-200,-200,-200,-200,-200,-200
K04,10-10-2016 11:01:42,-200,-65,-80,-200,-200,-200,-200,-200,-200,-200,-200,-200,-200
K04,10-10-2016 11:01:44,-200,-65,-200,-200,-200,-200,-200,-200,-200,-200,-200,-200,-200
K04,10-10-2016 11:01:46,-200,-67,-78,-200,-200,-200,-200,-200,-200,-200,-200,-200,-200
K04,10-10-2016 11:01:48,-200,-63,-200,-200,-200,-200,-200,-200,-200,-200,-200,-200,-200
K04,10-10-2016 11:01:50,-200,-62,-200,-200,-200,-200,-200,-200,-200,-200,-200,-200,-200
K04,10-10-2016 11:01:52,-200,-65,-200,-200,-200,-200,-200,-200,-200,-200,-200,-200,-200
K04,10-10-2016 11:01:54,-200,-61,-200,-200,-200,-200,-200,-200,-200,-200,-200,-200,-200
K04,10-10-2016 11:01:56,-200,-66,-200,-200,-200,-200,-200,-200,-200,-200,-200,-200,-200
K04,10-10-2016 11:01:58,-200,-64,-200,-200,-200,-200,-200,-200,-200,-200,-200,-200,-200
K04,10-10-2016 11:02:00,-200,-65,-200,-200,-200,-200,-200,-200,-200,-200,-200,-200,-200
K04,10-10-2016 11:02:02,-200,-66,-82,-200,-200,-81,-200,-200,-200,-200,-200,-200,-200
L04,10-10-2016 11:02:04,-200,-200,-86,-200,-200,-200,-200,-200,-200,-200,-200,-200,-200
L04,10-10-2016 11:02:06,-200,-69,-200,-200,-200,-80,-200,-200,-200,-200,-200,-200,-200
L04,10-10-2016 11:02:08,-200,-65,-200,-200,-200,-200,-200,-200,-200,-200,-200,-200,-200
L04,10-10-2016 11:02:10,-200,-65,-200,-200,-200,-200,-200,-200,-200,-200,-200,-200,-200
L04,10-10-2016 11:02:12,-200,-65,-200,-200,-200,-200,-200,-200,-200,-200,-200,-200,-200
L04,10-10-2016 11:02:14,-200,-63,-200,-200,-200,-200,-200,-200,-200,-200,-200,-200,-200
L04,10-10-2016 11:02:16,-200,-70,-79,-200,-200,-200,-200,-200,-200,-200,-200,-200,-200
L04,10-10-2016 11:02:18,-200,-71,-81,-200,-200,-200,-200,-200,-200,-200,-200,-200,-200
M04,10-10-2016 11:02:20,-200,-71,-80,-200,-200,-200,-200,-200,-200,-200,-200,-200,-200
M04,10-10-2016 11:02:22,-200,-72,-200,-200,-200,-200,-200,-200,-200,-200,-200,-200,-200
M04,10-10-2016 11:02:24,-200,-74,-200,-200,-200,-200,-200,-200,-200,-200,-200,-200,-200
M04,10-10-2016 11:02:26,-200,-72,-200,-200,-200,-200,-200,-200,-200,-200,-200,-200,-200
M04,10-10-2016 11:02:28,-200,-80,-79,-200,-200,-200,-200,-200,-200,-200,-200,-200,-200
M04,10-10-2016 11:02:30,-200,-200,-79,-200,-200,-200,-200,-200,-200,-200,-200,-200,-200
M04,10-10-2016 11:02:32,-200,-200,-76,-200,-200,-200,-200,-200,-200,-200,-200,-200,-200
M04,10-10-2016 11:02:34,-200,-200,-75,-200,-200,-200,-200,-200,-200,-200,-200,-200,-200
M04,10-10-2016 11:02:36,-200,-74,-200,-200,-200,-200,-200,-200,-200,-200,-200,-200,-200
N04,10-10-2016 11:02:38,-200,-74,-72,-200,-200,-200,-200,-200,-200,-200,-200,-200,-200
N04,10-10-2016 11:02:40,-200,-75,-69,-200,-200,-200,-200,-200,-200,-200,-200,-200,-200
N04,10-10-2016 11:02:42,-200,-77,-200,-200,-200,-200,-200,-200,-200,-200,-200,-200,-200
N04,10-10-2016 11:02:44,-200,-80,-61,-200,-200,-78,-200,-200,-200,-200,-200,-200,-200
N04,10-10-2016 11:02:46,-200,-80,-61,-200,-200,-200,-200,-200,-200,-200,-200,-200,-200
O04,10-10-2016 11:02:48,-200,-76,-61,-200,-200,-200,-200,-200,-200,-200,-200,-200,-200
O04,10-10-2016 11:02:50,-200,-76,-64,-200,-200,-76,-200,-200,-200,-200,-200,-200,-200
O04,10-10-2016 11:02:52,-200,-72,-57,-200,-200,-75,-200,-200,-200,-200,-200,-200,-200
O04,10-10-2016 11:02:54,-200,-76,-63,-200,-200,-80,-200,-200,-200,-200,-200,-200,-200
O04,10-10-2016 11:02:56,-200,-80,-62,-200,-200,-82,-200,-200,-200,-200,-200,-200,-200
O04,10-10-2016 11:02:58,-200,-76,-67,-200,-200,-77,-200,-200,-200,-200,-200,-200,-200
O04,10-10-2016 11:03:00,-200,-200,-75,-200,-200,-200,-200,-200,-200,-200,-200,-200,-200
O04,10-10-2016 11:03:02,-200,-200,-70,-200,-200,-200,-200,-200,-200,-200,-200,-200,-200
O04,10-10-2016 11:03:04,-200,-79,-76,-200,-200,-200,-200,-200,-200,-200,-200,-200,-200
O04,10-10-2016 11:03:06,-200,-76,-72,-200,-200,-200,-200,-200,-200,-200,-200,-200,-200
O04,10-10-2016 11:03:08,-200,-77,-64,-200,-200,-200,-200,-200,-200,-200,-200,-200,-200
O04,10-10-2016 11:03:10,-200,-200,-67,-200,-200,-200,-200,-200,-200,-200,-200,-200,-200
P04,10-10-2016 11:03:12,-200,-79,-82,-200,-200,-200,-200,-200,-200,-200,-200,-200,-200
P04,10-10-2016 11:03:14,-200,-200,-72,-200,-200,-200,-200,-200,-200,-200,-200,-200,-200
P04,10-10-2016 11:03:16,-200,-80,-77,-200,-200,-200,-200,-200,-200,-200,-200,-200,-200
P04,10-10-2016 11:03:18,-200,-79,-76,-200,-200,-200,-200,-200,-200,-200,-200,-200,-200
Q04,10-10-2016 11:03:20,-200,-78,-73,-200,-200,-200,-80,-200,-200,-200,-200,-200,-200
Q04,10-10-2016 11:03:22,-200,-200,-75,-200,-200,-200,-80,-200,-200,-200,-200,-200,-200
Q04,10-10-2016 11:03:24,-200,-78,-75,-200,-200,-200,-200,-200,-200,-200,-200,-200,-200
Q04,10-10-2016 11:03:26,-200,-200,-76,-200,-200,-200,-200,-200,-200,-200,-200,-200,-200
Q04,10-10-2016 11:03:28,-200,-78,-200,-81,-200,-200,-200,-200,-200,-200,-200,-200,-200
Q04,10-10-2016 11:03:30,-200,-200,-76,-80,-200,-200,-200,-200,-200,-200,-200,-200,-200
Q04,10-10-2016 11:03:32,-200,-200,-75,-79,-200,-200,-200,-200,-200,-200,-200,-200,-200
Q04,10-10-2016 11:03:34,-200,-200,-78,-200,-200,-200,-200,-200,-200,-200,-200,-200,-200
R04,10-10-2016 11:03:37,-200,-200,-200,-69,-200,-200,-200,-200,-200,-200,-200,-200,-200
R04,10-10-2016 11:03:39,-200,-200,-76,-77,-200,-200,-200,-200,-200,-200,-200,-200,-200
R04,10-10-2016 11:03:41,-200,-200,-200,-72,-200,-200,-200,-200,-200,-200,-200,-200,-200
R04,10-10-2016 11:03:43,-200,-200,-80,-69,-200,-200,-200,-200,-200,-200,-200,-200,-200
R04,10-10-2016 11:03:45,-200,-200,-81,-72,-200,-200,-200,-200,-200,-200,-200,-200,-200
S04,10-10-2016 11:03:47,-200,-200,-200,-61,-200,-200,-200,-200,-200,-200,-200,-200,-200
S04,10-10-2016 11:03:49,-200,-200,-200,-64,-200,-200,-200,-200,-200,-200,-200,-200,-200
S04,10-10-2016 11:03:51,-200,-200,-80,-66,-200,-200,-200,-200,-200,-200,-200,-200,-200
S04,10-10-2016 11:03:53,-200,-200,-81,-62,-200,-200,-200,-200,-200,-200,-200,-200,-200
S04,10-10-2016 11:03:55,-200,-200,-200,-59,-200,-200,-200,-200,-200,-200,-200,-200,-200
S04,10-10-2016 11:03:57,-200,-200,-200,-61,-200,-200,-200,-200,-200,-200,-200,-200,-200
T04,10-10-2016 11:03:59,-200,-200,-200,-69,-200,-200,-200,-200,-200,-200,-200,-200,-200
T04,10-10-2016 11:04:01,-200,-200,-200,-69,-200,-200,-200,-200,-200,-200,-200,-200,-200
T04,10-10-2016 11:04:03,-200,-200,-200,-67,-200,-200,-200,-200,-200,-200,-200,-200,-200
T04,10-10-2016 11:04:05,-200,-200,-200,-67,-200,-200,-200,-200,-200,-200,-200,-200,-200
T04,10-10-2016 11:04:07,-200,-200,-200,-68,-200,-200,-200,-200,-200,-200,-200,-200,-200
T04,10-10-2016 11:04:09,-200,-200,-200,-70,-200,-200,-200,-200,-200,-200,-200,-200,-200
U04,10-10-2016 11:04:11,-200,-200,-200,-72,-200,-200,-200,-200,-200,-200,-200,-200,-200
U04,10-10-2016 11:04:13,-200,-200,-200,-70,-200,-200,-200,-200,-200,-200,-200,-200,-200
U04,10-10-2016 11:04:15,-200,-200,-200,-71,-200,-200,-200,-200,-200,-200,-200,-200,-200
U03,10-10-2016 11:04:17,-200,-200,-200,-80,-200,-200,-200,-200,-200,-200,-200,-200,-200
U03,10-10-2016 11:04:19,-200,-200,-200,-78,-200,-200,-200,-200,-200,-200,-200,-200,-200
U03,10-10-2016 11:04:21,-200,-200,-200,-74,-200,-200,-200,-200,-200,-200,-200,-200,-200
U03,10-10-2016 11:04:23,-200,-200,-200,-72,-200,-200,-200,-200,-200,-200,-200,-200,-200
U03,10-10-2016 11:04:25,-200,-200,-200,-71,-200,-200,-200,-200,-200,-200,-200,-200,-200
U03,10-10-2016 11:04:27,-200,-200,-200,-70,-200,-200,-200,-200,-200,-200,-200,-200,-200
U03,10-10-2016 11:04:29,-200,-200,-200,-77,-200,-200,-200,-200,-200,-200,-200,-200,-200
T03,10-10-2016 11:04:31,-200,-200,-200,-73,-200,-200,-200,-200,-200,-200,-200,-200,-200
T03,10-10-2016 11:04:33,-200,-200,-200,-77,-200,-200,-200,-200,-200,-200,-200,-200,-200
T03,10-10-2016 11:04:35,-200,-200,-200,-78,-200,-200,-200,-200,-200,-200,-200,-200,-200
S03,10-10-2016 11:04:37,-200,-200,-200,-70,-200,-200,-200,-200,-200,-200,-200,-200,-200
R03,10-10-2016 11:04:39,-200,-200,-200,-72,-200,-200,-200,-200,-200,-200,-200,-200,-200
R03,10-10-2016 11:04:41,-200,-200,-200,-71,-200,-200,-200,-200,-200,-200,-200,-200,-200
R03,10-10-2016 11:04:43,-200,-200,-200,-78,-200,-200,-200,-200,-200,-200,-200,-200,-200
R03,10-10-2016 11:04:45,-200,-200,-200,-76,-200,-200,-200,-200,-200,-200,-200,-200,-200
R03,10-10-2016 11:04:47,-200,-200,-200,-76,-200,-200,-200,-200,-200,-200,-200,-200,-200
R03,10-10-2016 11:04:49,-200,-200,-200,-77,-200,-200,-200,-200,-200,-200,-200,-200,-200
Q03,10-10-2016 11:04:51,-200,-200,-200,-74,-200,-200,-200,-200,-200,-200,-200,-200,-200
Q03,10-10-2016 11:04:53,-200,-200,-200,-73,-200,-200,-200,-200,-200,-200,-200,-200,-200
Q03,10-10-2016 11:04:55,-200,-200,-200,-75,-200,-200,-200,-200,-200,-200,-200,-200,-200
Q03,10-10-2016 11:04:57,-200,-200,-200,-76,-200,-200,-200,-200,-200,-200,-200,-200,-200
Q03,10-10-2016 11:04:59,-200,-200,-79,-77,-200,-200,-200,-200,-200,-200,-200,-200,-200
Q03,10-10-2016 11:05:01,-200,-200,-200,-75,-200,-200,-200,-200,-200,-200,-200,-200,-200
Q03,10-10-2016 11:05:03,-200,-200,-82,-82,-200,-200,-200,-200,-200,-200,-200,-200,-200
Q03,10-10-2016 11:05:05,-200,-200,-200,-76,-200,-200,-200,-200,-200,-200,-200,-200,-200
Q03,10-10-2016 11:05:07,-200,-200,-200,-77,-200,-200,-200,-200,-200,-200,-200,-200,-200
P03,10-10-2016 11:05:09,-200,-200,-200,-75,-200,-200,-200,-200,-200,-200,-200,-200,-200
P03,10-10-2016 11:05:11,-200,-200,-200,-76,-200,-200,-200,-200,-200,-200,-200,-200,-200
P03,10-10-2016 11:05:13,-200,-200,-82,-81,-200,-200,-200,-200,-200,-200,-200,-200,-200
P03,10-10-2016 11:05:15,-200,-200,-83,-200,-200,-200,-200,-200,-200,-200,-200,-200,-200
P03,10-10-2016 11:05:17,-200,-200,-80,-74,-200,-200,-200,-200,-200,-200,-200,-200,-200
P03,10-10-2016 11:05:19,-200,-200,-82,-73,-200,-200,-200,-200,-200,-200,-200,-200,-200
O03,10-10-2016 11:05:21,-200,-200,-78,-79,-200,-200,-200,-200,-200,-200,-200,-200,-200
O03,10-10-2016 11:05:23,-200,-200,-200,-77,-200,-200,-200,-200,-200,-200,-200,-200,-200
O03,10-10-2016 11:05:25,-200,-200,-76,-200,-200,-70,-200,-200,-200,-200,-200,-200,-200
N03,10-10-2016 11:05:27,-200,-200,-81,-200,-200,-76,-200,-200,-200,-200,-200,-200,-200
N03,10-10-2016 11:05:29,-200,-200,-71,-200,-200,-76,-200,-200,-200,-200,-200,-200,-200
N03,10-10-2016 11:05:31,-200,-200,-69,-200,-200,-75,-200,-200,-200,-200,-200,-200,-200
N03,10-10-2016 11:05:33,-200,-200,-75,-82,-200,-74,-200,-200,-200,-200,-200,-200,-200
N03,10-10-2016 11:05:35,-200,-200,-72,-200,-82,-75,-200,-200,-200,-200,-200,-200,-200
N03,10-10-2016 11:05:37,-200,-200,-70,-200,-81,-77,-200,-200,-200,-200,-200,-200,-200
M03,10-10-2016 11:05:39,-200,-200,-74,-200,-200,-72,-200,-200,-200,-200,-200,-200,-200
M03,10-10-2016 11:05:41,-200,-200,-70,-200,-200,-72,-200,-200,-200,-200,-200,-200,-200
M03,10-10-2016 11:05:43,-200,-200,-64,-200,-200,-71,-200,-200,-200,-200,-200,-200,-200
M03,10-10-2016 11:05:45,-200,-200,-64,-200,-200,-71,-200,-200,-200,-200,-200,-200,-200
M03,10-10-2016 11:05:47,-200,-200,-66,-200,-80,-75,-200,-200,-200,-200,-200,-200,-200
M03,10-10-2016 11:05:49,-200,-200,-65,-200,-200,-77,-200,-200,-200,-200,-200,-200,-200
L03,10-10-2016 11:05:51,-200,-78,-75,-200,-200,-200,-200,-200,-200,-200,-200,-200,-200
L03,10-10-2016 11:05:53,-200,-75,-75,-200,-81,-200,-200,-200,-200,-200,-200,-200,-200
L03,10-10-2016 11:05:55,-200,-77,-80,-200,-200,-200,-200,-200,-200,-200,-200,-200,-200
L03,10-10-2016 11:05:57,-200,-77,-200,-200,-200,-200,-200,-200,-200,-200,-200,-200,-200
L03,10-10-2016 11:05:59,-200,-76,-79,-200,-200,-200,-200,-200,-200,-200,-200,-200,-200
L03,10-10-2016 11:06:01,-200,-76,-78,-200,-200,-200,-200,-200,-200,-200,-200,-200,-200
K03,10-10-2016 11:06:03,-200,-77,-200,-200,-200,-200,-200,-200,-200,-200,-200,-200,-200
K03,10-10-2016 11:06:05,-200,-75,-77,-200,-200,-200,-200,-200,-200,-200,-200,-200,-200
K03,10-10-2016 11:06:07,-200,-200,-82,-200,-200,-77,-200,-200,-200,-200,-200,-200,-200
K03,10-10-2016 11:06:09,-200,-72,-82,-200,-200,-200,-200,-200,-200,-200,-200,-200,-200
K03,10-10-2016 11:06:11,-200,-200,-79,-200,-200,-200,-200,-200,-200,-200,-200,-200,-200
K03,10-10-2016 11:06:13,-200,-72,-200,-200,-200,-200,-200,-200,-200,-200,-200,-200,-200
K03,10-10-2016 11:06:15,-200,-200,-83,-200,-200,-200,-200,-200,-200,-200,-200,-200,-200
K03,10-10-2016 11:06:17,-200,-80,-200,-200,-200,-200,-200,-200,-200,-200,-200,-200,-200
J03,10-10-2016 11:06:19,-200,-63,-76,-200,-200,-200,-200,-200,-200,-200,-200,-200,-200
J03,10-10-2016 11:06:21,-200,-63,-81,-200,-200,-200,-200,-200,-200,-200,-200,-200,-200
J03,10-10-2016 11:06:23,-200,-62,-200,-200,-200,-200,-200,-200,-200,-200,-200,-200,-200
J03,10-10-2016 11:06:25,-200,-64,-200,-200,-200,-200,-200,-200,-200,-200,-200,-200,-200
J03,10-10-2016 11:06:27,-200,-63,-200,-200,-200,-200,-200,-200,-200,-200,-200,-200,-200
U02,10-10-2016 11:13:49,-200,-200,-200,-77,-200,-200,-200,-200,-200,-200,-200,-200,-200
U01,10-10-2016 11:13:51,-200,-200,-200,-79,-200,-200,-200,-200,-200,-200,-200,-200,-200
U01,10-10-2016 11:13:53,-200,-200,-200,-81,-200,-200,-200,-200,-200,-200,-200,-200,-200
U01,10-10-2016 11:13:55,-200,-200,-88,-81,-200,-200,-200,-200,-200,-200,-200,-200,-200
U01,10-10-2016 11:13:57,-200,-200,-200,-80,-200,-200,-200,-200,-200,-200,-200,-200,-200
U02,10-10-2016 11:13:59,-200,-86,-200,-200,-200,-200,-200,-200,-200,-200,-200,-200,-200
T01,10-10-2016 11:14:01,-200,-200,-200,-80,-200,-200,-200,-200,-200,-200,-200,-200,-200
T01,10-10-2016 11:14:03,-200,-200,-200,-79,-200,-200,-200,-200,-200,-200,-200,-200,-200
S02,10-10-2016 11:14:05,-200,-200,-200,-78,-200,-200,-200,-200,-200,-200,-200,-200,-200
S02,10-10-2016 11:14:07,-200,-200,-200,-74,-200,-200,-200,-200,-200,-200,-200,-200,-200
S02,10-10-2016 11:14:09,-200,-200,-200,-75,-200,-200,-200,-200,-200,-200,-200,-200,-200
S02,10-10-2016 11:14:11,-200,-200,-200,-76,-200,-200,-200,-200,-200,-200,-200,-200,-200
S02,10-10-2016 11:14:13,-200,-200,-200,-71,-200,-200,-200,-200,-200,-200,-200,-200,-200
S02,10-10-2016 11:14:15,-200,-200,-200,-74,-200,-200,-200,-200,-200,-200,-200,-200,-200
S02,10-10-2016 11:14:17,-200,-200,-200,-72,-200,-200,-200,-200,-200,-200,-200,-200,-200
S01,10-10-2016 11:14:19,-200,-200,-200,-79,-200,-200,-200,-200,-200,-200,-200,-200,-200
S01,10-10-2016 11:14:21,-200,-200,-200,-78,-200,-200,-200,-200,-200,-200,-200,-200,-200
S01,10-10-2016 11:14:23,-200,-200,-200,-77,-200,-200,-200,-200,-200,-200,-200,-200,-200
S01,10-10-2016 11:14:25,-200,-200,-200,-78,-200,-200,-200,-200,-200,-200,-200,-200,-200
S01,10-10-2016 11:14:27,-200,-200,-200,-78,-200,-200,-200,-200,-200,-200,-200,-200,-200
S01,10-10-2016 11:14:29,-200,-200,-200,-74,-200,-200,-200,-200,-200,-200,-200,-200,-200
S01,10-10-2016 11:14:31,-200,-200,-200,-73,-200,-200,-200,-200,-200,-200,-200,-200,-200
S01,10-10-2016 11:14:33,-200,-200,-200,-76,-200,-200,-200,-200,-200,-200,-200,-200,-200
S01,10-10-2016 11:14:35,-200,-200,-200,-76,-200,-200,-200,-200,-200,-200,-200,-200,-200
S01,10-10-2016 11:14:37,-200,-200,-200,-74,-200,-200,-200,-200,-200,-200,-200,-200,-200
R02,10-10-2016 11:14:39,-200,-200,-200,-69,-200,-200,-200,-200,-200,-200,-200,-200,-200
R02,10-10-2016 11:14:41,-200,-200,-200,-70,-200,-200,-200,-200,-200,-200,-200,-200,-200
R02,10-10-2016 11:14:43,-200,-200,-200,-78,-200,-200,-200,-200,-200,-200,-200,-200,-200
R02,10-10-2016 11:14:45,-200,-200,-200,-72,-200,-200,-200,-200,-200,-200,-200,-200,-200
R02,10-10-2016 11:14:47,-200,-200,-200,-76,-200,-200,-200,-200,-200,-200,-200,-200,-200
R02,10-10-2016 11:14:49,-200,-200,-200,-74,-200,-200,-200,-200,-200,-200,-200,-200,-200
R02,10-10-2016 11:14:51,-200,-200,-200,-78,-200,-200,-200,-200,-200,-200,-200,-200,-200
R02,10-10-2016 11:14:53,-200,-200,-200,-76,-200,-200,-200,-200,-200,-200,-200,-200,-200
R02,10-10-2016 11:14:55,-200,-200,-200,-78,-200,-200,-200,-200,-200,-200,-200,-200,-200
R01,10-10-2016 11:14:57,-200,-200,-200,-78,-200,-200,-200,-200,-200,-200,-200,-200,-200
R01,10-10-2016 11:14:59,-200,-200,-200,-78,-200,-200,-200,-200,-200,-200,-200,-200,-200
R01,10-10-2016 11:15:01,-200,-200,-200,-80,-200,-200,-200,-200,-200,-200,-200,-200,-200
R01,10-10-2016 11:15:03,-200,-200,-200,-75,-200,-200,-200,-200,-200,-200,-200,-200,-200
R01,10-10-2016 11:15:05,-200,-200,-200,-75,-200,-200,-200,-200,-200,-200,-200,-200,-200
P02,10-10-2016 11:15:07,-200,-200,-86,-200,-200,-200,-200,-200,-200,-200,-200,-200,-200
P01,10-10-2016 11:15:09,-200,-200,-80,-200,-200,-77,-200,-200,-200,-200,-200,-200,-200
P01,10-10-2016 11:15:11,-200,-200,-82,-200,-200,-200,-200,-200,-200,-200,-200,-200,-200
P01,10-10-2016 11:15:13,-200,-200,-200,-200,-200,-77,-200,-200,-200,-200,-200,-200,-200
P01,10-10-2016 11:15:15,-200,-200,-200,-200,-200,-77,-200,-200,-200,-200,-200,-200,-200
P01,10-10-2016 11:15:17,-200,-200,-200,-200,-200,-77,-200,-200,-200,-200,-200,-200,-200
P01,10-10-2016 11:15:19,-200,-200,-200,-200,-200,-78,-200,-200,-200,-200,-200,-200,-200
O02,10-10-2016 11:15:21,-200,-200,-200,-200,-200,-78,-200,-200,-200,-200,-200,-200,-200
